Start date,End date,Event,Type,Category,Town,Venue,~km from Setúbal,Free / Paid,Price (€),Description,Frequency,Source,Added on,Image
2026-07-25,2027-01-10,LEGO® Exhibition at Cordoaria Nacional,Exhibition,Art exhibit,Lisbon,Cordoaria Nacional,45,Paid,,"""Exposição LEGO® na Cordoaria Nacional"" runs from July 25 through January 10, offering families an extended opportunity to explore brick-based creativity in a central Lisbon cultural venue.",Run,https://aondevamos.pt/este-mes/,2026-09-08,
2026-09-01,2026-09-29,Lace-Making Workshop (Oficina de Rendas),Workshop,Workshop,Sesimbra,Coastal Cultural Centre,25,Free,0,"This lace art appreciation workshop runs from September 1-29 at Centro Cultural Costeiro in Sesimbra, offering hands-on instruction in traditional lace-making techniques.",Series,https://www.sesimbra.pt/geral/agenda-online,2026-09-08,https://www.sesimbra.pt/imgcrop/cmsesimbra/uploads/event/image/8735/rendas__2__1_600_849.jpg
2026-09-04,2026-09-28,Interstice — Sofia Benevenuto (painting),Exhibition,Art exhibit,Azeitão,Azeitão Library,12,Free,0,Painting exhibition on a universe in constant transformation,Exhibition run,https://www.mun-setubal.pt/guia-de-eventos/,2026-09-08,
2026-09-08,2026-12-31,"Casa da Cerca autumn exhibitions (Proganó, Calçada Bastos, Massul, Gentil, Morais)",Exhibition,Art exhibit,Almada,Casa da Cerca — Centro de Arte Contemporânea,35,Free,0,Five contemporary shows plus the botanical-garden 'From the Garden' pigments display,Run,https://www.cm-almada.pt/casa-da-cerca-centro-de-arte-contemporanea,2026-09-08,
2026-09-08,2026-09-20,Easy Sunday Afternoons,Social,Community,Cascais,Arde,60,Unknown,,Sunday afternoon sessions,Weekly (Sundays),https://www.visitcascais.com/en/events,2026-09-08,
2026-09-08,2026-09-26,CineCapitólio Rooftop Cinema,Cinema,Cinema,Lisbon,Capitólio rooftop,45,Paid,,"""Cinecapitólio Rooftop"" operates from July 23 through September 26, providing outdoor film screenings in an elevated setting with city views.",Seasonal,https://aondevamos.pt/este-mes/,2026-09-08,
2026-09-08,2026-10-08,Claquete — Javier Bardem Film Cycle,Cinema,Cinema,Lisbon,Av. da Liberdade,45,Free,0,"This sixth-edition cinema cycle celebrates the Spanish actor with six films screening Thursdays at 18:30 from September 3 to October 8 at atmosfera m, with free entry requiring prior registration.",Annual,https://www.timeout.pt/lisboa/pt/coisas-para-fazer/coisas-para-fazer-em-lisboa-este-mes,2026-09-08,
2026-09-08,2026-09-27,Feira da Luz Traditional Fair,Fair,Festival,Lisbon,Carnide,45,Free,,"Running through September 27, this popular fair fills Largo da Luz with merchandise stalls, rides and food stands including grilled classics and churros, with major Portuguese music performances on weekend evenings at 21:30.",Annual,https://www.timeout.pt/lisboa/pt/coisas-para-fazer/coisas-para-fazer-em-lisboa-este-mes,2026-09-08,
2026-09-08,2026-10-04,Festas na Rua (Street Festivities),Programme,Community,Lisbon,,45,Mixed,,"Classical performances, outdoor cinema, artist presentations",Annual,https://www.timeout.pt/lisboa/pt/coisas-para-fazer/coisas-para-fazer-em-lisboa-este-mes,2026-09-08,
2026-09-08,2026-11-01,Frida Orupabo: Cloud of Confusion,Exhibition,Art exhibit,Lisbon,"MAC/CCB, Belém",45,Paid,,"This exhibition remains on view through November 1 at the Museu de Arte Contemporânea of the Centro Cultural de Belém, overlapping with another major exhibition for a single-visit double bill.",Run,https://www.lyxplanet.com/lisbon-art-exhibitions-fall-2026/,2026-09-08,
2026-09-08,2026-09-13,MOTELx — Lisbon Horror Film Festival,Film festival,Festival,Lisbon,"São Jorge Cinema, Av. da Liberdade",45,Paid,,"20th anniversary edition, 170+ films",Annual,https://www.visitlisboablog.pt/2026/08/eventos-concertos-lisboa-setembro-2026.html,2026-09-08,
2026-09-08,2026-09-30,Poster Mostra (open-air poster show),Exhibition,Art exhibit,Lisbon,Marvila (open air),45,Free,0,"This eleventh edition transforms Marvila into an open-air gallery through September 30, displaying 40 large-format poster works across photography, painting and illustration by prize-winners and invited creatives.",Annual,https://www.timeout.pt/lisboa/pt/coisas-para-fazer/coisas-para-fazer-em-lisboa-este-mes,2026-09-08,
2026-09-08,2027-09-20,Scheherazade — CAM's Endless Collection (Xerazade),Exhibition,Art exhibit,Lisbon,CAM Gulbenkian,45,Paid,,Rotating presentation of the modern art collection,Run,https://gulbenkian.pt/agenda/,2026-09-08,
2026-09-08,2026-09-30,Visitable Storage (Reservas Visitáveis),Exhibition,Art exhibit,Lisbon,Gulbenkian,45,Paid,,Behind-the-scenes access to the collection stores — last weeks,Run,https://gulbenkian.pt/agenda/,2026-09-08,
2026-09-08,2026-09-20,Somersby Out Jazz,Concert series,Local concert,Oeiras,Oeiras public gardens,50,Free,0,"Celebrating two decades, this free outdoor concert series returns to Oeiras parks and gardens, with September performances at the Marquês de Pombal Palace Gardens.",Annual (weekends),https://www.timeout.pt/lisboa/pt/coisas-para-fazer/coisas-para-fazer-em-lisboa-este-mes,2026-09-08,
2026-09-08,2026-09-20,Solar Ferris Wheel (Roda Gigante),Attraction,Family,Setúbal,Fishermen's Dock (Doca dos Pescadores),0,Paid,6,Solar-powered giant Ferris wheel over the harbour,Limited run,https://www.mun-setubal.pt/guia-de-eventos/,2026-09-08,
2026-09-09,2026-09-09,Classic Cinema IV: 'Sab Kuch Milega — Anything Is Possible',Cinema,Cinema,Cantanhede,Centro Paroquial de S. Pedro,230,Unknown,,"Classic film screening, 21:00",Series,https://www.viralagenda.com/pt/coimbra,2026-09-09,
2026-09-09,2026-09-09,Culture Is a Political Act (Cultura é um ato político),Talk,Heritage & talks,Coimbra,Coimbra city,210,Unknown,,"Debate on cultural policy, 14:30",One-off,https://www.viralagenda.com/pt/coimbra,2026-09-09,
2026-09-09,2026-09-09,Cyanotype Workshop (Oficina de Cianotipia),Workshop,Workshop,Coimbra,Centro Cultural Penedo da Saudade,210,Unknown,,"Cyanotype printing workshop, 10:00",One-off,https://www.viralagenda.com/pt/coimbra,2026-09-09,
2026-09-09,2026-09-09,Baubo (DANCE DANCE DANCE festival),Dance,Theatre & performance,Faro,Teatro das Figuras,260,Paid,,Contemporary dance piece opening the DANCE DANCE DANCE festival,Festival programme,https://teatrodasfiguras.pt/agenda/baubo-ddd,2026-09-09,
2026-09-09,2026-09-09,Frontier of Fear: collective listening & talk (Fronteira do Medo: escuta coletiva & conversa),Talk,Heritage & talks,Faro,Sociedade Recreativa Artística Farense — SRAF Os Artistas,250,Unknown,,Listening session and discussion at the Farense artists’ society,One-off,https://www.viralagenda.com/pt/faro,2026-09-09,
2026-09-09,2026-10-31,Ai Weiwei — Guest Artist (Ai Weiwei — Artista Convidado),Exhibition,Art exhibit,Guimarães,Contextile — Bienal de Arte Têxtil Contemporânea,370,Unknown,,Ai Weiwei as invited artist of the Contextile biennial,Biennial,https://www.nocartaz.pt/concelhos/guimaraes/,2026-09-09,
2026-09-09,2026-10-31,Contextile — International Exhibition (Contextile — Exposição Internacional),Exhibition,Art exhibit,Guimarães,Contextile — Bienal de Arte Têxtil Contemporânea,370,Unknown,,The contemporary textile art biennial across venues in the old town,Biennial,https://www.nocartaz.pt/concelhos/guimaraes/,2026-09-09,
2026-09-09,2026-09-13,Picadeiro Fest (free concerts),Music festival,Festival,Lisbon,Chiado theatres,45,Free,0,Eight free concerts across genres,Annual,https://www.timeout.pt/lisboa/pt/coisas-para-fazer/coisas-para-fazer-em-lisboa-este-mes,2026-09-08,
2026-09-09,2026-09-09,Fado at Casa da Guitarra (Fado na Casa da Guitarra),Concert,Local concert,Porto,Casa da Guitarra,290,Paid,from 20,"Fado in the intimate room of a Porto guitar house, 18:00",Recurring,https://www.nocartaz.pt/concelhos/porto/,2026-09-09,
2026-09-09,2026-09-09,Noite Escura (Dark Night),Performance,Theatre & performance,Porto,Fundação de Serralves,290,Unknown,,"Evening programme at Serralves, 17:00",One-off,https://www.nocartaz.pt/concelhos/porto/,2026-09-09,
2026-09-09,2026-09-09,The Galicia of José Afonso (A Galiza de José Afonso),Talk,Heritage & talks,Porto,Fundação Eng. António de Almeida,290,Unknown,,"Session on José Afonso and Galicia, 17:00",One-off,https://www.nocartaz.pt/concelhos/porto/,2026-09-09,
2026-09-09,2026-09-09,Library Writing Club (Clube de Escrita da Biblioteca),Workshop,Workshop,Quarteira,Biblioteca Municipal de Loulé — Polo de Quarteira,245,Free,0,Weekly writing group,Recurring,https://www.viralagenda.com/pt/faro,2026-09-09,
2026-09-09,2026-10-16,World Tourism Day Celebrations,Programme,Community,Sesimbra,,25,Free,0,"The municipality hosts observances from September 9 through October 16, featuring various activities across multiple venues to celebrate global tourism.",Annual,https://www.sesimbra.pt/geral/agenda-online,2026-09-08,https://www.sesimbra.pt/imgcrop/cmsesimbra/uploads/event/image/8710/500x700__12__1_600_849.jpg
2026-09-09,2026-09-27,Classic Cinema Cycle: 'Cops and Robbers',Cinema,Cinema,Setúbal,Fórum Municipal Luísa Todi,0,Free,0,Classic film series from Monicelli's 1951 comedy to modern heist movies,Series,https://www.mun-setubal.pt/guia-de-eventos/,2026-09-08,
2026-09-09,2026-09-09,Poetry in Good Dog Company (Poesia em Boa Cãopanhia),Reading,Family,Tavira,Tavira Municipal Library Álvaro de Campos,295,Free,0,"Reading session with therapy dogs, 14:30",One-off,https://www.viralagenda.com/pt/faro,2026-09-09,
2026-09-09,2026-11-30,Egyptian Treasures,Exhibition,Art exhibit,Vila Nova de Gaia,WOW — World of Wine,280,Paid,,Egyptian antiquities at the WOW cultural district above the Douro,One-off,https://www.nocartaz.pt/concelhos/vila-nova-de-gaia/,2026-09-09,
2026-09-09,2026-09-09,Fibrja,Concert,Local concert,Évora,Artes à Rua — Festival de Artes Performativas em Espaço Público,100,Free,0,Street-festival set in the walled town,One-off,https://www.nocartaz.pt/concelhos/evora/,2026-09-09,
2026-09-09,2026-09-09,INTERREGNO,Performance,Theatre & performance,Évora,Salão Central Eborense,100,Unknown,,Performance at the Salão Central Eborense,One-off,https://www.nocartaz.pt/concelhos/evora/,2026-09-09,
2026-09-09,2026-09-09,"Let’s Reuse Shirts (Ciclo de workshops ""Vamos reutilizar camisas"")",Workshop,Workshop,Évora,Salão Central Eborense,100,Unknown,,Mending and remaking shirts,Recurring,https://www.nocartaz.pt/concelhos/evora/,2026-09-09,
2026-09-09,2026-09-09,Shall We Paint Another Story? (Vamos Pintar Outra História?),Workshop,Family,Évora,Salão Central Eborense,100,Unknown,,Painting workshop for children,Recurring,https://www.nocartaz.pt/concelhos/evora/,2026-09-09,
2026-09-09,2026-09-09,Temporary Market ROSSIO (Mercado Temporário ROSSIO),Market,Market,Évora,Teatro Garcia de Resende,100,Free,0,Pop-up market around the Garcia de Resende theatre,Recurring,https://www.nocartaz.pt/concelhos/evora/,2026-09-09,
2026-09-10,2026-09-10,Paranomásia (jazz),Concert,Local concert,Almada,Cine Incrível,35,Unknown,,"Jazz concert, 21:30",One-off,https://www.viralagenda.com/pt/setubal/almada,2026-09-08,
2026-09-10,2026-09-10,Gastronomy | Conversas d'Alguidar,Talk,Heritage & talks,Aveiro,Bienal de Cerâmica Artística de Aveiro,300,Unknown,,Food and clay talk in the ceramics biennial,Biennial,https://www.nocartaz.pt/concelhos/aveiro/,2026-09-09,
2026-09-10,2026-09-10,Thursdays with Knitting and Other Things (Quintas com tricot e outras coisas),Workshop,Workshop,Aveiro,Festas do Município de Aveiro,300,Free,0,Open knitting table during the town festival,Recurring,https://www.nocartaz.pt/concelhos/aveiro/,2026-09-09,
2026-09-10,2026-09-10,The Magic of Once Upon a Time — story hour (A magia do Era uma vez… – hora do conto),Storytelling,Family,Braga,Biblioteca Lúcio Craveiro da Silva,400,Free,0,Story hour for children in the municipal library,Recurring,https://www.nocartaz.pt/concelhos/braga/,2026-09-09,
2026-09-10,2026-09-10,43rd Praxis Stand-Up Night (Noite Stand Up Praxis),Comedy,Theatre & performance,Coimbra,Praxis Coimbra,210,Unknown,,"Stand-up comedy night, 21:30",Monthly,https://www.viralagenda.com/pt/coimbra,2026-09-09,
2026-09-10,2026-09-10,Concert of Justice (Concerto da Justiça),Concert,Local concert,Coimbra,Orquestra Clássica do Centro,200,Unknown,,Orchestral evening,One-off,https://www.nocartaz.pt/concelhos/coimbra/,2026-09-09,
2026-09-10,2026-09-10,Jessica Moss | Closing desCONCERTO (Jessica Moss | desCONCERTO de encerramento),Concert,Local concert,Coimbra,Teatro da Cerca de São Bernardo,200,Unknown,,Violin and loops in the garden theatre,One-off,https://www.nocartaz.pt/concelhos/coimbra/,2026-09-09,
2026-09-10,2026-09-10,Stamp-Making Workshop (Oficina de Carimbos),Workshop,Workshop,Coimbra,Centro Cultural Penedo da Saudade,210,Unknown,,"Hand-carved stamp workshop, 10:00",One-off,https://www.viralagenda.com/pt/coimbra,2026-09-09,
2026-09-10,2026-09-10,Cineclube Impala — Tarkovsky's 'The Mirror',Cinema,Cinema,Costa da Caparica (Almada),Costa da Caparica Auditorium,35,Unknown,,"Tarkovsky cycle screening, 20:30",Series,https://www.viralagenda.com/pt/setubal/almada,2026-09-08,
2026-09-10,2026-09-10,Reading Club — the summer books (Clube de Leitura — Discussão das leituras de verão),Book club,Community,Faro,Biblioteca Municipal de Faro — António Ramos Rosa,250,Free,0,What everyone read over the summer,Recurring,https://www.viralagenda.com/pt/faro,2026-09-09,
2026-09-10,2026-10-04,Come From Away (musical),Theatre,Theatre & performance,Lisbon,Cineteatro Capitólio,45,Paid,25–35,"Musical about the 7,000 passengers stranded in Gander after 9/11",Run,https://teatro.app/sala/gO0O,2026-09-08,
2026-09-10,2026-09-13,Festival Todos (Everyone Festival),Festival,Festival,Lisbon,Arroios,45,Free,0,"Circus, dance, cinema, music, performance in the neighbourhood (most events free)",Annual,https://www.timeout.pt/lisboa/pt/coisas-para-fazer/coisas-para-fazer-em-lisboa-este-mes,2026-09-08,
2026-09-10,2026-09-10,Acrylic Painting Classes — Beginners (Aulas de Pintura em Acrílico — Iniciação),Workshop,Workshop,Loulé,Centro de Artes e Ofícios Carlos Silva e Sousa,250,Unknown,,Beginners’ acrylic painting at the Loulé crafts centre,Recurring,https://www.viralagenda.com/pt/faro,2026-09-09,
2026-09-10,2026-09-10,Tones of the Serra da Lousã — Watercolours with Natural Pigments,Workshop,Workshop,Lousã,Cerdeira Village,230,Unknown,,"Watercolour workshop using foraged natural pigments, 10:00",One-off,https://www.viralagenda.com/pt/coimbra,2026-09-09,
2026-09-10,2026-09-10,Ana Garcia Martins — Insuficiente (Not Enough),Comedy,Theatre & performance,Porto,Teatro Sá da Bandeira,290,Unknown,,Solo show by the writer known as A Pipoca Mais Doce,One-off,https://www.nocartaz.pt/concelhos/porto/,2026-09-09,
2026-09-10,2026-09-10,Bruit ≤,Concert,Local concert,Porto,M.Ou.Co.,290,Unknown,,"French post-rock band, 20:30",One-off,https://www.nocartaz.pt/concelhos/porto/,2026-09-09,
2026-09-10,2026-09-10,CommedIA a La Carte 2026,Comedy,Theatre & performance,Porto,Teatro Sá da Bandeira,290,Unknown,,Comedy night,Annual,https://www.nocartaz.pt/concelhos/porto/,2026-09-09,
2026-09-10,2026-09-10,Diogo Andrade,Concert,Local concert,Porto,Casa da Música Café,290,Free,0,"Free café concert, 21:30",One-off,https://casadamusica.com/en/event/diogo-andrade/?selected_session=54920,2026-09-09,
2026-09-10,2026-09-10,Stone Dead,Concert,Local concert,Porto,Maus Hábitos,290,Unknown,,"Late gig at Maus Hábitos, 22:30",One-off,https://www.nocartaz.pt/concelhos/porto/,2026-09-09,
2026-09-10,2026-09-10,Hands-On for Lagoa Pequena (conservation day),Volunteering,Community,Sesimbra,Lagoa Pequena Interpretation Centre,22,Free,0,"Nature conservation action day, 10:00",Occasional,https://www.sesimbra.pt/geral/agenda-online,2026-09-08,https://www.sesimbra.pt/imgcrop/cmsesimbra/uploads/event/image/8742/avoadinha_1_600_849.jpeg
2026-09-10,2026-09-10,The Library Goes to the Beach! (A Biblioteca vai à Praia!),Family,Family,Tocha,Praia da Tocha,235,Free,0,"Beach reading and story activities for children, 15:00",Seasonal,https://www.viralagenda.com/pt/coimbra,2026-09-09,
2026-09-10,2026-09-10,Jonas with São Jorge Batido (Jonas com São Jorge Batido),Concert,Local concert,Évora,Artes à Rua — Festival de Artes Performativas em Espaço Público,100,Free,0,"Fado in a public square, closing the street-arts festival",One-off,https://www.nocartaz.pt/concelhos/evora/,2026-09-09,
2026-09-11,2026-09-13,73rd Alcoutim Festival (73.ª Festa de Alcoutim),Town festival,Festival,Alcoutim,Alcoutim town centre,310,Free,0,"Riverside Guadiana town festival with music, food and the municipality's own holiday programme",Annual,https://www.viralagenda.com/pt/faro,2026-09-09,
2026-09-11,2026-09-13,É Um Encontro (It's a Gathering) food festival,Food festival,Food festival,Amadora,,50,Free,0,Gastronomic festival of international cuisines and communities,Annual,https://www.timeout.pt/lisboa/pt/coisas-para-fazer/coisas-para-fazer-em-lisboa-este-mes,2026-09-08,
2026-09-11,2026-09-11,ASSOMBRAÇÕES (Hauntings),Theatre,Theatre & performance,Aveiro,O Convento,300,Unknown,,Staged at O Convento,One-off,https://www.nocartaz.pt/concelhos/aveiro/,2026-09-09,
2026-09-11,2026-09-12,Promised Valley Conference Center — Mickaël de Oliveira,Theatre,Theatre & performance,Aveiro,Teatro Aveirense,300,Unknown,,Two nights of Mickaël de Oliveira at the Teatro Aveirense,One-off,https://www.nocartaz.pt/concelhos/aveiro/,2026-09-09,
2026-09-11,2026-09-19,Sonica Ekrano 2026 (film & video festival),Film festival,Festival,Barreiro,Barreiro Municipal Theatre,30,Unknown,,Cinema and video festival,Annual,https://www.viralagenda.com/pt/setubal,2026-09-08,
2026-09-11,2026-09-11,DJ Workshop (Oficina de DJ),Workshop,Workshop,Coimbra,Centro Cultural Penedo da Saudade,210,Unknown,,"Introductory DJ workshop, 14:30",One-off,https://www.viralagenda.com/pt/coimbra,2026-09-09,
2026-09-11,2026-09-11,EPICENTRO — Coimbra-A Station night,Festival,Festival,Coimbra,Estação CP Coimbra-A,210,Unknown,,"Site-specific festival night in the railway station: 'Nada se Perde Tudo se Transforma' (19:00), 'ether sculptures' (22:00) and 'SEREIAS' (23:00)",Annual,https://www.viralagenda.com/pt/coimbra,2026-09-09,
2026-09-11,2026-09-11,MATINÉE,Club night,Local concert,Coimbra,Casa das Artes Bissaya Barreto,200,Unknown,,Electronic night in the Bissaya Barreto house,Recurring,https://www.nocartaz.pt/concelhos/coimbra/,2026-09-09,
2026-09-11,2026-09-13,Moscatel d'Ouro Festival (Festival do Moscatel D'Ouro),Wine festival,Wine festival,Favaios,Favaios village,400,Unknown,,"Favaios puts its Moscatel at the centre of the table, with tastings and local products",Annual (September),https://www.idealista.pt/news/ferias/turismo/2026/09/07/77482-vindimas-em-portugal-festas-datas-e-experiencias-a-nao-perder,2026-09-09,
2026-09-11,2026-09-11,The Silent Friend (A Amiga Silenciosa),Theatre,Theatre & performance,Figueira da Foz,CAE — Centro de Artes e Espectáculos,230,Unknown,,"Theatre production, 21:30",One-off,https://www.viralagenda.com/pt/coimbra,2026-09-09,
2026-09-11,2026-09-13,Feast of the Lord of the Fountain (Festa do Senhor da Fonte),Religious festival,Festival,Fonte de Ançã,,225,Free,0,Traditional village religious festival,Annual,https://www.viralagenda.com/pt/coimbra,2026-09-09,
2026-09-11,2026-09-13,MANTA 2026,Festival,Festival,Guimarães,Espaço Oficina / Teatro Oficina,370,Unknown,,Three days of music and performance at the Oficina,Annual,https://www.nocartaz.pt/concelhos/guimaraes/,2026-09-09,
2026-09-11,2026-09-11,Mar Pujol,Concert,Local concert,Guimarães,Espaço Oficina / Teatro Oficina,370,Unknown,,Spanish songwriter at MANTA,One-off,https://www.nocartaz.pt/concelhos/guimaraes/,2026-09-09,
2026-09-11,2026-09-11,Conscious Bibliotherapy: Reading That Heals (Ciclo de Biblioterapia Consciente: Leitura que Cura),Talk,Heritage & talks,Lagos,Biblioteca Municipal de Lagos — Dr. Júlio Dantas,230,Free,0,Alfredo Rollo on reading as therapy,Recurring,https://www.viralagenda.com/pt/faro,2026-09-09,
2026-09-11,2026-09-11,"Creating Courage workshop, by Hugo Cruz (Oficina Criar Coragem)",Workshop,Workshop,Lagos,Centro Cultural de Lagos,245,Unknown,,"Participatory-arts workshop led by Hugo Cruz, 10:00",One-off,https://www.viralagenda.com/pt/faro,2026-09-09,
2026-09-11,2026-09-13,Lamego Harvest Festival (Festas das Vindimas de Lamego),Wine festival,Wine festival,Lamego,"Lamego, Douro valley",370,Free,0,"Douro grape-harvest festivities with parades, wine and music",Annual,https://dourovinhateiro.com/en/evento/lamego-harvest-festival-2026,2026-09-09,
2026-09-11,2026-09-12,Caixa Alfama Fado Festival,Fado festival,Festival,Lisbon,Alfama,45,Paid,,Fado festival across Alfama's emblematic venues,Annual,https://www.timeout.pt/lisboa/pt/coisas-para-fazer/coisas-para-fazer-em-lisboa-este-mes,2026-09-08,
2026-09-11,2026-09-26,Filho Único Summer Nights (concert series),Concert series,Local concert,Lisbon,,45,Free,0,"This cycle presents free evening concerts from September 11-26 at various venues, featuring ambient jazz composer Ulla, electronic artist Loraine James and others, all starting at 19:00.",Annual,https://www.timeout.pt/lisboa/pt/coisas-para-fazer/coisas-para-fazer-em-lisboa-este-mes,2026-09-08,
2026-09-11,2026-09-13,Mamã África Festival,Festival,Festival,Lisbon,Bairro Alto,45,Paid,,"Cinema, music, gastronomy and arts from African perspectives",Annual,https://www.timeout.pt/lisboa/pt/coisas-para-fazer/coisas-para-fazer-em-lisboa-este-mes,2026-09-08,
2026-09-11,2026-09-13,Season Opening Party (CCB),Festival,Festival,Lisbon,Belém Cultural Centre (CCB),45,Mixed,,Season-opening party across the CCB grounds,Annual,https://www.timeout.pt/lisboa/pt/coisas-para-fazer/coisas-para-fazer-em-lisboa-este-mes,2026-09-08,
2026-09-11,2026-09-11,"Grande Sertão: Veredas, by João Guimarães Rosa",Literary,Heritage & talks,Loulé,Loulé Municipal Library — Almancil branch,250,Unknown,,"Reading and discussion of the Guimarães Rosa novel, 18:00",One-off,https://www.viralagenda.com/pt/faro,2026-09-09,
2026-09-11,2026-09-11,Introduction to Ceramics (Aulas de Iniciação à Cerâmica),Workshop,Workshop,Loulé,Centro de Artes e Ofícios Carlos Silva e Sousa,250,Unknown,,Throwing and hand-building for beginners,Recurring,https://www.viralagenda.com/pt/faro,2026-09-09,
2026-09-11,2026-09-11,The Swimming Pool Party — Teatro do Eléctrico,Theatre,Theatre & performance,Loulé,Cineteatro Louletano,250,Paid,,"Teatro do Eléctrico production, 21:00",One-off,https://www.viralagenda.com/pt/faro,2026-09-09,
2026-09-11,2026-09-20,FECI Trade Fair + Our Lady of Safe Travels Festivities,Fair / festivities,Festival,Moita,Municipal Exhibition Pavilion / town centre,25,Free,0,31st commercial fair alongside the town's traditional festivities,Annual,https://www.viralagenda.com/pt/setubal,2026-09-08,
2026-09-11,2026-09-13,Porto Pride Festival (Festival Porto Pride),Pride festival,Pride,Porto,"Largo Amor de Perdição (Cordoaria), Teatro Rivoli, PINK Club",290,Mixed,,"LGBTQIA+ Pride: summit at Teatro Rivoli (11th), open-air festival at Cordoaria and after-party (12th), drag brunch and drag party boat (13th)",Annual,https://portopride.com/,2026-09-09,
2026-09-11,2026-09-11,Urban Festival +351 (+351 Festival Urbano),Music festival,Festival,Porto,Hard Club,290,Unknown,,Urban music festival at the Hard Club,Annual,https://www.nocartaz.pt/concelhos/porto/,2026-09-09,
2026-09-11,2026-09-11,Stories with Soul (Histórias com Alma),Theatre / dance,Theatre & performance,Seixal,São Vicente Cinema,30,Unknown,,"Theatre and dance performance, 14:30",One-off,https://www.viralagenda.com/pt/setubal,2026-09-08,
2026-09-11,2026-09-13,Feast of Our Lady of Light (Festa N. Sra. da Luz),Religious festival,Festival,Sesimbra,Quinta de São Payo,25,Free,0,Traditional religious festival,Annual,https://www.sesimbra.pt/geral/agenda-online,2026-09-08,https://www.sesimbra.pt/imgcrop/cmsesimbra/uploads/event/image/8751/luz__2__1_600_849.jpg
2026-09-11,2026-09-26,Bocage Commemorations,Festival,Festival,Setúbal,Praça do Bocage,0,Free,0,"Citywide celebration of the poet Bocage: literary events, concerts, exhibitions, historical reenactments",Annual (September),https://www.mun-setubal.pt/guia-de-eventos/,2026-09-08,
2026-09-11,2026-09-11,Eclipse Trio,Concert,Local concert,Setúbal,Casa da Cultura (Culture House),0,Unknown,,"Concert, 21:30",One-off,https://www.casadacultura-setubal.pt/programacao/,2026-09-08,
2026-09-11,2026-09-12,Língua Terra Festival (Lusophone music),Music festival,Festival,Setúbal,Fórum Municipal Luísa Todi,0,Paid,20,"Lusophone artistic exchange with Gisela João, Josyara, Lucibela, Nani Medeiros",Annual,https://www.mun-setubal.pt/guia-de-eventos/,2026-09-08,
2026-09-11,2026-09-11,A Road to Silence (Uma Estrada para o Silêncio),Theatre,Theatre & performance,Silves,Teatro Mascarenhas Gregório,240,Paid,,"Theatre production, 21:30",One-off,https://www.viralagenda.com/pt/faro,2026-09-09,
2026-09-11,2026-09-13,Jazz at Monserrate,Jazz festival,Festival,Sintra,Monserrate Park,60,Paid,15–45,Jazz in the gardens of Monserrate,Annual,https://www.timeout.pt/lisboa/pt/coisas-para-fazer/coisas-para-fazer-em-lisboa-este-mes,2026-09-08,
2026-09-11,2026-09-11,"Documentary Film Club: ""Our Time Machine"" (Clube de Cinema Documental)",Film,Cinema,São Brás de Alportel,Museu do Traje — São Brás de Alportel,255,Unknown,,Documentary night in the costume museum,Recurring,https://www.viralagenda.com/pt/faro,2026-09-09,
2026-09-11,2026-09-11,End of Summer Party (Festa Final de Verão),Party,Festival,São Brás de Alportel,Campo Sousa Uva,265,Unknown,,"End-of-summer party with live music, 22:30",Annual,https://www.viralagenda.com/pt/faro,2026-09-09,
2026-09-11,2026-09-11,Sunset Bye Bye Summer,Party,Festival,São Brás de Alportel,,265,Unknown,,"End-of-summer sunset gathering, 16:00",Annual,https://www.viralagenda.com/pt/faro,2026-09-09,
2026-09-11,2026-09-13,Rooster Festival à Gandareza (Festival do Galo à Gandareza),Food festival,Food festival,Tocha,"Caniceira, Tocha",235,Free,0,Gandareza-style rooster gastronomic festival,Annual,https://www.viralagenda.com/pt/coimbra,2026-09-09,
2026-09-11,2026-09-11,Visiting the Port Wine Cellars: A Cultural Immersion (Visitar as Caves de Vinho do Porto: Uma Imersão Cultural),Guided visit,Unique experience,Vila Nova de Gaia,Caves do Vinho do Porto,280,Paid,,"Guided walk through the riverside lodges where port ages, with tasting",Recurring,https://www.nocartaz.pt/concelhos/vila-nova-de-gaia/,2026-09-09,
2026-09-11,2026-09-11,David Fonseca — Poiartes,Concert,Major concert,Vila Nova de Poiares,Poiartes festival,220,Unknown,,"Portuguese indie-pop headliner at the Poiartes festival, 23:00",Annual,https://www.viralagenda.com/pt/coimbra,2026-09-09,
2026-09-11,2026-09-11,What VILLAGE Is Yours? (Que VILA é a tua?),Talk,Heritage & talks,Vila Real de Santo António,Centro Cultural António Aleixo,300,Unknown,,Talks on the town and its Pombaline grid,One-off,https://www.viralagenda.com/pt/faro,2026-09-09,
2026-09-12,2026-09-12,Luísa Sobral at the Aveiro Book Fair (Luísa Sobral @ Feira do Livro de Aveiro),Concert,Local concert,Aveiro,Feira do Livro de Aveiro,300,Free,0,Open-air set at the book fair,One-off,https://www.nocartaz.pt/concelhos/aveiro/,2026-09-09,
2026-09-12,2026-09-12,Candle Procession (Procissão de Velas),Religious festival,Heritage & talks,Braga,Romaria de Nossa Senhora do Sameiro,400,Free,0,Candlelit procession up to the Sameiro sanctuary above Braga,Annual,https://www.nocartaz.pt/concelhos/braga/,2026-09-09,
2026-09-12,2026-09-13,Colapso Fest,Festival,Festival,Coimbra,O Teatrão,200,Unknown,,Independent festival at O Teatrão,Annual,https://www.nocartaz.pt/concelhos/coimbra/,2026-09-09,
2026-09-12,2026-09-12,Cook Lab — Cookery Workshops (Cook Lab — Oficinas de culinária),Workshop,Workshop,Coimbra,Agenda de Coimbra,200,Unknown,,Hands-on cookery session,Recurring,https://www.nocartaz.pt/concelhos/coimbra/,2026-09-09,
2026-09-12,2026-09-12,Stories in the Park (Há Estórias no Parque),Storytelling,Family,Coimbra,Fundação Bissaya Barreto,200,Free,0,Storytelling outdoors for children,Recurring,https://www.nocartaz.pt/concelhos/coimbra/,2026-09-09,
2026-09-12,2026-09-12,Wonderlandi (DANCE DANCE DANCE festival),Dance,Theatre & performance,Faro,Teatro das Figuras,260,Paid,,Contemporary dance in the DANCE DANCE DANCE festival,Festival programme,https://teatrodasfiguras.pt/agenda/wonderlandi-ddd,2026-09-09,
2026-09-12,2026-09-12,Melodies at Dusk — Paço de Maiorca,Concert,Local concert,Figueira da Foz,Paço de Maiorca,230,Unknown,,Evening concert in a historic manor,Series,https://www.viralagenda.com/pt/coimbra,2026-09-09,
2026-09-12,2026-09-12,Bongeziwe Mabandla,Concert,Local concert,Guimarães,Espaço Oficina / Teatro Oficina,370,Unknown,,South African singer at MANTA,One-off,https://www.nocartaz.pt/concelhos/guimaraes/,2026-09-09,
2026-09-12,2026-09-12,Together It Is Less Work (Assim juntos dá menos trabalho),Theatre,Theatre & performance,Guimarães,Espaço Oficina / Teatro Oficina,370,Unknown,,New piece at the Teatro Oficina,One-off,https://www.nocartaz.pt/concelhos/guimaraes/,2026-09-09,
2026-09-12,2026-09-19,Washhouses with Soul (Lavadouros com Alma),Exhibition,Art exhibit,Góis,,240,Free,0,Art and heritage project in the village washhouses,Annual,https://www.viralagenda.com/pt/coimbra,2026-09-09,
2026-09-12,2026-09-12,Chiado Antiquarian Book Fair,Market,Market,Lisbon,Chiado,45,Free,0,"Antique books, comics, postcards",Monthly,https://aondevamos.pt/este-mes/,2026-09-08,
2026-09-12,2026-09-12,The Neighbourhood — The Wourld Tour,Concert,Major concert,Lisbon,MEO Arena,45,Paid,,US alt-rock band,One-off,https://cartazculturallisboa.pt/agenda-altice-arena/,2026-09-08,https://cartazculturallisboa.pt/wp-content/uploads/2026/04/SITE_TheNeighbourhood_2026-1-300x236.jpg
2026-09-12,2026-09-12,A Thousand and One Nights — Porto Symphony Orchestra,Concert,Local concert,Porto,"Casa da Música, Sala Suggia",290,Paid,26–30,"Orquestra Sinfónica do Porto Casa da Música, 18:00",One-off,https://casadamusica.com/en/event/a-thousand-and-one-nights/?selected_session=47188,2026-09-09,
2026-09-12,2026-09-12,"Cain, or the First Murder (Caim ou o Primeiro Homicídio)",Theatre,Theatre & performance,Porto,MMIPO — Museu da Misericórdia do Porto,290,Paid,from 21.48,"Staged in the Misericórdia museum, 18:00",One-off,https://www.nocartaz.pt/concelhos/porto/,2026-09-09,
2026-09-12,2026-09-12,He's Back — Michael Jackson Tribute,Concert,Major concert,Porto,Coliseu Porto Ageas,290,Unknown,,Michael Jackson tribute show,One-off,https://www.nocartaz.pt/concelhos/porto/,2026-09-09,
2026-09-12,2026-09-12,Johnny Hooker,Concert,Local concert,Porto,Hard Club,290,Unknown,,Brazilian singer-songwriter,One-off,https://www.nocartaz.pt/concelhos/porto/,2026-09-09,
2026-09-12,2026-09-12,11th Coimbra Fado Serenade,Concert,Local concert,Setúbal,Largo de Jesus square,0,Free,0,Regional groups perform Coimbra fado,Annual,https://www.mun-setubal.pt/guia-de-eventos/,2026-09-08,
2026-09-12,2026-09-12,Leonel Mateus Quartet,Concert,Local concert,Setúbal,Casa da Cultura (Culture House),0,Unknown,,"Jazz concert, 21:30",One-off,https://www.casadacultura-setubal.pt/programacao/,2026-09-08,
2026-09-12,2026-09-12,Market of Knowledge & Flavours (regional products),Market,Market,Setúbal,Avenida José Mourinho,0,Free,0,Regional crafts and gastronomy show and sale,One-off,https://www.mun-setubal.pt/guia-de-eventos/,2026-09-08,
2026-09-12,2026-09-12,Greek Vase Collections in 19th-Century Portugal (As vicissitudes das coleções de vasos gregos em Portugal no século XIX),Talk,Heritage & talks,Vila Nova de Gaia,Solar Condes de Resende,280,Unknown,,Lecture at the Solar Condes de Resende,One-off,https://www.nocartaz.pt/concelhos/vila-nova-de-gaia/,2026-09-09,
2026-09-12,2026-09-12,Visit to the Gaia Astronomical Observatory (Visita ao Observatório Astronómico de Gaia),Guided visit,Unique experience,Vila Nova de Gaia,Observatório Astronómico de Gaia,280,Unknown,,Evening at the municipal observatory on the Gaia hills,Recurring,https://www.nocartaz.pt/concelhos/vila-nova-de-gaia/,2026-09-09,
2026-09-13,2026-09-13,"Casas, Covas e Ruas: o chão que guardou pão (Houses, Caves and Streets: the Ground that Kept the Bread)",Event,Heritage & talks,Almada,Museu de Almada - Covas de Pão,40,Unknown,,,,https://www.viralagenda.com/pt/setubal,2026-09-13,
2026-09-13,2026-09-13,GUELRA + PROBO,Event,Local concert,Almada,Cine Incrível,40,Unknown,,,,https://www.viralagenda.com/pt/setubal,2026-09-13,
2026-09-13,2026-09-13,IndieJúnior — Festival Internacional de Cinema Infantil e Juvenil (International Children's & Youth Film Festival),Event,Cinema,Barreiro,Auditório Municipal Augusto Cabrita,30,Unknown,,,,https://www.viralagenda.com/pt/setubal,2026-09-13,
2026-09-13,2026-09-13,Pizza Domingueira com DJ Orange3 (Sunday Pizza Night),Event,Local concert,Barreiro,Cooperativa Mula,30,Unknown,,,,https://www.viralagenda.com/pt/setubal,2026-09-13,
2026-09-13,2026-09-13,Left Bank Little Markets (Mercadinhos da Margem Esquerda),Market,Market,Coimbra,Margem Esquerda do Mondego,200,Free,0,Sunday stalls along the left bank of the Mondego,Recurring,https://www.nocartaz.pt/concelhos/coimbra/,2026-09-09,
2026-09-13,2026-09-13,É Uma Vez… Vamos Jogar (Once Upon a Time... Let's Play),Event,Family,Grândola,Biblioteca e Arquivo Municipal de Grândola,60,Unknown,,,,https://www.viralagenda.com/pt/setubal,2026-09-13,
2026-09-13,2026-09-13,CA7RIEL & Paco Amoroso — Free Spirits World Tour,Concert,Major concert,Lisbon,MEO Arena,45,Paid,,Argentine duo,One-off,https://cartazculturallisboa.pt/agenda-altice-arena/,2026-09-08,https://cartazculturallisboa.pt/wp-content/uploads/2026/04/E15994_63_PT-300x300.jpg
2026-09-13,2026-09-13,Laura Garcia Quarteto,Event,Local concert,Lisbon,Hot Clube de Portugal,50,Unknown,,Jazz quartet at Lisbon's historic Hot Clube.,,https://www.nocartaz.pt/concelhos/lisboa/,2026-09-13,
2026-09-13,2026-09-13,VIAGEM (Journey),Event,Local concert,Mafra,Museu Nacional da Música,85,Paid,10.62,,,https://www.nocartaz.pt/concelhos/mafra/,2026-09-13,
2026-09-13,2026-09-13,Clube de Leitura (Reading Club),Event,Community,Montijo,Casa da Música Jorge Peixinho,30,Unknown,,,,https://www.viralagenda.com/pt/setubal,2026-09-13,
2026-09-13,2026-09-13,Gerardo Rodrigues — As Coisas Simples (The Simple Things),Event,Local concert,Montijo,Cinema Teatro Joaquim d'Almeida,30,Unknown,,,,https://www.viralagenda.com/pt/setubal,2026-09-13,
2026-09-13,2026-09-13,Theatre Improv Session (Impromix),Theatre,Theatre & performance,Palmela,Nature Affairs,8,Unknown,,Theatrical improvisation session,One-off,https://www.viralagenda.com/pt/setubal/palmela,2026-09-08,
2026-09-13,2026-09-13,"Apresentação do Livro O Poder do Intestino, de Hugo Silvestre Barbosa (Book Launch: The Power of the Gut)",Event,Heritage & talks,Paredes,Casa da Cultura de Paredes,330,Unknown,,,,https://www.nocartaz.pt/concelhos/paredes/,2026-09-13,
2026-09-13,2026-09-13,Sigur Rós — The Orchestral Tour,Concert,Major concert,Porto,Coliseu Porto Ageas,290,Unknown,,Icelandic band with orchestra — the Porto date alongside Lisbon,One-off,https://www.nocartaz.pt/concelhos/porto/,2026-09-09,
2026-09-13,2026-09-13,Feira da Bagageira em Corroios (Car Boot Fair),Event,Market,Seixal,Quinta da Marialva,35,Unknown,,,,https://www.viralagenda.com/pt/setubal,2026-09-13,
2026-09-13,2026-09-13,Quem Roubou o Leão? (Who Stole the Lion?),Event,Family,Seixal,Cinema São Vicente,35,Unknown,,,,https://www.viralagenda.com/pt/setubal,2026-09-13,
2026-09-13,2026-09-13,"Quinta do Rouxinol, uma olaria romana a descobrir (a Roman pottery kiln to discover)",Event,Unique experience,Seixal,Quinta do Rouxinol,35,Unknown,,Visit a Roman pottery kiln site on the Tagus estuary.,,https://www.viralagenda.com/pt/setubal,2026-09-13,
2026-09-13,2026-09-13,Caminhada — Baías da Arrábida (Guided Walk),Event,Sport,Setúbal,Parque Natural da Arrábida,0,Unknown,,Guided walk through the Arrábida bays.,,https://www.viralagenda.com/pt/setubal,2026-09-13,
2026-09-13,2026-09-13,Fado Gala (finale),Concert,Local concert,Setúbal,Largo de Jesus square,0,Free,0,14 established fadistas with Portuguese guitar and viola,One-off,https://www.mun-setubal.pt/guia-de-eventos/,2026-09-08,
2026-09-13,2026-09-13,Hansel & Gretel (children's opera),Opera,Local concert,Setúbal,Forum Rooftop,0,Paid,7,Humperdinck's opera staged for young audiences,One-off,https://www.mun-setubal.pt/guia-de-eventos/,2026-09-08,
2026-09-13,2026-09-13,Silent Book Club,Meet-up,Community,Vila Nova de Gaia,FNAC GaiaShopping,280,Free,0,"An hour of reading together in silence, then talk about it",Recurring,https://www.nocartaz.pt/concelhos/vila-nova-de-gaia/,2026-09-09,
2026-09-13,2026-09-13,Feiras no Largo — Crafts & Second-Hand Market,Market,Market,Évora,Praça 1º de Maio square,100,Free,0,"Antiques, crafts and collectibles market",Monthly (2nd Sunday),https://aondevamos.pt/evora/setembro/,2026-09-08,
2026-09-14,2026-09-14,Cine Society: Stand By Me,Film,Cinema,Lisbon,Príncipe Real Terrace,50,Paid,14.5,Open-air screening under the stars; deckchairs and headphones provided.,Seasonal,https://shop.cinesociety.pt/,2026-09-13,
2026-09-14,2026-09-14,Italiana de Mendelssohn | Orquestra Metropolitana de Lisboa (Mendelssohn's Italian Symphony),Event,Local concert,Lisbon,Teatro Tivoli BBVA,50,Unknown,,OML opens its 2026/2027 season with Mendelssohn's Italian symphony.,,https://www.nocartaz.pt/concelhos/lisboa/,2026-09-13,
2026-09-14,2026-09-14,"Residência Artística — TRY BETTER, FAIL BETTER (Semana 2)",Event,Theatre & performance,Lisbon,Teatro Taborda - Teatro da Garagem,50,Unknown,,Second week of an open artistic residency.,,https://www.nocartaz.pt/concelhos/lisboa/,2026-09-13,
2026-09-14,2026-09-14,Ronnie Wood,Concert,Major concert,Lisbon,Lisbon Coliseum,45,Paid,45+,Rolling Stones guitarist,One-off,https://www.visitlisboablog.pt/2026/08/eventos-concertos-lisboa-setembro-2026.html,2026-09-08,
2026-09-14,2026-09-14,CineMafra — Drive My Car,Event,Cinema,Mafra,Auditório Municipal Beatriz Costa,85,Unknown,,,,https://www.nocartaz.pt/concelhos/mafra/,2026-09-13,
2026-09-14,2026-09-20,IMERSIVO — Performance Art Festival,Festival,Festival,Palmela,SerVivo,8,Unknown,,Multi-day performance-art festival with theatre and dance,Annual,https://www.viralagenda.com/pt/setubal/palmela,2026-09-08,
2026-09-14,2026-09-14,Baby Driver — Alta Velocidade,Event,Cinema,Setúbal,Fórum Municipal Luísa Todi,0,Unknown,,,,https://www.nocartaz.pt/concelhos/setubal/,2026-09-13,
2026-09-14,2026-09-14,João Mendonza & Symphony Orchestra,Concert,Local concert,Setúbal,Largo de Jesus square,0,Free,0,Tenor with symphony orchestra and community choir on the eve of the city holiday (15 Sep),Annual,https://www.mun-setubal.pt/guia-de-eventos/,2026-09-08,
2026-09-14,2026-09-14,Cine Society: It's a Wonderful Life,Film,Cinema,Vila Nova de Gaia,World of Wine (WOW),280,Paid,14.5,Open-air screening under the stars; deckchairs and headphones provided.,Seasonal,https://shop.cinesociety.pt/,2026-09-13,
2026-09-15,2026-09-15,"Entre Quatro Paredes (estreia) — NNT, Novo Núcleo de Teatro",Event,Theatre & performance,Almada,Auditório Fernando Lopes Graça,40,Unknown,,"This theatrical premiere by the new theater group NNT takes place at Auditório Fernando Lopes Graça (Almada) on September 15 at 21:00, organized by the Municipality of Almada.",,https://www.viralagenda.com/pt/setubal,2026-09-13,
2026-09-15,2026-09-15,Guilherme Duarte,Event,Theatre & performance,Almada,Cine Incrível,40,Unknown,,This comedy performance happens at Cine Incrível in Almada on September 15 at 21:00.,,https://www.viralagenda.com/pt/setubal,2026-09-13,
2026-09-15,2026-09-15,Popular Games Workshop (Workshop Jogos Populares),Workshop,Workshop,Braga,Biblioteca Lúcio Craveiro da Silva,400,Free,0,"Traditional Portuguese games, taught and played",One-off,https://www.nocartaz.pt/concelhos/braga/,2026-09-09,
2026-09-15,2026-09-15,Sara Cruz — Café Curto (Short Set),Concert,Local concert,Coimbra,Biblioteca Municipal de Coimbra,200,Free,0,"Short set in the municipal library. Live performance by Azorean singer-songwriter Sara Cruz at the Convento São Francisco venue, 21:00.",Recurring,https://www.nocartaz.pt/concelhos/coimbra/,2026-09-09,
2026-09-15,2026-09-20,The Magic Encounters (Os Encontros Mágicos),Festival,Festival,Coimbra,Os Encontros Mágicos,200,Unknown,,"30th edition of Coimbra's international magic festival, with street performances, workshops and galas from renowned illusionists across public spaces including Praça 8 de Maio.",Annual,https://www.nocartaz.pt/concelhos/coimbra/,2026-09-09,
2026-09-15,2026-09-15,Visitas Guiadas ao TMBD (Guided Tours),Guided visit,Unique experience,Funchal,Teatro Municipal Baltazar Dias,Island,Unknown,,"Backstage tour of the 19th-century municipal theatre, normally closed to visitors.",Monthly,https://www.nocartaz.pt/concelhos/funchal/,2026-09-13,
2026-09-15,2026-09-15,As mulheres de Fernando Pessoa (The Women of Fernando Pessoa),Event,Heritage & talks,Lisbon,Sociedade de Geografia de Lisboa,50,Unknown,,"Talk on the women in Pessoa's life and work. A conference at the Sociedade de Geografia de Lisboa, starting at 16:00.",,https://www.nocartaz.pt/concelhos/lisboa/,2026-09-13,
2026-09-15,2026-09-15,Billy Corgan,Event,Major concert,Lisbon,Coliseu dos Recreios,50,Unknown,,"The Smashing Pumpkins frontman live. Solo set at Coliseu dos Recreios, doors 19:00.",,https://www.nocartaz.pt/concelhos/lisboa/,2026-09-13,
2026-09-15,2026-09-15,Cine Society: Good Will Hunting,Film,Cinema,Lisbon,Príncipe Real Terrace,50,Paid,14.5,Open-air screening under the stars; deckchairs and headphones provided.,Seasonal,https://shop.cinesociety.pt/,2026-09-13,
2026-09-15,2026-09-15,Forde/Banner/Pereira — Live Jazz no Távola Jazz Club,Event,Local concert,Lisbon,Távola Jazz Club,50,Unknown,,An encounter of jazz musicians performing at the Távola Jazz Club on September 15 at 22:00. The page provides no additional details about the performers' backgrounds or repertoire.,,https://www.nocartaz.pt/concelhos/lisboa/,2026-09-13,
2026-09-15,2026-09-15,Kalia Vandever apresenta 'Mana' + Carla Boregas,Event,Local concert,Lisbon,Galeria Zé dos Bois (ZDB),50,Unknown,,Trombonist Kalia Vandever with Carla Boregas. The New York-based Vandever presents her acclaimed album 'Mana' at Galeria Zé dos Bois.,,https://www.nocartaz.pt/concelhos/lisboa/,2026-09-13,
2026-09-15,2026-09-15,May I Help You? (Posso Ajudar?),Talk,Heritage & talks,Lisbon,CCB - Coleção Berardo,45,Unknown,,Reflection on the historical and institutional performance of artist Andrea Fraser.,One-off,https://www.nocartaz.pt/distrito/lisboa/teatro/,2026-09-15,
2026-09-15,2026-09-15,Agora É Que São Elas! (Now It's the Ladies' Turn!),Event,Theatre & performance,Porto,Teatro Sá da Bandeira,320,Unknown,,Fábio Porchat's show returns to Portugal. A hit Brazilian stand-up comedy set at Teatro Sá da Bandeira.,,https://www.nocartaz.pt/concelhos/porto/,2026-09-13,
2026-09-15,2026-09-15,Apneia (Apnea),Event,Theatre & performance,Porto,Instável,320,Unknown,,"New contemporary dance piece hosted by Companhia Instável. Staged at the Instável Centro Coreográfico, part of Porto's contemporary dance scene.",,https://www.nocartaz.pt/concelhos/porto/,2026-09-13,
2026-09-15,2026-09-15,Comedy Sessions @CastleRock,Comedy,Theatre & performance,Porto,CastleRock Pub,290,Unknown,,"""Noite de comédia stand-up ao vivo no CastleRock Pub,"" Tuesday, September 15 at 20:30, Rua do Conde de Vizela 114, Porto.",One-off,https://www.nocartaz.pt/distrito/porto/teatro/,2026-09-15,
2026-09-15,2026-09-15,Isa de Castro,Concert,Local concert,Porto,"Casa da Música, Sala 2",290,Paid,12,"Portuguese singer, 19:30",One-off,https://casadamusica.com/en/event/isa-de-castro/?selected_session=54855,2026-09-09,
2026-09-15,2026-09-15,Lourdes Castro — A Vida Como Ela É (Life As It Is),Event,Art exhibit,Porto,Fundação de Serralves,320,Unknown,,"Retrospective of Lourdes Castro's botanical, poetic universe. On show at Fundação de Serralves.",,https://www.nocartaz.pt/concelhos/porto/,2026-09-13,
2026-09-15,2026-09-15,Metropolis — Remix Ensemble,Concert,Local concert,Porto,"Casa da Música, Sala Suggia",290,Paid,26–30,"Remix Ensemble plays a live score to Fritz Lang's Metropolis, 19:30",One-off,https://casadamusica.com/en/event/metropolis-en/?selected_session=47194,2026-09-09,
2026-09-15,2026-09-15,Porta Jazz: Antón Quintela + José Vale,Event,Local concert,Porto,Maus Hábitos,320,Unknown,,"Jazz improvisation served at table during another session with the Porta-Jazz seal at Maus Hábitos, on September 15 at 22:00.",,https://www.nocartaz.pt/concelhos/porto/,2026-09-13,
2026-09-15,2026-09-15,O Livro Enquanto Mediador na Promoção dos Direitos da Criança com Deficiência (The Book as a Mediator for Disabled Children's Rights),Event,Heritage & talks,Sesimbra,"Sala Polivalente, Biblioteca Municipal de Sesimbra",26,Unknown,,"This program takes place September 15 in the Sala Polivalente at Biblioteca Municipal de Sesimbra, exploring how literature advocates for disabled children's rights.",,https://www.sesimbra.pt/geral/agenda-online,2026-09-15,
2026-09-15,2026-09-15,Cine Society: Before Sunrise,Film,Cinema,Vila Nova de Gaia,World of Wine (WOW),280,Paid,14.5,Open-air screening under the stars; deckchairs and headphones provided.,Seasonal,https://shop.cinesociety.pt/,2026-09-13,
2026-09-15,2026-09-15,O Drama (The Drama),Film,Cinema,Vila Nova de Gaia,Auditório Municipal de Vila Nova de Gaia,280,Unknown,,"Municipal auditorium screening. A cynical take on relationships from the director of ""Homem dos Teus Sonhos,"" 21:30 start.",One-off,https://www.nocartaz.pt/concelhos/vila-nova-de-gaia/,2026-09-09,
2026-09-15,2026-09-15,Visitas Guiadas ao Teatro Viriato (Guided Tours),Event,Unique experience,Viseu,Teatro Viriato,270,Unknown,,"A guided walk through the Teatro Viriato, backstage included.",,https://www.nocartaz.pt/concelhos/viseu/,2026-09-13,
2026-09-16,2026-09-16,"Cinema | Pelo Adam, de Laura Wandel",Film,Cinema,Almada,Auditório Fernando Lopes Graça,35,Unknown,,"Screening of Laura Wandel's drama ""Pelo Adam"" as part of the auditorium's regular film programme.",,https://www.viralagenda.com/pt/setubal,2026-09-16,
2026-09-16,2026-09-16,Conferência Mobilidade em Diálogo (Mobility in Dialogue Conference),Talk,Heritage & talks,Almada,Salão das Carochas,35,Unknown,,A public conference on urban mobility held as part of European Mobility Week.,,https://www.viralagenda.com/pt/setubal,2026-09-16,
2026-09-16,2026-09-16,Anonymous Readers Club #19 (Clube dos Leitores Anónimos #19),Book club,Community,Braga,Biblioteca Lúcio Craveiro da Silva,400,Free,0,"This literary gathering, part of a readings series, takes place on Wednesday, September 16 at 18:00, at Biblioteca Lúcio Craveiro da Silva.",Recurring,https://www.nocartaz.pt/concelhos/braga/,2026-09-09,
2026-09-16,2026-09-16,Between Needles and Threads — Arts and Crafts (Oficina Entre Agulhas e Linhas — Artes e Ofícios),Workshop,Workshop,Braga,Biblioteca Lúcio Craveiro da Silva,400,Free,0,"This workshop takes place on Wednesday, September 16 at 3:00 PM at Biblioteca Lúcio Craveiro da Silva, focusing on traditional ""artes e ofícios"" (arts and crafts) techniques. The event is categorized as a conference-style workshop exploring needle and textile arts.",Recurring,https://www.nocartaz.pt/concelhos/braga/,2026-09-09,
2026-09-16,2026-09-16,Bruna Louise — New Show (Novo Show),Comedy,Theatre & performance,Braga,Fórum Braga,330,Paid,22-30,"Brazilian stand-up comedian. A brand-new 2026 show of her signature sharp humour on modern life, relationships and self-reflection.",One-off,https://www.forumbraga.com/Detail/Index/f33270dd-4ed5-11f1-b655-000d3ad7a4dc,2026-09-09,
2026-09-16,2026-09-16,Kalia Vandever,Concert,Local concert,Coimbra,Casa das Artes Bissaya Barreto,200,Paid,6.44,Grammy-winning American trombonist and composer performs live.,,https://www.nocartaz.pt/concelhos/coimbra/,2026-09-16,
2026-09-16,2026-09-16,As montanhas azuis estão sempre a caminhar — Maria Gil (The Blue Mountains Are Always Walking),Event,Theatre & performance,Lisbon,Galeria Zé dos Bois (ZDB),50,Unknown,,A new performative creation by Maria Gil presented at Galeria Zé dos Bois (ZDB) on September 16 at 19:30. The page offers no further information about the piece's content or artistic approach.,,https://www.nocartaz.pt/concelhos/lisboa/,2026-09-13,
2026-09-16,2026-09-16,Cine Society: The Grand Budapest Hotel,Film,Cinema,Lisbon,Príncipe Real Terrace,50,Paid,14.5,Open-air screening under the stars; deckchairs and headphones provided.,Seasonal,https://shop.cinesociety.pt/,2026-09-13,
2026-09-16,2026-09-16,Luísa Sobral,Event,Local concert,Lisbon,Centro Cultural de Belém,50,Unknown,,"The Portuguese singer-songwriter at the CCB. An intimate set built around her own songbook, 16 September at 10:00.",,https://www.nocartaz.pt/concelhos/lisboa/,2026-09-13,
2026-09-16,2026-09-16,Modelar o imaginário — formação com Raul Constante Pereira (Shaping the Imagination),Event,Workshop,Lisbon,Museu da Marioneta,50,Paid,120,"A hands-on 3D modelling and printing workshop for puppet-making, at the Museu da Marioneta, from €120.",,https://www.nocartaz.pt/concelhos/lisboa/,2026-09-13,
2026-09-16,2026-09-16,O Foral de Goa: porquê e para quê? (The Goa Charter: Why and What For?),Event,Heritage & talks,Lisbon,Biblioteca Nacional de Portugal (BNP),50,Unknown,,"A conference inaugurating a cycle about the 500-year history of Goa's charter, hosted by historian Roger Lee at the Biblioteca Nacional de Portugal on September 16 at 18:00. This event marks the opening of discussions dedicated to this historical document's significance.",,https://www.nocartaz.pt/concelhos/lisboa/,2026-09-13,
2026-09-16,2026-09-16,Sammy Obeid: Listen to Lisbon!,Event,Theatre & performance,Lisbon,Casa do Alentejo,50,Unknown,,"English-language stand-up comedy from the North American performer known from Netflix and Conan, at Casa do Alentejo.",,https://www.nocartaz.pt/concelhos/lisboa/,2026-09-13,
2026-09-16,2026-09-16,The Boojums,Event,Local concert,Lisbon,Damas,50,Unknown,,"A performance of ""psicadélica e indie rock com energia crua"" by The Boojums at Damas on September 16 at 19:00. The venue is located in Marvila.",,https://www.nocartaz.pt/concelhos/lisboa/,2026-09-13,
2026-09-16,2026-09-16,"Uma Casa, Com Certeza (A House, For Sure)",Theatre,Theatre & performance,Lisbon,Teatro da Trindade INATEL,45,Unknown,,"""Criação teatral sobre habitação e raízes familiares no Trindade,"" Wednesday, September 16 at Teatro da Trindade INATEL.",One-off,https://www.nocartaz.pt/distrito/lisboa/teatro/,2026-09-15,
2026-09-16,2027-02-15,With a Heart Free of Worries' (MAAT exhibition),Exhibition,Art exhibit,Lisbon,"MAAT, Belém",45,Paid,,"Portuguese artist Pedro Cabrita Reis inaugurates his exhibition at MAAT's Oval Gallery starting September 16, featuring nearly two hundred works including painting, drawing and sculpture series.",Run,https://www.timeout.pt/lisboa/pt/coisas-para-fazer/coisas-para-fazer-em-lisboa-este-mes,2026-09-08,
2026-09-16,2026-09-16,"Workshop ""Vamos Falar Sobre Energia"" (Let's Talk About Energy)",Workshop,Workshop,Montijo,Casa do Ambiente,30,Unknown,,A hands-on workshop introducing energy topics at Montijo's environmental education centre.,,https://www.viralagenda.com/pt/setubal,2026-09-16,
2026-09-16,2026-09-16,As Palavras Procuram Lugar (Words Looking for a Place),Event,Theatre & performance,Ovar,Centro de Arte de Ovar,280,Unknown,,"""A poesia de Filipa Leal ganha nova vida num diálogo íntimo com a música,"" taking place Wednesday, September 16 at 9 PM at Centro de Arte de Ovar.",,https://www.nocartaz.pt/concelhos/ovar/,2026-09-13,
2026-09-16,2026-09-16,Ciclo Luchino Visconti,Event,Cinema,Porto,Teatro Municipal Campo Alegre,320,Unknown,,"A retrospective of Italian cinema master Luchino Visconti's filmography, screening at Teatro Municipal do Campo Alegre starting September 16.",,https://www.nocartaz.pt/concelhos/porto/,2026-09-13,
2026-09-16,2026-09-16,Fado com Miguel Bandeirinha,Event,Local concert,Porto,Maus Hábitos,320,Unknown,,"Traditional fado performance by Miguel Bandeirinha at Casa da Guitarra, billed as an intimate concert near Ponte Luís I, from €20.",,https://www.nocartaz.pt/concelhos/porto/,2026-09-13,
2026-09-16,2026-09-16,Mariem + El Reflejo en la Arena + El Susurro del Viento,Concert,Local concert,Seixal,Fórum Cultural do Seixal,30,Unknown,,"A triple-bill concert night featuring Mariem, El Reflejo en la Arena and El Susurro del Viento.",,https://www.viralagenda.com/pt/setubal,2026-09-16,
2026-09-16,2026-09-16,Oficina Aberta ao Modelismo Naval (Open Naval Model-Making Workshop),Workshop,Workshop,Seixal,Ecomuseu Municipal do Seixal — Núcleo Naval,30,Unknown,,Hands-on open workshop on naval ship-model building at the Seixal ecomuseum's naval unit.,,https://www.viralagenda.com/pt/setubal,2026-09-16,
2026-09-16,2026-09-16,Cine Society: Pride and Prejudice (2006),Film,Cinema,Vila Nova de Gaia,World of Wine (WOW),280,Paid,14.5,Open-air screening under the stars; deckchairs and headphones provided.,Seasonal,https://shop.cinesociety.pt/,2026-09-13,
2026-09-17,2026-09-17,Sara Correia @ Alma do Vinho,Concert,Local concert,Alenquer,Alma do Vinho,90,Paid,5,Contemporary fado singer Sara Correia performs live at the Alma do Vinho wine festival.,,https://www.nocartaz.pt/concelhos/alenquer/,2026-09-16,
2026-09-17,2026-09-17,"CineCarochas | Terra Franca, de Leonor Teles",Film,Cinema,Almada,Salão das Carochas,35,Unknown,,"Screening of Leonor Teles' Portuguese drama ""Terra Franca"" as part of the CineCarochas programme.",,https://www.viralagenda.com/pt/setubal,2026-09-16,
2026-09-17,2026-09-17,Cineclube Impala — Ciclo Andrei Tarkovsky: O Rolo Compressor e o Violino (The Steamroller and the Violin),Film,Cinema,Almada,Auditório Costa da Caparica,35,Unknown,,"A film club screening of Andrei Tarkovsky's ""The Steamroller and the Violin"" as part of a Tarkovsky retrospective.",,https://www.viralagenda.com/pt/setubal,2026-09-16,
2026-09-17,2026-09-17,Conversa e Agulhas (Conversation and Needles),Community,Community,Almada,Solar dos Zagallos,35,Unknown,,"A community knitting and needlework circle combined with conversation, at the Solar dos Zagallos.",,https://www.viralagenda.com/pt/setubal,2026-09-16,
2026-09-17,2026-09-17,Guided visit: From Roman Insula to Library (Visita guiada De Insula Romana a Biblioteca),Guided visit,Unique experience,Braga,Biblioteca Lúcio Craveiro da Silva,400,Free,0,"This tour traces the library building's history and its Roman remains, with sessions on Thursday and Friday afternoons at the library.",Recurring,https://www.nocartaz.pt/concelhos/braga/,2026-09-09,
2026-09-17,2026-09-17,Everyone Is a Stage (Todos São Palco),Theatre,Theatre & performance,Coimbra,Teatrão — Oficina Municipal do Teatro,200,Unknown,,"International theater showcase crossing creations from various points of the globe, Thursday, September 17 at 21:00 at Teatrão — Oficina Municipal do Teatro. (NONE beyond date/venue/one-line description)",One-off,https://www.nocartaz.pt/concelhos/coimbra/,2026-09-09,
2026-09-17,2026-09-17,"Santo António, O Casamenteiro de Lisboa (Saint Anthony, Lisbon's Matchmaker)",Theatre,Theatre & performance,Espinho,FACE — Fórum de Arte e Cultura de Espinho,310,Unknown,,"A light comedy film screening at FACE's auditorium in Espinho, Thursday, September 17 at 21:00.",One-off,https://www.nocartaz.pt/concelhos/espinho/,2026-09-13,
2026-09-17,2026-09-17,Cinema Bilhete Dourado — Odisseia (Golden-Ticket Cinema: The Odyssey),Film,Cinema,Gondomar,Auditório Municipal de Gondomar,320,Unknown,,"Cinema screening Thursday, September 17 at the Municipal Auditorium of Gondomar. NONE beyond title/venue.",Recurring,https://www.nocartaz.pt/concelhos/gondomar/,2026-09-13,
2026-09-17,2026-09-17,8 Marvila Comedy Sessions,Event,Theatre & performance,Lisbon,8 Marvila,50,Unknown,,A comedy performance event at 8 Marvila on September 17. The page contains no additional contextual information beyond the title and date.,,https://www.nocartaz.pt/concelhos/lisboa/,2026-09-13,
2026-09-17,2026-09-17,CARMEN — Barcelona Flamenco Ballet,Event,Theatre & performance,Lisbon,Coliseu dos Recreios,50,Unknown,,"A reimagined version of Bizet's classic, described as reinvented with 21st-century flamenco energy, at Coliseu dos Recreios.",,https://www.nocartaz.pt/concelhos/lisboa/,2026-09-13,
2026-09-17,2026-09-17,Chabuco,Event,Local concert,Lisbon,Fábrica Braço de Prata,50,Unknown,,"A musical act performing ""ritmos latinos e afro-cubanos"" at Fábrica Braço de Prata on September 17 at 09:30. The event showcases Latin and Afro-Cuban rhythms in an intimate factory setting.",,https://www.nocartaz.pt/concelhos/lisboa/,2026-09-13,
2026-09-17,2026-09-20,Iminente Festival,Festival,Festival,Lisbon,Marvila,45,Paid,,"The festival occupies the heart of Marvila again from September 17-20, combining music, visual arts, dance, urban sports, gastronomy, debates and community projects into a contemporary cultural experience beyond traditional music festivals.",Annual,https://www.visitlisboablog.pt/2026/08/eventos-concertos-lisboa-setembro-2026.html,2026-09-08,
2026-09-17,2026-09-17,ImproMix — Comédia & Improviso (Comedy & Improv),Event,Theatre & performance,Lisbon,Fábrica Braço de Prata,50,Unknown,,An improvisational comedy performance at Fábrica Braço de Prata on September 17. No further details about the performers or format are provided on the page.,,https://www.nocartaz.pt/concelhos/lisboa/,2026-09-13,
2026-09-17,2026-09-17,Iúri Oliveira,Event,Local concert,Lisbon,Fundação Calouste Gulbenkian,50,Unknown,,"A concert featuring the virtuoso Portuguese percussionist, at Fundação Calouste Gulbenkian's main auditorium.",,https://www.nocartaz.pt/concelhos/lisboa/,2026-09-13,
2026-09-17,2026-09-17,"King Kami & Dawn Dani, Kelson, Holger Hecler",Event,Local concert,Lisbon,Lux Frágil,50,Unknown,,An electronic music event at Lux Frágil on September 17 at 21:00. The page lists only the performer names without describing their musical styles or collaborative context.,,https://www.nocartaz.pt/concelhos/lisboa/,2026-09-13,
2026-09-17,2026-09-17,Noite de Astronomia (Astronomy Night),Event,Unique experience,Lisbon,Palácio Baldaya,50,Unknown,,"An astronomy-themed event at Palácio Baldaya on September 17 at 21:00. Beyond the title and location, no additional information is available on the page.",,https://www.nocartaz.pt/concelhos/lisboa/,2026-09-13,
2026-09-17,2026-09-17,Retrospectiva integral da obra de Michael Haneke (Complete Michael Haneke Retrospective),Event,Cinema,Lisbon,Cinema Medeia King,50,Unknown,,"A complete retrospective of the filmmaker's works, including several titles unreleased in Portugal, at Cinema Medeia King.",,https://www.nocartaz.pt/concelhos/lisboa/,2026-09-13,
2026-09-17,2026-09-17,Sigur Rós (with orchestra),Concert,Major concert,Lisbon,Sagres Campo Pequeno,45,Paid,,"The Icelandic band performs their orchestral tour at Sagres Campo Pequeno on September 17, described as one of the month's most distinctive musical offerings.",One-off,https://www.visitlisboablog.pt/2026/08/eventos-concertos-lisboa-setembro-2026.html,2026-09-08,
2026-09-17,2026-09-17,Skareta + Gringo's Paradise + Orange3 DJ Set,Event,Local concert,Lisbon,B.Leza,50,Unknown,,"A festive evening of ""ska, reggae e ritmos tropicais"" at B.Leza on September 17. This multi-act performance combines ska and reggae with tropical rhythms and DJ work.",,https://www.nocartaz.pt/concelhos/lisboa/,2026-09-13,
2026-09-17,2026-09-17,Stefanie Pullin — Geografias da Memória (Geographies of Memory),Exhibition,Art exhibit,Lisbon,Galeria de São Mamede,50,Unknown,,Solo exhibition by Stefanie Pullin at the Galeria de São Mamede.,,https://www.nocartaz.pt/distrito/lisboa/exposicoes/,2026-09-16,
2026-09-17,2026-09-17,Vitor Ribeiro — Raízes da Matéria (Roots of Matter),Exhibition,Art exhibit,Lisbon,Galeria de São Mamede,50,Unknown,,Contemporary painting by Vitor Ribeiro opens at the historic Galeria de São Mamede.,,https://www.nocartaz.pt/distrito/lisboa/exposicoes/,2026-09-16,
2026-09-17,2026-09-17,Yoga no MAAT Garden (Yoga in the MAAT Garden),Event,Workshop,Lisbon,"MAAT - Museu de Arte, Arquitetura e Tecnologia",50,Unknown,,"A yoga session at the MAAT Garden on September 17 at 18:30. The page provides no details about class duration, instructor, or ability level.",,https://www.nocartaz.pt/concelhos/lisboa/,2026-09-13,
2026-09-17,2026-09-17,"Oficina Criativa ""O Regresso às Aulas"" (Back-to-School Creative Workshop)",Workshop,Family,Moita,Biblioteca Municipal Bruno Vieira Amaral — Vale da Amoreira,25,Free,0,"A creative workshop for children marking the return to school, at the Vale da Amoreira library branch.",,https://www.viralagenda.com/pt/setubal,2026-09-16,
2026-09-17,2026-09-17,On Falling [ciclo de cinema português],Film,Cinema,Montijo,Cinema Teatro Joaquim d'Almeida,30,Unknown,,"Screening of the film ""On Falling"" as part of a Portuguese cinema cycle.",,https://www.viralagenda.com/pt/setubal,2026-09-16,
2026-09-17,2026-09-17,Apontamentos da nossa História (Notes on Our History),Event,Heritage & talks,Paredes,Casa da Cultura de Paredes,330,Unknown,,,,https://www.nocartaz.pt/concelhos/paredes/,2026-09-13,
2026-09-17,2026-09-17,Bruna Louise: Novo Show (New Show),Event,Theatre & performance,Porto,Coliseu Porto Ageas,320,Unknown,,"Brazilian comedian Bruna Louise presents her latest stand-up special at Coliseu Porto Ageas, on September 17 at 21:00.",,https://www.nocartaz.pt/concelhos/porto/,2026-09-13,
2026-09-17,2026-09-17,English Stand Up Comedy Open Mic,Event,Theatre & performance,Porto,Maria Pistolas,320,Unknown,,"Open session of English-language stand-up comedy at Maria Pistolas, giving performers a platform to test new material.",,https://www.nocartaz.pt/concelhos/porto/,2026-09-13,
2026-09-17,2026-09-17,Everything Is in Your Mind — Vasco Araújo,Exhibition,Art exhibit,Porto,Galeria Presença,290,Unknown,,Vasco Araújo presents a new exhibition at Galeria Presença.,,https://www.nocartaz.pt/distrito/porto/exposicoes/,2026-09-16,
2026-09-17,2026-09-17,Glue Trip,Event,Local concert,Porto,Ferro Bar Porto,320,Unknown,,"Brazilian psychedelic and dream-pop band performs in an intimate format at Ferro Bar Porto, on September 17 at 20:00.",,https://www.nocartaz.pt/concelhos/porto/,2026-09-13,
2026-09-17,2026-09-17,Jau,Concert,Local concert,Porto,Casa da Música Café,290,Free,0,"Free café concert, 21:30",One-off,https://casadamusica.com/en/event/jau-2/?selected_session=55520,2026-09-09,
2026-09-17,2026-09-17,Jogos da Macaca: Jorge Pinheiro e a Vida Lá Fora,Exhibition,Art exhibit,Porto,Museu FBAUP — Faculdade de Belas Artes do Porto,290,Unknown,,Retrospective of the works and playful universe of artist Jorge Pinheiro at the fine arts faculty's museum.,,https://www.nocartaz.pt/distrito/porto/exposicoes/,2026-09-16,
2026-09-17,2026-09-17,Quim Roscas e Zeca Estacionâncio,Event,Theatre & performance,Porto,Teatro Sá da Bandeira,320,Unknown,,The legendary Northern Portuguese comedy duo returns to Teatro Sá da Bandeira for an evening billed as hilarious.,,https://www.nocartaz.pt/concelhos/porto/,2026-09-13,
2026-09-17,2026-09-17,Serralves na Festa do Livro (Serralves at the Book Festival),Event,Community,Porto,Fundação de Serralves,320,Unknown,,"Serralves editions are featured at the presidential palace gardens' book festival, on September 17 at 21:00.",,https://www.nocartaz.pt/concelhos/porto/,2026-09-13,
2026-09-17,2026-09-17,Youth Yard + Desire Haze,Event,Local concert,Porto,Maus Hábitos,320,Unknown,,"A double bill of indie guitars and dense atmospheres, performing live at Maus Hábitos on September 17 at 22:30.",,https://www.nocartaz.pt/concelhos/porto/,2026-09-13,
2026-09-17,2026-09-17,Aminetu,Concert,Local concert,Seixal,Fórum Cultural do Seixal,30,Unknown,,A live concert by the musician Aminetu at the Fórum Cultural do Seixal.,,https://www.viralagenda.com/pt/setubal,2026-09-16,
2026-09-17,2026-09-17,Agora É Que São Elas! (Now It's the Ladies' Turn!),Event,Theatre & performance,Setúbal,Fórum Municipal Luísa Todi,0,Paid,20–22,"Fábio Porchat's Brazilian comedy show: three performers, 20+ characters, nine sketches. The 20:00 session is sold out; an extra 18:00 session has been added.",,https://www.forumluisatodi.pt/espetaculo/agora-e-que-sao-elas/,2026-09-13,
2026-09-17,2026-09-17,Chuva de Verão: Atividades de Mediação (Summer Rain: Exhibition Mediation Activities),Workshop,Family,Sines,Centro de Artes de Sines,78,Unknown,,"Guided mediation activities linked to the ""Chuva de Verão"" exhibition at the Sines arts centre.",,https://www.viralagenda.com/pt/setubal,2026-09-16,
2026-09-18,2026-09-18,Vizinhos @ Alma do Vinho,Concert,Local concert,Alenquer,Alma do Vinho,90,Paid,5,Portuguese pop band Vizinhos plays the Alma do Vinho wine festival stage.,,https://www.nocartaz.pt/concelhos/alenquer/,2026-09-16,
2026-09-18,2026-09-18,Ciclo de Cinema dos Capuchos — Ópera na Tela: La Traviata,Event,Cinema,Almada,Convento dos Capuchos,40,Free,0,Screening of a filmed production of Verdi's opera in the cloister of the Capuchos convent.,One-off,https://www.cm-almada.pt/museus/ciclo-de-cinema-dos-capuchos-opera-na-tela-la-traviata-giuseppe-verdi,2026-09-17,
2026-09-18,2026-09-26,Jornadas Europeias do Património 2026 — Museu de Almada,Event,Heritage & talks,Almada,Museu de Almada — Casa da Cidade,40,Free,,European Heritage Days in Almada: guided tours and talks around the city museum's collections.,One-off,https://www.cm-almada.pt/museus/jornadas-europeias-do-patrimonio-2026,2026-09-17,
2026-09-18,2026-09-18,Los Devoró la Selva (The Jungle Devoured Them),Theatre,Theatre & performance,Aveiro,Teatro Aveirense,300,Unknown,,At the Teatro Aveirense,One-off,https://www.nocartaz.pt/concelhos/aveiro/,2026-09-09,
2026-09-18,2026-09-18,Braga Summer End 2026,Music festival,Festival,Braga,Fórum Braga,330,Paid,,"Braga Summer End 2026 is the sixth edition of a music festival featuring Vengaboys, Chico da Tina, and 69 Graus, taking place on September 18 at 21:00. The event includes a Fun Zone with leisure areas and entertainment alongside the concerts, with general admission tickets priced at €30 and VIP balcony seating at €60.",Annual,https://www.forumbraga.com/Detail/Index/ca9973bb-8c2f-11f1-a069-000d3ad7a4dc,2026-09-09,
2026-09-18,2026-10-18,Encontros da Imagem — exhibition (Exposição no âmbito dos Encontros da Imagem),Exhibition,Art exhibit,Braga,Biblioteca Lúcio Craveiro da Silva,400,Free,0,"The exhibition is part of the Encontros da Imagem international photography festival, opening Friday evening at the library.",Annual,https://www.nocartaz.pt/concelhos/braga/,2026-09-09,
2026-09-18,2026-09-18,Blitzlab — Vanishing Point Live,Event,Local concert,Bragança,Teatro Municipal de Bragança,480,Unknown,,,,https://www.nocartaz.pt/concelhos/braganca/,2026-09-13,
2026-09-18,2026-09-20,Estoril Classics,Motorsport,Sport,Estoril,Estoril Circuit,58,Paid,,Historic car racing across four disciplines,Annual,https://www.visitcascais.com/en/events,2026-09-08,
2026-09-18,2026-09-18,Quim Roscas & Zeca Estacionâncio,Event,Theatre & performance,Estoril,Casino Estoril - Salão Preto e Prata,68,Unknown,,"A comedy duo performing at the Casino Estoril's main hall on Friday, September 18, taking the stage in the Salão Preto e Prata venue.",,https://www.nocartaz.pt/concelhos/cascais/,2026-09-13,
2026-09-18,2026-09-18,Gonçalo Santos,Concert,Local concert,Figueira da Foz,Casino Figueira,230,Unknown,,"A rock-pop cover performance Friday, September 18 at 21:00 at Casino Figueira in Figueira da Foz.",One-off,https://www.nocartaz.pt/concelhos/figueira-da-foz/,2026-09-13,
2026-09-18,2026-09-18,Entre Vinhetas (Between Panels),Exhibition,Art exhibit,Gondomar,ARGO,320,Unknown,,Comics and illustration exhibition at the ARGO space in Gondomar.,,https://www.nocartaz.pt/distrito/porto/exposicoes/,2026-09-16,
2026-09-18,2026-09-20,Harvest Festival (Festa das Vindimas de Lamas),Harvest festival,Unique experience,Lamas,Freguesia de Lamas,215,Unknown,,Parish grape-harvest festival in the hills above Miranda do Corvo,Annual (September),https://www.jf-lamas.pt/freguesia/agenda/18-09-2026/98-festa_das_vindimas_2026,2026-09-09,
2026-09-18,2026-09-18,A Minha Casa Ocupa,Event,Local concert,Lisbon,Lux Frágil,50,Unknown,,"An electronic music performance at Lux Frágil on September 18 at 21:00 featuring ""a lenda pioneira do acid house A Guy Called Gerald ao vivo"" alongside I-F. The event celebrates a pioneering figure in acid house music.",,https://www.nocartaz.pt/concelhos/lisboa/,2026-09-13,
2026-09-18,2026-09-18,Arte Mágica #2 [o friso],Exhibition,Art exhibit,Lisbon,Estúdios Victor Córdon,50,Unknown,,A site-specific art intervention in the frieze space of the prestigious Estúdios Victor Córdon.,,https://www.nocartaz.pt/distrito/lisboa/exposicoes/,2026-09-16,
2026-09-18,2026-09-18,Desatino Stand-Up Comedy,Event,Theatre & performance,Lisbon,AveNew Comedy Club,50,Paid,10,"A stand-up comedy performance at AveNew Comedy Club on September 18 at 21:00, with tickets starting from €10. The page offers no description of the comedian or performance style.",,https://www.nocartaz.pt/concelhos/lisboa/,2026-09-13,
2026-09-18,2026-09-18,Gentleman,Event,Local concert,Lisbon,LAV - Lisboa ao Vivo,50,Unknown,,"A reggae concert at LAV - Lisboa ao Vivo on September 18 at 22:30, described as ""a grande voz do reggae europeu"" returning for a unique performance. The artist is characterized as Europe's major reggae voice.",,https://www.nocartaz.pt/concelhos/lisboa/,2026-09-13,
2026-09-18,2026-09-18,Glue Trip,Event,Local concert,Lisbon,Casa do Capitão,50,Unknown,,"Brazilian psychedelic pop in an intimate concert setting, at Casa do Capitão.",,https://www.nocartaz.pt/concelhos/lisboa/,2026-09-13,
2026-09-18,2026-09-19,Lisboa Mágica — Festival Internacional de Magia de Rua (International Street Magic Festival),Event,Festival,Lisbon,Praça do Município,50,Unknown,,"An international street magic festival, with street illusion performances by international artists at multiple free outdoor venues across Lisbon.",,https://www.nocartaz.pt/concelhos/lisboa/,2026-09-13,
2026-09-18,2026-09-18,Marisa Monte — Phonica (with live orchestra),Concert,Major concert,Lisbon,MEO Arena,45,Paid,,Brazilian singer with orchestra,One-off,https://cartazculturallisboa.pt/agenda-altice-arena/,2026-09-08,
2026-09-18,2026-09-18,Nahuel Colectivo — 9º Aniversário (9th Anniversary),Event,Local concert,Lisbon,B.Leza,50,Unknown,,"A celebration of nine years marking this group's ""ritmos latino-americanos e fusão instrumental"" at B.Leza on September 18. The event commemorates the ensemble's anniversary with their signature Latin-American and fusion instrumental sound.",,https://www.nocartaz.pt/concelhos/lisboa/,2026-09-13,
2026-09-18,2026-09-18,Nate Wooley & João Almeida,Event,Local concert,Lisbon,Galeria Zé dos Bois (ZDB),50,Unknown,,The virtuoso North American trumpeter Nate Wooley performs in solo and duo formats with João Almeida at Galeria Zé dos Bois on September 18 at 22:00.,,https://www.nocartaz.pt/concelhos/lisboa/,2026-09-13,
2026-09-18,2026-09-26,Queer Lisboa Film Festival,Film festival,Pride,Lisbon,Cinema São Jorge,45,Paid,,"Running September 18-26, this international cinema festival focuses on questions of gender, identity and diversity, established as a key reference within Portuguese film culture.",Annual,https://www.visitlisboablog.pt/2026/08/eventos-concertos-lisboa-setembro-2026.html,2026-09-08,
2026-09-18,2026-09-20,Reopening of D. Maria II National Theatre,Theatre,Theatre & performance,Lisbon,Rossio,45,Free,0,"The National Theatre reopens September 18-20 with free entry festivities celebrating its return to the historic Rossio building, including the premiere of ""Macbeth"" directed by Pedro Penim alongside guided tours.",One-off,https://www.timeout.pt/lisboa/pt/coisas-para-fazer/coisas-para-fazer-em-lisboa-este-mes,2026-09-08,
2026-09-18,2026-10-18,Traces of Africa (Traços de África),Exhibition,Art exhibit,Montijo,Galeria Municipal de Montijo,30,Free,0,"Painting exhibition at the municipal gallery, half an hour from Setúbal",One-off,https://www.nocartaz.pt/concelhos/montijo/,2026-09-09,
2026-09-18,2026-09-18,"Exposição ""As Escolas Primárias do Plano dos Centenários"" (Exhibition: Primary Schools of the Centenary Plan)",Exhibition,Heritage & talks,Palmela,Biblioteca Municipal de Palmela,10,Free,0,"An exhibition on the historic ""Centenary Plan"" primary-school building programme, at Palmela's municipal library.",,https://www.viralagenda.com/pt/setubal,2026-09-16,
2026-09-18,2026-09-18,"Exposição Campos de Cor e da Alma, de Maria José Rodrigues (Fields of Colour and Soul)",Event,Art exhibit,Paredes,Casa da Cultura de Paredes,330,Unknown,,"Painting exhibition by Maria José Rodrigues, an artist from Penafiel, at Casa da Cultura de Paredes starting September 18.",,https://www.nocartaz.pt/concelhos/paredes/,2026-09-13,
2026-09-18,2026-09-18,Escapadelas,Theatre,Theatre & performance,Peso da Régua,AUDIR — Auditório Municipal do Peso da Régua,420,Unknown,,"A theatrical comedy production, Friday, September 18 at 15:00 at AUDIR — Auditório Municipal do Peso da Régua.",One-off,https://www.nocartaz.pt/distrito/vila-real/,2026-09-15,
2026-09-18,2026-09-18,Astronomia no Parque (Astronomy in the Park),Event,Unique experience,Porto,Fundação de Serralves,320,Unknown,,"Astronomy activities take place at Fundação de Serralves, on September 18 at 21:30.",,https://www.nocartaz.pt/concelhos/porto/,2026-09-13,
2026-09-18,2026-09-18,Chiado Comedy Club | Humor Negro (Dark Humour Night),Event,Theatre & performance,Porto,Teatro Sá da Bandeira,320,Unknown,,"A boundary-pushing comedy session at Teatro Sá da Bandeira, billed as unrestricted, dark humour.",,https://www.nocartaz.pt/concelhos/porto/,2026-09-13,
2026-09-18,2026-09-18,Cleiton Rasta & Victor Cena,Event,Local concert,Porto,Pérola Negra,320,Unknown,,The Cleiton Rasta phenomenon and legendary DJ Patife animate Pérola Negra.,,https://www.nocartaz.pt/concelhos/porto/,2026-09-13,
2026-09-18,2026-09-18,Exclusive Os Cabides (The Hangers),Event,Local concert,Porto,Maus Hábitos,320,Paid,14,"Brazilian indie rock band from Florianópolis performs at Maus Hábitos, on September 18 at 21:00, from €14.",,https://www.nocartaz.pt/concelhos/porto/,2026-09-13,
2026-09-18,2026-09-18,Luciana Acuña & Alejo Moguillansky,Event,Theatre & performance,Porto,Teatro Municipal Rivoli,320,Unknown,,National premiere of a provocative piece on Praça D. João I.,,https://www.nocartaz.pt/concelhos/porto/,2026-09-13,
2026-09-18,2026-09-18,Mindy Seu — A Sexual History,Event,Theatre & performance,Porto,Teatro Municipal Rivoli,320,Unknown,,Mindy Seu brings her acclaimed lecture on sex and the internet to Portugal.,,https://www.nocartaz.pt/concelhos/porto/,2026-09-13,
2026-09-18,2026-09-18,SNTS,Event,Local concert,Porto,Hard Club,320,Unknown,,"Masked techno and rave from the influential producer, Sala 1.",,https://www.nocartaz.pt/concelhos/porto/,2026-09-13,
2026-09-18,2026-09-18,Trip to Italy — Porto Symphony Orchestra,Concert,Local concert,Porto,"Casa da Música, Sala Suggia",290,Paid,26–30,"Orquestra Sinfónica do Porto, Italian-themed programme, 21:00",One-off,https://casadamusica.com/en/event/trip-to-italy/?selected_session=47199,2026-09-09,
2026-09-18,2026-09-18,'Brisas' celebram os 25 anos do 'C'extas de Cultura' ('Brisas' Celebrate 25 Years of the Series),Concert,Local concert,Santiago do Cacém,Auditório Municipal de Alvalade,100,Unknown,,Concert marking 25 years of the C'extas de Cultura series with the band Brisas.,One-off,https://www.nocartaz.pt/distrito/setubal/,2026-09-15,
2026-09-18,2026-09-18,European Heritage Days,Heritage,Heritage & talks,Sesimbra,,25,Free,0,"Heritage celebrations occur on September 18, with activities across Sesimbra promoting awareness of Europe's architectural and cultural treasures.",Annual,https://www.sesimbra.pt/geral/agenda-online,2026-09-08,
2026-09-18,2026-09-20,Gastronomia sobre Rodas (Street Food Tour),Event,Food festival,Setúbal,Avenida Luísa Todi,0,Free,,"Eleven food trucks near the bandstand serving street food from around the world, with live music and entertainment.",One-off,https://noticias.mun-setubal.pt/homepage-noticias/gastronomia-sobre-rodas-em-setubal-de-18-a-20-de-setembro/,2026-09-19,
2026-09-18,2026-10-31,Magna Leite painting exhibition,Exhibition,Art exhibit,Setúbal,Albarquel Fort,0,Free,0,Acrylic 'pluie' technique paintings,Exhibition run,https://www.mun-setubal.pt/guia-de-eventos/,2026-09-08,
2026-09-18,2026-10-18,Exposição de Fotografia | AUTITV (Photography Exhibition),Event,Art exhibit,Torres Vedras,Mercado Municipal de Torres Vedras,100,Free,,"A photography exhibition by students from the Association for the University of the Third Age of Torres Vedras, featuring works made between 2023 and 2025, displayed on floor 0 from September 18 through October 18.",,https://onfm.pt/2026/08/31/mercado-municipal-de-torres-vedras-celebra-16-anos-com-programacao-especial-durante-o-mes-de-setembro/,2026-09-13,
2026-09-18,2026-09-18,Há Festa na Praça — Arraial Fest (There's a Party in the Square),Event,Community,Torres Vedras,Mercado Municipal de Torres Vedras,100,Free,,"Market's 16th birthday: live music, petiscos, 7pm to 1am on Praça Sr. Vinho.",,https://onfm.pt/2026/08/31/mercado-municipal-de-torres-vedras-celebra-16-anos-com-programacao-especial-durante-o-mes-de-setembro/,2026-09-13,
2026-09-18,2026-09-18,Cine Society: The Greatest Showman,Film,Cinema,Vila Nova de Gaia,World of Wine (WOW),280,Paid,14.5,Open-air screening under the stars; deckchairs and headphones provided.,Seasonal,https://shop.cinesociety.pt/,2026-09-13,
2026-09-19,2026-10-10,Brincadeiras Improváveis na Vila,Event,Family,Alcochete,Alcochete | Samouco | São Francisco,40,Free,0,Municipal project bringing traditional street games and play sessions to squares across the council.,Ongoing,https://www.cm-alcochete.pt/ListaEventos/agenda-de-eventos,2026-09-19,
2026-09-19,2026-09-19,FestiSal 2026,Festival,Festival,Alcochete,Salinas do Samouco,40,Free,0,Seventh edition of the salt festival held in the working salt pans of the Tagus estuary; activities need booking.,Annual,https://www.aml.pt/agenda/festisal-2026/,2026-09-13,
2026-09-19,2026-09-19,Miguel Araújo @ Alma do Vinho,Concert,Local concert,Alenquer,Alma do Vinho,90,Paid,5,Singer-songwriter Miguel Araújo brings his biggest hits to the Alma do Vinho wine festival.,,https://www.nocartaz.pt/concelhos/alenquer/,2026-09-16,
2026-09-19,2026-09-19,Cerâmica no Solar,Event,Workshop,Almada,Solar dos Zagallos,40,Unknown,,Hands-on ceramics workshop led by potter Teresa Carepo; booking required.,One-off,https://www.cm-almada.pt/ceramica-no-solar-1,2026-09-17,
2026-09-19,2026-09-19,"Diário de uma Minhoca, com Raquel Canhão",Event,Family,Almada,Biblioteca José Saramago,40,Free,0,Storytelling session for young children with Raquel Canhão; booking required.,One-off,https://www.cm-almada.pt/diario-de-uma-minhoca-com-raquel-canhao,2026-09-17,
2026-09-19,2026-09-19,José Peixoto e Nuno Cintrão: Guitarras em Diálogo,Event,Local concert,Almada,Convento dos Capuchos,40,Unknown,,Two guitarists trade and weave their styles in an intimate concert at the Capuchos convent.,One-off,https://www.cm-almada.pt/museus/jose-peixoto-e-nuno-cintrao-guitarras-em-dialogo,2026-09-17,
2026-09-19,2026-09-19,Oficina Vamos Partir a Loiça Toda,Event,Family,Almada,Museu de Almada — Covas de Pão,40,Free,0,Children's museum workshop where kids break and piece together pottery to learn how archaeologists work; booking required.,One-off,https://www.cm-almada.pt/museus/oficina-vamos-partir-a-loica-toda,2026-09-17,
2026-09-19,2026-09-19,Sabores com História,Event,Workshop,Almada,Solar dos Zagallos,40,Free,0,Cooking session exploring old local recipes and the history behind them; booking required.,One-off,https://www.cm-almada.pt/sabores-com-historia-1,2026-09-17,
2026-09-19,2026-09-20,TRAÇO CONTÍNUO — 24 horas a desenhar,Event,Workshop,Almada,Casa da Cerca — Centro de Arte Contemporânea,40,Free,0,A 24-hour non-stop drawing marathon open to anyone who wants to sit down and draw.,One-off,https://www.cm-almada.pt/traco-continuo-24-horas-a-desenhar-0,2026-09-17,
2026-09-19,2026-09-19,Visita orientada ao Convento dos Capuchos: Além do Convento,Event,Heritage & talks,Almada,Convento dos Capuchos,40,Free,0,Guided visit on the Franciscan friars who lived here and their ties to the Caparica area; booking required.,One-off,https://www.cm-almada.pt/museus/visita-orientada-ao-convento-dos-capuchos-alem-do-convento-os-frades-franciscanos-e-a-caparica-2,2026-09-17,
2026-09-19,2026-09-20,"Rostos da Democracia sem Censura (Faces of Democracy, Uncensored)",Exhibition,Art exhibit,Baião,Auditório Municipal de Baião,365,Unknown,,Paintings by Mafalda Rocha on the resistance to Portugal's dictatorship.,,https://www.nocartaz.pt/distrito/porto/exposicoes/,2026-09-16,
2026-09-19,2026-09-19,Fábio Porchat — Agora É Que São Elas (Now It's the Ladies' Turn!),Comedy,Theatre & performance,Braga,Espaço Vita,400,Unknown,,"The Brazilian comedian returns to Braga with a new stand-up solo, performing Saturday at 21:00.",One-off,https://www.nocartaz.pt/concelhos/braga/,2026-09-09,
2026-09-19,2026-09-19,Theatro Circo guided tour (Visita guiada ao Theatro Circo),Guided visit,Unique experience,Braga,Theatro Circo de Braga,400,Unknown,,"A guided visit to Braga's centennial theatre, a national heritage icon, with multiple sessions on various dates.",Recurring,https://www.nocartaz.pt/concelhos/braga/,2026-09-09,
2026-09-19,2026-09-19,"Potnia Theron, de Hélia Correia",Event,Theatre & performance,Bragança,Teatro Municipal de Bragança,480,Unknown,,"A theatrical adaptation of work by Portuguese author and Camões Prize winner Hélia Correia, running Saturday, September 19 at the Teatro Municipal de Bragança.",,https://www.nocartaz.pt/concelhos/braganca/,2026-09-13,
2026-09-19,2026-09-19,Cascais Fest pela Paz (Festival for Peace),Event,Festival,Cascais,Museu do Mar Rei D. Carlos,70,Unknown,,"A peace-focused festival scheduled for Saturday, September 19 at 21:00 at the Museu do Mar Rei D. Carlos.",,https://www.nocartaz.pt/concelhos/cascais/,2026-09-13,
2026-09-19,2026-09-20,Chefs on Fire,Food festival,Food festival,Cascais,,60,Paid,,"The event challenges the best national and international chefs to cook, taking place September 19-20 at Cascais.",Annual,https://www.visitcascais.com/en/events,2026-09-08,
2026-09-19,2026-09-20,Traditional Grape Treading (Lagarada Tradicional de Celeirós do Douro),Harvest festival,Unique experience,Celeirós do Douro,Village lagares,400,Unknown,,"Treading the harvest by foot in granite lagares, with regional products and cultural entertainment",Annual (September),https://www.idealista.pt/news/ferias/turismo/2026/09/07/77482-vindimas-em-portugal-festas-datas-e-experiencias-a-nao-perder,2026-09-09,
2026-09-19,2026-09-19,Proibido NÃO mexer! (Please DO Touch!),Performance,Family,Espinho,FACE — Fórum de Arte e Cultura de Espinho,310,Unknown,,Hands-on sensory session made for babies and their families.,One-off,https://www.nocartaz.pt/concelhos/espinho/,2026-09-13,
2026-09-19,2026-09-19,Concertos ao Entardecer 2026 — SERENA KAOS,Event,Local concert,Faro,ArQuente Associação — Galeria Municipal Arco,290,Unknown,,Evening concert series hosted at the Galeria Municipal Arco.,One-off,https://www.viralagenda.com/pt/faro,2026-09-19,
2026-09-19,2026-09-19,"Off, Off (DANCE DANCE DANCE festival)",Dance,Theatre & performance,Faro,Teatro das Figuras,260,Paid,,Contemporary dance in the DANCE DANCE DANCE festival,Festival programme,https://teatrodasfiguras.pt/agenda/off-off-ddd,2026-09-09,
2026-09-19,2026-09-19,Luana Ferreira,Concert,Local concert,Figueira da Foz,Casino Figueira,230,Unknown,,"A live music performance Saturday, September 19 at 21:00 at Casino Figueira, rock-pop covers.",One-off,https://www.nocartaz.pt/concelhos/figueira-da-foz/,2026-09-13,
2026-09-19,2026-10-31,Albertino Valadares — 40 anos de carreira (40-Year Career Retrospective),Exhibition,Art exhibit,Gondomar,Auditório Municipal de Gondomar,320,Unknown,,Retrospective of 129 works spanning four decades of the artist's career.,Exhibition run,https://www.nocartaz.pt/concelhos/gondomar/,2026-09-13,
2026-09-19,2026-09-19,Dia Aberto do TEL,Event,Community,Lagos,Teatro Experimental de Lagos,290,Free,0,Open day at the Teatro Experimental de Lagos with activities for visitors.,One-off,https://www.viralagenda.com/pt/faro,2026-09-19,
2026-09-19,2026-09-19,A Fada Oriana — Companhia Teatro do Museu (The Fairy Oriana),Event,Family,Lisbon,Museu da Marioneta,50,Paid,10,Sophia de Mello Breyner's tale brought to life through puppetry.,,https://www.nocartaz.pt/concelhos/lisboa/,2026-09-13,
2026-09-19,2026-09-19,AfroUnityFest Lisboa 2026,Event,Festival,Lisbon,LAV - Lisboa ao Vivo,50,Unknown,,"This celebration showcases contemporary African soundscapes and takes place at LAV—Lisboa ao Vivo on September 19, featuring performances that highlight the continent's modern musical diversity.",,https://www.nocartaz.pt/concelhos/lisboa/,2026-09-13,
2026-09-19,2026-09-19,Cine Society: Dead Poets Society,Film,Cinema,Lisbon,Beato Riverside Rooftop,50,Paid,14.5,Open-air screening under the stars; deckchairs and headphones provided.,Seasonal,https://shop.cinesociety.pt/,2026-09-13,
2026-09-19,2026-09-19,Exposição de Outono 2026 (Ar.Co Autumn Exhibition),Exhibition,Art exhibit,Lisbon,Ar.Co — Centro de Arte e Comunicação Visual,50,Unknown,,Group show of works by Ar.Co students and grant holders at the Quinta de São Miguel.,,https://www.nocartaz.pt/distrito/lisboa/exposicoes/,2026-09-16,
2026-09-19,2026-09-19,Inês Zenha. Águas Turvas (Murky Waters),Event,Art exhibit,Lisbon,Fundação Calouste Gulbenkian,50,Unknown,,"The artist presents an individual exhibition at Fundação Gulbenkian—Grande Auditório, offering viewers an immersive exploration of contemporary visual art through her distinctive aesthetic vision.",,https://www.nocartaz.pt/concelhos/lisboa/,2026-09-13,
2026-09-19,2026-09-19,Jornadas Europeias do Património — À Descoberta do Palácio da Ajuda (European Heritage Days: Discovering Ajuda Palace),Event,Heritage & talks,Lisbon,Palácio Nacional da Ajuda,50,Unknown,,This heritage event on September 19 at 10:00 invites visitors to discover Palácio Nacional da Ajuda through guided exploration during Europe's annual cultural celebration.,,https://www.nocartaz.pt/concelhos/lisboa/,2026-09-13,
2026-09-19,2026-09-19,Macbeth,Event,Theatre & performance,Lisbon,Teatro Nacional D. Maria II,50,Unknown,,"Shakespeare's classic tragedy of ambition and power, staged at Teatro Nacional D. Maria II as part of the theatre's reopening.",,https://www.nocartaz.pt/concelhos/lisboa/,2026-09-13,
2026-09-19,2026-09-19,Mariana Brissos Quarteto,Event,Local concert,Lisbon,Hot Clube de Portugal,50,Unknown,,"The jazz ensemble performs outdoors at Jardim Botânico de Lisboa on September 19 at 17:00, offering an intimate afternoon concert in a botanical garden setting.",,https://www.nocartaz.pt/concelhos/lisboa/,2026-09-13,
2026-09-19,2026-09-20,The Dog Days Are Over 2.0,Event,Theatre & performance,Lisbon,CCB — Grande Auditório,50,Unknown,,"Jan Martens restages his physical, relentless choreography with a new cast of dancers.",,https://www.nocartaz.pt/eventos/bb1c07ef70ba94ae/,2026-09-13,
2026-09-19,2026-09-19,Visita Oficina Quantos Sou? — Sessão Descontraída (Workshop Visit: 'How Many Am I?'),Event,Workshop,Lisbon,Casa Fernando Pessoa,50,Unknown,,"This workshop-visit occurs at Casa Fernando Pessoa on September 19 at 11:00, providing an informal, interactive experience exploring identity through Pessoa's literary legacy.",,https://www.nocartaz.pt/concelhos/lisboa/,2026-09-13,
2026-09-19,2026-09-19,Jornadas Europeias do Património: visita guiada aos bastidores do museu (European Heritage Days: Backstage Museum Tour),Event,Heritage & talks,Mafra,Museu Nacional da Música,85,Paid,6.37,"A rare opportunity to access the national collection's storage and backstage areas, at Museu Nacional da Música on September 19 at 15:00, admission from €6.37.",,https://www.nocartaz.pt/concelhos/mafra/,2026-09-13,
2026-09-19,2026-09-19,Nanã Sousa Dias Sexteto — 45 anos de carreira (45-Year Career),Event,Local concert,Mafra,Auditório Municipal Beatriz Costa,85,Unknown,,"The saxophonist celebrates 45 years of career with a sextet jazz performance September 18 at 23:00, with a separate concert September 19 at the Auditório Municipal Beatriz Costa.",,https://www.nocartaz.pt/concelhos/mafra/,2026-09-13,
2026-09-19,2026-09-19,Roda de Samba com Nani Medeiros & Banda,Event,Local concert,Olhão,Associação Cultural República 14,290,Unknown,,Live samba circle performance with Nani Medeiros and band.,One-off,https://www.viralagenda.com/pt/faro,2026-09-19,
2026-09-19,2026-09-19,Hora do Conto — Onde as histórias ganham asas (Story Time: Where Stories Grow Wings),Event,Family,Paredes,Casa da Cultura de Paredes,330,Unknown,,"Storytelling session for children at Casa da Cultura de Paredes, September 19, to help young listeners ""imagine, feel and grow"" through narrative.",,https://www.nocartaz.pt/concelhos/paredes/,2026-09-13,
2026-09-19,2026-09-19,Vítor Sá — Arraial! (Street Party!),Event,Theatre & performance,Paredes,Centro Cultural de Paredes (CCP),330,Unknown,,,,https://www.nocartaz.pt/concelhos/paredes/,2026-09-13,
2026-09-19,2026-09-19,Sentir o Verão — VIA + DJ panoptic,Event,Local concert,Penafiel,Ponto C — Cultura e Criatividade,340,Unknown,,"Live set by VIA followed by DJ panoptic, closing the council's Sentir o Verão summer programme.",One-off,https://www.viralagenda.com/pt/events/1846706/sentir-o-verao-via-dj-panoptic,2026-09-17,
2026-09-19,2026-09-19,10ª Maratona da Maternidade (10th Motherhood Marathon),Event,Community,Porto,Fundação Dr. António Cupertino de Miranda,320,Unknown,,"An event dedicated to motherhood, held at Fundação Dr. António Cupertino de Miranda on Saturday, September 19 at 9:00, focusing on health and family topics.",,https://www.nocartaz.pt/concelhos/porto/,2026-09-13,
2026-09-19,2026-09-19,Bonds Festival (3rd edition),Music festival,Festival,Porto,"Casa da Música, Sala 2",290,Paid,25,"Third edition of the Bonds Festival, 18:00",Annual,https://casadamusica.com/en/event/bonds-festival-2/?selected_session=53733,2026-09-09,
2026-09-19,2026-09-19,Hugo Sousa — Aqui Entre Nós (Just Between Us),Event,Theatre & performance,Porto,Teatro Sá da Bandeira,320,Unknown,,"The Porto-born comedian presents his solo stand-up show, with brand-new stories, at Teatro Sá da Bandeira on September 19 and 24.",,https://www.nocartaz.pt/concelhos/porto/,2026-09-13,
2026-09-19,2026-09-19,Movo-me em tempo elétrico — Ana Pérez-Quiroga (I Move in Electric Time),Event,Art exhibit,Porto,Sismógrafo,320,Unknown,,New work by Ana Pérez-Quiroga at the independent Sismógrafo.,,https://www.nocartaz.pt/concelhos/porto/,2026-09-13,
2026-09-19,2026-09-19,"O Inferno, Dantes (Hell, Beforehand — a play on Dante)",Event,Art exhibit,Porto,Galeria São Mamede,320,Unknown,,"An individual exhibition by artist and researcher Catarina Patrício, at Galeria São Mamede in Porto, opening September 19.",,https://www.nocartaz.pt/concelhos/porto/,2026-09-13,
2026-09-19,2026-09-19,Prémio Árvore das Virtudes 2026,Exhibition,Art exhibit,Porto,Cooperativa Árvore,290,Unknown,,Group show featuring works by the 23 finalist artists of the Árvore das Virtudes prize.,,https://www.nocartaz.pt/distrito/porto/exposicoes/,2026-09-16,
2026-09-19,2026-09-19,Refracted,Event,Local concert,Porto,Gare Porto,320,Unknown,,"Spanish techno producer performs at Gare Porto on Saturday, September 19 at 23:00, delivering deep, hypnotic techno.",,https://www.nocartaz.pt/concelhos/porto/,2026-09-13,
2026-09-19,2026-09-19,Rouxinol Faduncho,Event,Theatre & performance,Porto,Teatro Sá da Bandeira,320,Unknown,,Marco Horácio's character celebrates fado with a straight face.,,https://www.nocartaz.pt/concelhos/porto/,2026-09-13,
2026-09-19,2026-09-19,Slide Bones Symbiosis,Event,Theatre & performance,Porto,Teatro Municipal Rivoli,320,Unknown,,"The prestigious trombone ensemble presents an outdoor performance at Teatro Municipal Rivoli, on September 19 at 15:00.",,https://www.nocartaz.pt/concelhos/porto/,2026-09-13,
2026-09-19,2026-09-19,Unsafe Space Garden,Event,Theatre & performance,Porto,Teatro Municipal Rivoli,320,Unknown,,"Experimental, theatrical Portuguese rock — free at the Rivoli.",,https://www.nocartaz.pt/concelhos/porto/,2026-09-13,
2026-09-19,2026-09-19,Visita guiada ao Treetop Walk (Guided Treetop Walk Tour),Event,Unique experience,Porto,Fundação de Serralves,320,Unknown,,"Guided tour at Fundação de Serralves, on Saturday, September 19 at 11:00, offering access to nature-based installations at the cultural foundation.",,https://www.nocartaz.pt/concelhos/porto/,2026-09-13,
2026-09-19,2026-09-19,I'A'V | Curadoria Basqueiro,Event,Local concert,Santa Maria da Feira,Cineteatro António Lamoso,290,Unknown,,A night of music curated by the independent Basqueiro Cultural Association at Cineteatro António Lamoso on September 19 at 21:30.,,https://www.nocartaz.pt/concelhos/santa-maria-da-feira/,2026-09-13,
2026-09-19,2026-09-19,Bruna Louise: Novo Show (New Show),Event,Theatre & performance,Santarém,CNEMA - Centro Nacional de Exposições,110,Unknown,,"Brazilian comedian Bruna Louise brings her unfiltered humor to Santarém in a stand-up performance, Saturday, September 19 at CNEMA.",,https://www.nocartaz.pt/concelhos/santarem/,2026-09-13,
2026-09-19,2026-09-19,Santarém Pride March (7.ª Marcha do Orgulho de Santarém),March,Pride,Santarém,Santarém city centre,90,Free,0,LGBTQIA+ Pride march through Santarém — 7th edition,Annual,https://maisribatejo.pt/marcha-orgulho-santarem-19-setembro-2026/,2026-09-09,
2026-09-19,2026-09-27,Canta-me Uma História,Event,Family,Seixal,Seixal (cidade),8,Unknown,,A week of storytelling sessions for children held around Seixal.,One-off,https://www.viralagenda.com/pt/setubal,2026-09-19,
2026-09-19,2026-09-19,Ateliê Arco-íris Sensorial (Sensory Rainbow Workshop),Workshop,Family,Sesimbra,"Sala Infantojuvenil, Biblioteca Municipal de Sesimbra",26,Free,0,Sensory art activities offered September 19 in the Sala Infantojuvenil at Biblioteca Municipal de Sesimbra for children's creative development.,One-off,https://www.sesimbra.pt/geral/agenda-online,2026-09-15,
2026-09-19,2026-09-19,Espaço Bebeteca - Um Conto e Dois Passos (Baby Story Corner: 'A Tale and Two Steps'),Storytime,Family,Sesimbra,"Sala Infantojuvenil, Biblioteca Municipal de Sesimbra",26,Free,0,This September 19 event at the Sala Infantojuvenil in Biblioteca Municipal de Sesimbra combines storytelling with movement activities for infants and toddlers.,One-off,https://www.sesimbra.pt/geral/agenda-online,2026-09-15,
2026-09-19,2026-09-19,Tertúlia Poética Entre Versos e Vozes (Poetry Gathering: Between Verses & Voices),Talk,Community,Sesimbra,Polo de Leitura da Quinta do Conde,26,Free,0,"Poetry discussion gathering on September 19 at Polo de Leitura da Quinta do Conde, featuring community members sharing verse and literary perspectives.",One-off,https://www.sesimbra.pt/geral/agenda-online,2026-09-15,
2026-09-19,2026-09-19,Bocage Poetry Circuit,Performance,Theatre & performance,Setúbal,Av. Luísa Todi to Largo da Misericórdia,0,Free,0,Poetry route with theatrical performances and musicians,Annual,https://www.mun-setubal.pt/guia-de-eventos/,2026-09-08,
2026-09-19,2026-09-19,District Centenary Parade,Parade,Theatre & performance,Setúbal,From the port to Praça de Bocage,0,Free,0,"Historical procession marking 100 years of Setúbal as district capital, ending in a reenactment",One-off,https://www.mun-setubal.pt/guia-de-eventos/,2026-09-08,
2026-09-19,2026-09-20,I Never Told Anyone About This (Nunca Falei Disto a Ninguém),Theatre,Theatre & performance,Setúbal,União Setubalense,0,Donation,,"Trio sharing war stories through word, music and poetry",Two performances,https://www.mun-setubal.pt/guia-de-eventos/,2026-09-08,
2026-09-19,2026-09-19,Summer of Hate,Concert,Local concert,Setúbal,Casa da Cultura (Culture House),0,Unknown,,"Concert, 21:30",One-off,https://www.casadacultura-setubal.pt/programacao/,2026-09-08,
2026-09-19,2026-09-19,Jamais le deuxième soir,Event,Theatre & performance,São Brás de Alportel,Cine-Teatro São Brás de Alportel,290,Unknown,,French-language theatre production staged at the Cine-Teatro.,One-off,https://www.viralagenda.com/pt/faro,2026-09-19,
2026-09-19,2026-09-19,Showcooking | Chef no Frasco (Chef in a Jar),Event,Workshop,Torres Vedras,Mercado Municipal de Torres Vedras,100,Free,,"This culinary demonstration presents a simple, creative way to prepare meals using jarred ingredients, scheduled for September 12, 13, 19 and 20.",,https://onfm.pt/2026/08/31/mercado-municipal-de-torres-vedras-celebra-16-anos-com-programacao-especial-durante-o-mes-de-setembro/,2026-09-13,
2026-09-19,2026-09-19,32nd FIMG — Symphonic Concert (32.º FIMG — Concerto Sinfónico),Concert,Local concert,Vila Nova de Gaia,Auditório Municipal de Vila Nova de Gaia,280,Unknown,,"An orchestral performance integrated into the prestigious 32nd International Music Festival of Gaia, Saturday, September 19 at the Municipal Auditorium of Vila Nova de Gaia.",Annual,https://www.nocartaz.pt/concelhos/vila-nova-de-gaia/,2026-09-09,
2026-09-19,2026-09-19,Cine Society: La La Land,Film,Cinema,Vila Nova de Gaia,World of Wine (WOW),280,Paid,14.5,Open-air screening under the stars; deckchairs and headphones provided.,Seasonal,https://shop.cinesociety.pt/,2026-09-13,
2026-09-19,2026-09-19,Fragmentos do Mosteiro da Batalha na Coleção do Solar,Exhibition,Heritage & talks,Vila Nova de Gaia,Solar Condes de Resende,280,Unknown,,Fragments from the Batalha Monastery featured in the Solar's collection.,,https://www.nocartaz.pt/distrito/porto/exposicoes/,2026-09-16,
2026-09-19,2026-09-19,Heavenwood — showcase de 30 anos,Event,Local concert,Vila Nova de Gaia,FNAC GaiaShopping,280,Unknown,,Gothic-metal pioneers Heavenwood mark 30 years with an in-store showcase of their new album.,One-off,https://www.nocartaz.pt/eventos/6ebe7ea56b958af3/,2026-09-17,
2026-09-19,2026-09-19,Susana Piedade — apresentação de novo romance,Event,Heritage & talks,Vila Nova de Gaia,FNAC GaiaShopping,280,Unknown,,LeYa Prize finalist Susana Piedade launches and discusses her new novel.,One-off,https://www.nocartaz.pt/eventos/a544f89596571192/,2026-09-17,
2026-09-19,2026-09-19,Ângulo Morto,Event,Theatre & performance,Vila Real de Santo António,Centro Cultural António Aleixo,300,Unknown,,Theatre performance at the Centro Cultural António Aleixo.,One-off,https://www.viralagenda.com/pt/faro,2026-09-19,
2026-09-19,2026-09-19,May B,Event,Theatre & performance,Viseu,Teatro Viriato,270,Unknown,,,,https://www.nocartaz.pt/concelhos/viseu/,2026-09-13,
2026-09-19,2026-09-19,No Trilho do Lobo (On the Wolf's Trail),Event,Family,Viseu,Teatro Viriato,270,Unknown,,,,https://www.nocartaz.pt/concelhos/viseu/,2026-09-13,
2026-09-19,2026-09-19,"A vida feral na luz, sem desviar o olhar",Event,Theatre & performance,Évora,Teatro Garcia de Resende,240,Unknown,,New contemporary dance creation by Nélia Pinheiro at the 21st FIDANC festival.,One-off,https://www.nocartaz.pt/concelhos/evora/,2026-09-19,
2026-09-20,2026-09-20,Carolina de Deus @ Festival Alma do Vinho,Concert,Local concert,Alenquer,Alma do Vinho,90,Unknown,,Rising Portuguese pop voice Carolina de Deus closes out the Alma do Vinho wine festival weekend.,,https://www.nocartaz.pt/concelhos/alenquer/,2026-09-16,
2026-09-20,2026-09-20,Exílio em Manaus,Event,Theatre & performance,Almada,Teatro-Estúdio António Assunção,40,Unknown,,Stage play at the Teatro-Estúdio António Assunção.,One-off,https://www.cm-almada.pt/exilio-em-manaus-teatro,2026-09-17,
2026-09-20,2026-09-20,Domingos com Música — Gustaaf van Manen,Event,Local concert,Angra do Heroísmo,Teatro Angrense,,Unknown,,Sunday piano recital by composer Gustaaf van Manen.,Series,https://www.nocartaz.pt/concelhos/angra-do-heroismo/,2026-09-19,
2026-09-20,2026-09-20,O Cinema da Minha Vida — A Voz de Hind Rajab,Event,Cinema,Angra do Heroísmo,Teatro Angrense,,Unknown,,Screening in the Teatro Angrense film cycle 'O Cinema da Minha Vida'.,Series,https://www.nocartaz.pt/concelhos/angra-do-heroismo/,2026-09-19,
2026-09-20,2026-09-20,Nova Arcada Braga Blues,Festival,Festival,Braga,Espaço Vita,400,Unknown,,"The city's flagship blues festival, bringing blues rhythms to Braga across multiple dates in September and October.",Annual,https://www.nocartaz.pt/concelhos/braga/,2026-09-09,
2026-09-20,2026-09-20,Tsunamiz @ Fnac,Concert,Local concert,Coimbra,FNAC Coimbra (Fórum Coimbra),200,Free,0,An intimate in-store showcase by the indie-pop musician Tsunamiz.,One-off,https://www.nocartaz.pt/concelhos/coimbra/,2026-09-20,
2026-09-20,2026-09-20,"Where Music Grows, de Katrine Philp",Event,Cinema,Coimbra,Jardim Botânico da Universidade de Coimbra,200,Unknown,,Open-air screening of Katrine Philp documentary in the university botanical garden.,One-off,https://www.nocartaz.pt/concelhos/coimbra/,2026-09-20,
2026-09-20,2026-09-20,Elisa Rodrigues no Scat,Concert,Local concert,Funchal,Scat Funchal Music Club,Island,Unknown,,One of Portugal's leading jazz singers in a club-sized room.,One-off,https://www.nocartaz.pt/concelhos/funchal/,2026-09-13,
2026-09-20,2026-09-20,Recital de Acordeão e Piano (Accordion & Piano Recital),Concert,Local concert,Gondomar,Auditório Municipal de Gondomar,320,Unknown,,"Two performances: Sunday, September 20 at the Municipal Auditorium, a ""diálogo camarístico"" between accordion and piano; and at Casa Branca de Gramido, ""diálogo sonoro"" in a riverside setting. Performers: Pedro Santos and Joana Santos.",One-off,https://www.nocartaz.pt/concelhos/gondomar/,2026-09-13,
2026-09-20,2026-09-20,Leiria LGBTQIA+ Rights March (6.ª Marcha pelos Direitos LGBTQIA+),March,Pride,Leiria,Leiria city centre,150,Free,0,LGBTQIA+ rights march through Leiria — 6th edition,Annual,https://jamarchavas.pt/calendario-de-marchas-lgbtqia-2026/,2026-09-09,
2026-09-20,2026-09-20,Ahmed Spins,Concert,Local concert,Lisbon,Quinta Mira Rio,50,Unknown,,Melodic Afro house from the South African producer at a riverside day party.,One-off,https://www.nocartaz.pt/distrito/lisboa/concertos/,2026-09-20,
2026-09-20,2026-09-20,Cine Society: Dirty Dancing,Film,Cinema,Lisbon,Beato Riverside Rooftop,50,Paid,14.5,Open-air screening under the stars; deckchairs and headphones provided.,Seasonal,https://shop.cinesociety.pt/,2026-09-13,
2026-09-20,2026-09-20,Cine Society: Pitch Perfect,Film,Cinema,Lisbon,Príncipe Real Terrace,50,Paid,14.5,Open-air screening under the stars; deckchairs and headphones provided.,Seasonal,https://shop.cinesociety.pt/,2026-09-13,
2026-09-20,2026-09-20,Filminhos Infantis à Solta Pelo País,Event,Cinema,Lisbon,Palácio Baldaya,50,Unknown,,Special screening of animated shorts for young children.,One-off,https://www.nocartaz.pt/distrito/lisboa/infantil/,2026-09-19,
2026-09-20,2026-09-20,IdiotHeque,Concert,Local concert,Lisbon,BOTA Anjos,50,Unknown,,A ten-piece collective crossing electro-funk with Afrobeat.,One-off,https://www.nocartaz.pt/distrito/lisboa/concertos/,2026-09-20,
2026-09-20,2026-09-20,Latexfauna,Concert,Local concert,Lisbon,LAV — Lisboa ao Vivo,50,Unknown,,Ukrainian band playing danceable synth-pop and indie rock on its European tour.,One-off,https://www.nocartaz.pt/distrito/lisboa/concertos/,2026-09-20,
2026-09-20,2026-09-20,Mac DeMarco — Guitar,Concert,Local concert,Lisbon,LAV — Lisboa ao Vivo,50,Unknown,,The Canadian slacker-rock songwriter presents his new record Guitar.,One-off,https://www.nocartaz.pt/distrito/lisboa/concertos/,2026-09-20,
2026-09-20,2026-09-20,Quarteto Achillea,Concert,Local concert,Lisbon,BOTA Anjos,50,Unknown,,A chamber quartet playing music drawn from its members roots and musical memory.,One-off,https://www.nocartaz.pt/distrito/lisboa/concertos/,2026-09-20,
2026-09-20,2026-09-20,Render Solene da Guarda ao Palácio Nacional de Belém (Solemn Changing of the Guard),Ceremony,Heritage & talks,Lisbon,Palácio Nacional de Belém,45,Free,0,"Solemn monthly changing of the guard with 160 GNR troops, a mounted cavalry band, and an equestrian display in the palace garden.",Monthly (3rd Sunday),https://www.gnr.pt/renderdaguarda.aspx,2026-09-08,
2026-09-20,2026-09-20,Romeu Bairos,Concert,Local concert,Lisbon,Casa do Capitão,50,Unknown,,Traditional Azorean song reworked with contemporary arrangements.,One-off,https://www.nocartaz.pt/distrito/lisboa/concertos/,2026-09-20,
2026-09-20,2026-09-20,São Carlos abre temporada 2026/27 — Mozart e Ravel,Concert,Major concert,Lisbon,Teatro Nacional de São Carlos,50,Paid,,The opera house opens its 2026/27 season with Mozart and Ravel.,One-off,https://www.nocartaz.pt/distrito/lisboa/concertos/,2026-09-20,
2026-09-20,2026-09-20,Volmir Cordeiro na Fundação Arpad Szenes – Vieira da Silva,Event,Theatre & performance,Lisbon,Fundação Arpad Szenes – Vieira da Silva,50,Unknown,,Brazilian choreographer and dancer Volmir Cordeiro performs inside the museum.,One-off,https://www.nocartaz.pt/eventos/55176183b81b5640/,2026-09-17,
2026-09-20,2026-09-20,La Pazienza di Socrate — ópera cómica (comic opera),Event,Local concert,Mafra,Museu Nacional da Música,85,Paid,6.37,"A rare staging of Antonio Draghi's baroque comic opera in an intimate setting, at Museu Nacional da Música on September 20 at 18:00, tickets from €6.37.",,https://www.nocartaz.pt/concelhos/mafra/,2026-09-13,
2026-09-20,2026-09-20,Quando a história se alia à Botânica: a verdadeira tinta de bugalho (When History Meets Botany: Real Oak-Gall Ink),Event,Workshop,Mafra,Complexo Cultural Quinta da Raposa,85,Unknown,,"An interactive workshop combining history and botany, September 25 at 23:00, with a repeat session September 26 at 15:00 at Complexo Cultural Quinta da Raposa.",,https://www.nocartaz.pt/concelhos/mafra/,2026-09-13,
2026-09-20,2026-09-20,The English Dancing Master,Event,Local concert,Mafra,Museu Nacional da Música,85,Paid,6.37,"A concert dedicated to 17th-century English dance repertoire, at Museu Nacional da Música on September 20 at 18:00, priced from €6.37.",,https://www.nocartaz.pt/concelhos/mafra/,2026-09-13,
2026-09-20,2026-09-20,Iúri Oliveira,Event,Local concert,Ovar,Centro de Arte de Ovar,280,Unknown,,The Cape Verdean percussionist works ancestral rhythms against electronics.,,https://www.nocartaz.pt/concelhos/ovar/,2026-09-13,
2026-09-20,2026-09-20,As Jóias dos Escritores: Camilo Castelo Branco (Writers' Jewels),Exhibition,Heritage & talks,Porto,Fundação Eng. António de Almeida,290,Unknown,,Exhibition on personal jewellery and objects belonging to writer Camilo Castelo Branco.,,https://www.nocartaz.pt/distrito/porto/exposicoes/,2026-09-16,
2026-09-20,2026-09-20,Berlioz in Italy (family concert),Family,Family,Porto,"Casa da Música, Sala Suggia",290,Paid,14,"Family concert introducing Berlioz, 12:00",One-off,https://casadamusica.com/en/event/berlioz-in-italy/?selected_session=47203,2026-09-09,
2026-09-20,2026-09-20,"Concertos Promenade 2026 — Os Prelúdios, de Liszt (Liszt's Préludes)",Event,Major concert,Porto,Coliseu Porto Ageas,320,Unknown,,"Liszt's symphonic poem Os Prelúdios receives a performance with commentary, on Sunday, September 20 at 11:00, across venues including Coliseu Porto Ageas and Passos Manuel.",,https://www.nocartaz.pt/concelhos/porto/,2026-09-13,
2026-09-20,2026-09-20,FC Porto v Benfica (O Clássico),Football,Sport,Porto,Estádio do Dragão,290,Paid,,"This is a Portuguese league match between two of the country's biggest rivals, taking place at Estádio do Dragão on September 20 at 20:30, as part of the seventh matchday of the Liga Portugal season.",League fixture,https://golo.fm/destaque/liga-conhecida-a-data-e-horario-do-classico-entre-fc-porto-e-benfica/,2026-09-09,
2026-09-20,2026-09-20,Patrick Mason,Event,Local concert,Porto,Gare Porto,320,Unknown,,The Berlin performer-DJ's contagious energy in the Gare booth.,,https://www.nocartaz.pt/concelhos/porto/,2026-09-13,
2026-09-20,2026-09-20,Pulso 2026,Event,Theatre & performance,Porto,Instável — Centro Coreográfico,310,Unknown,,Showcase of new contemporary dance works.,One-off,https://www.nocartaz.pt/distrito/porto/danca/,2026-09-19,
2026-09-20,2026-09-20,Setembro Dourado on Stage (Golden September on Stage),Concert,Local concert,Porto,"Casa da Música, Sala 2",290,Free,0,"Free showcase concert, 15:00",One-off,https://casadamusica.com/en/event/setembro-dourado-on-stage/?selected_session=56253,2026-09-09,
2026-09-20,2026-09-20,Recycled-Materials Raft Regatta,Sport / fun,Sport,Setúbal,Albarquel Urban Park,0,Paid,5 per boat,Race in rafts built on the spot from recycled materials,Annual,https://www.mun-setubal.pt/guia-de-eventos/,2026-09-08,
2026-09-20,2026-10-06,Setúbal Open (ITF tennis),Sport,Sport,Setúbal,Setúbal Tennis Club,0,Free,0,"11th Setúbal Open plus two more international ITF tournaments back to back, with world-ranking points and $30,000 in prize money.",Annual,https://noticias.mun-setubal.pt/desporto/setubal-acolhe-tres-torneios-internacionais-de-tenis-em-17-dias/,2026-09-08,
2026-09-20,2026-09-20,Carolina Deslandes,Concert,Local concert,Sintra,Parque Marechal Carmona — Anfiteatro,65,Unknown,,One of the biggest voices in Portuguese pop sings outdoors in the Cascais-line park amphitheatre.,One-off,https://www.nocartaz.pt/distrito/lisboa/concertos/,2026-09-20,
2026-09-20,2026-09-20,Xinobi,Concert,Local concert,Sintra,Parque Marechal Carmona — Anfiteatro,65,Unknown,,Portuguese electronic producer closes the park amphitheatre night with a live dance set.,One-off,https://www.nocartaz.pt/distrito/lisboa/concertos/,2026-09-20,
2026-09-20,2026-09-20,Teatro Infantil | O Ladrão das Folhas (Children's Theatre: The Leaf Thief),Event,Family,Torres Vedras,Mercado Municipal de Torres Vedras,100,Free,,"CATIVAR theater company presents this children's show inspired by Alice Hemming's book, September 20 at 11:00, free of charge.",,https://onfm.pt/2026/08/31/mercado-municipal-de-torres-vedras-celebra-16-anos-com-programacao-especial-durante-o-mes-de-setembro/,2026-09-13,
2026-09-20,2026-09-20,CICLO CORES: Rita Reis / Sancha Meca Castro,Event,Theatre & performance,Vila Nova de Gaia,Armazém 22,280,Unknown,,New contemporary stage work by Rita Reis and Sancha Meca Castro.,One-off,https://www.nocartaz.pt/eventos/aaafa8ef58c9e0dc/,2026-09-17,
2026-09-20,2026-09-20,Cine Society: Knives Out,Film,Cinema,Vila Nova de Gaia,World of Wine (WOW),280,Paid,14.5,Open-air screening under the stars; deckchairs and headphones provided.,Seasonal,https://shop.cinesociety.pt/,2026-09-13,
2026-09-20,2026-11-15,"Mirror, Reflection — Manuel Casimiro (Espelho, Reflexão, de Manuel Casimiro)",Exhibition,Art exhibit,Vila Nova de Gaia,Casa Barbot,280,Free,0,"A visual art exhibition by the renowned artist Manuel Casimiro at Casa Barbot, opening Sunday, September 20 at 10:00.",One-off,https://www.nocartaz.pt/concelhos/vila-nova-de-gaia/,2026-09-09,
2026-09-21,2026-09-21,O Museu Invisível: Visita às Reservas Museológicas,Event,Unique experience,Almada,Reservas do Museu de Almada,40,Free,0,"Rare guided tour of the museum stores, where the objects not on display are kept; booking required.",One-off,https://www.cm-almada.pt/museus/o-museu-invisivel-visita-orientada-as-reservas-museologicas,2026-09-17,
2026-09-21,2026-09-21,A Amiga Silenciosa,Event,Theatre & performance,Coimbra,Teatro Académico Gil Vicente (TAGV),200,Paid,,A stage piece in the TAGV season.,One-off,https://www.nocartaz.pt/concelhos/coimbra/,2026-09-20,
2026-09-21,2026-09-21,Los Devoró la Selva,Event,Theatre & performance,Coimbra,Teatrão — Oficina Municipal do Teatro,200,Paid,,"A staged piece followed by a workshop and a talk, part of Todos São Palco.",One-off,https://www.nocartaz.pt/concelhos/coimbra/,2026-09-20,
2026-09-21,2026-09-21,Os Respigadores e a Respigadora,Event,Cinema,Coimbra,Teatro Académico Gil Vicente (TAGV),200,Paid,,Agnès Varda acclaimed documentary on gleaning and waste.,One-off,https://www.nocartaz.pt/concelhos/coimbra/,2026-09-20,
2026-09-21,2026-09-21,Insularity and Island Futures — Dr Magdalena Mosteanu,Talk,Heritage & talks,Funchal,Estúdio de Criação Artística,Island,Unknown,,Performance-lecture on what it means to live on an island and where that leads.,One-off,https://www.nocartaz.pt/concelhos/funchal/,2026-09-13,
2026-09-21,2026-09-21,Cine Society: The Notebook,Film,Cinema,Lisbon,Príncipe Real Terrace,50,Paid,14.5,Open-air screening under the stars; deckchairs and headphones provided.,Seasonal,https://shop.cinesociety.pt/,2026-09-13,
2026-09-21,2026-09-21,Mac DeMarco — Guitar,Concert,Local concert,Lisbon,LAV — Lisboa ao Vivo,50,Unknown,,Second Lisbon night for the Canadian indie songwriter presenting his album Guitar.,One-off,https://www.nocartaz.pt/distrito/lisboa/concertos/,2026-09-20,
2026-09-21,2026-09-21,CineMafra — Ange,Event,Cinema,Mafra,Auditório Municipal Beatriz Costa,85,Unknown,,"A screening at Auditório Municipal Beatriz Costa on September 21, part of the regular CineMafra film series.",,https://www.nocartaz.pt/concelhos/mafra/,2026-09-13,
2026-09-21,2026-09-21,Microvolumes 4.88,Event,Local concert,Porto,Sonoscopia Associação,320,Paid,6,Avant-garde electronics and French new wave: Balladur and Heimat.,,https://www.nocartaz.pt/concelhos/porto/,2026-09-13,
2026-09-21,2026-09-21,Apanha-me Se Puderes (Catch Me If You Can),Event,Cinema,Setúbal,Fórum Municipal Luísa Todi,0,Unknown,,"This Spielberg classic screens as part of the Luísa Todi cinema cycle on Monday, September 21 at 21:00.",,https://www.nocartaz.pt/concelhos/setubal/,2026-09-13,
2026-09-21,2026-09-21,Cine Society: The Truman Show,Film,Cinema,Vila Nova de Gaia,World of Wine (WOW),280,Paid,14.5,Open-air screening under the stars; deckchairs and headphones provided.,Seasonal,https://shop.cinesociety.pt/,2026-09-13,
2026-09-21,2026-09-21,Sons no Património — Líquen,Event,Local concert,Vila Nova de Gaia,Espaço Corpus Christi,280,Unknown,,Concert by Líquen in the Sons no Património series of music in heritage buildings.,One-off,https://www.nocartaz.pt/eventos/f51c947dfba28d59/,2026-09-17,
2026-09-22,2026-09-22,Leitura Dramatúrgica em Voz Alta: Ficas a Ler? — Novas Dramaturgias,Event,Theatre & performance,Almada,Biblioteca Central de Almada,40,Free,0,Actors read new Portuguese plays aloud in the library.,One-off,https://www.cm-almada.pt/leitura-dramaturgica-em-voz-alta-ficas-a-ler-novas-dramaturgias,2026-09-17,
2026-09-22,2026-09-22,Recital de Piano com Keunyoung Lee,Event,Local concert,Almada,Convento dos Capuchos,40,Unknown,,Solo piano recital by Korean pianist Keunyoung Lee.,One-off,https://www.cm-almada.pt/museus/recital-de-piano-com-keunyoung-lee,2026-09-17,
2026-09-22,2026-09-22,Lucky Star Film Cycle (Ciclo de Cinema Lucky Star),Film,Cinema,Braga,Biblioteca Lúcio Craveiro da Silva,400,Free,0,"The cycle screens acclaimed films including Chris Marker's Sans Soleil and Mati Diop's Dahomey (2024), on Tuesday and Wednesday evenings at the library.",Recurring,https://www.nocartaz.pt/concelhos/braga/,2026-09-09,
2026-09-22,2026-09-22,Wisdom in Words: Portuguese Proverbs (Workshop Sabedoria em Palavras: Provérbios Portugueses),Workshop,Workshop,Braga,Biblioteca Lúcio Craveiro da Silva,400,Free,0,A workshop on Portuguese proverbs — good Portuguese practice,One-off,https://www.nocartaz.pt/concelhos/braga/,2026-09-09,
2026-09-22,2026-09-22,Beatriz Madruga — Café Curto,Concert,Local concert,Coimbra,Biblioteca Municipal de Coimbra,200,Free,0,The singer-songwriter plays the library Café Curto series.,One-off,https://www.nocartaz.pt/concelhos/coimbra/,2026-09-20,
2026-09-22,2026-09-22,Fado Contado — Terças com Poesia (Storytold Fado: Poetry Tuesdays),Concert,Local concert,Figueira da Foz,CAE — Centro de Artes e Espetáculos da Figueira da Foz,230,Free,0,Intimate evening crossing traditional fado with spoken poetry.,Recurring,https://www.nocartaz.pt/concelhos/figueira-da-foz/,2026-09-13,
2026-09-22,2026-09-22,ANABELA — 40 Anos de Carreira,Concert,Local concert,Lisbon,Teatro da Trindade INATEL,50,Paid,,The Portuguese singer marks four decades on stage with a career-spanning concert.,One-off,https://www.nocartaz.pt/distrito/lisboa/concertos/,2026-09-20,
2026-09-22,2026-09-22,Black Cat Cinema: Thelma & Louise,Event,Cinema,Lisbon,Palácio do Grilo,50,Paid,14,Open-air screening with live music and food stalls; doors 19:00.,,https://tickets.theblackcatcinema.com/events/blackcatcinema/,2026-09-13,
2026-09-22,2026-09-22,Cine Society: The Rocky Horror Picture Show,Film,Cinema,Lisbon,Príncipe Real Terrace,50,Paid,14.5,Open-air screening under the stars; deckchairs and headphones provided.,Seasonal,https://shop.cinesociety.pt/,2026-09-13,
2026-09-22,2026-09-22,Crosscurrents — A Música de Lennie Tristano,Concert,Local concert,Lisbon,Távola Jazz Club,50,Unknown,,A live jazz tribute to the intricate writing of the vanguard pianist Lennie Tristano.,One-off,https://www.nocartaz.pt/distrito/lisboa/concertos/,2026-09-20,
2026-09-22,2026-09-22,Felipe Fontenelle,Concert,Local concert,Lisbon,Doca de Santo,50,Unknown,,Brazilian singer-guitarist playing a riverside dockside set.,One-off,https://www.nocartaz.pt/distrito/lisboa/concertos/,2026-09-20,
2026-09-22,2026-09-22,Charity Concert — Portuguese Red Cross,Concert,Local concert,Porto,"Casa da Música, Sala Suggia",290,Paid,15–20,"Benefit concert for the Portuguese Red Cross, 21:30",One-off,https://casadamusica.com/en/event/charity-concert/?selected_session=54133,2026-09-09,
2026-09-22,2026-09-22,Einar Solberg / Royal Sorrow,Event,Local concert,Porto,M.Ou.Co.,320,Paid,,"Two performances on September 22: Royal Sorrow at M.Ou.Co at 18:00, and Einar Solberg (Leprous vocalist) at Mouco Hotel at 19:30, in intimate, piano-focused settings.",,https://www.nocartaz.pt/concelhos/porto/,2026-09-13,
2026-09-22,2026-09-22,Heavenwood,Event,Major concert,Porto,Coliseu Porto Ageas,320,Paid,,"Historic Portuguese gothic metal band, described as pioneers of the national gothic metal scene, performs at Coliseu Porto Ageas on September 17 and 22.",,https://www.nocartaz.pt/concelhos/porto/,2026-09-13,
2026-09-22,2026-09-22,Porta Jazz: João Fragoso + Vera Morais,Event,Local concert,Porto,Maus Hábitos,320,Paid,,"Intimate jazz session pairing voice and double bass, at Maus Hábitos on September 22 at 22:00, under the Porta-Jazz concert series.",,https://www.nocartaz.pt/concelhos/porto/,2026-09-13,
2026-09-22,2026-09-22,Aqui Há História - Abrigos (Story Time: 'Shelters'),Storytime,Family,Sesimbra,Polo de Leitura da Quinta do Conde,26,Free,0,This September 22 historical presentation at Polo de Leitura da Quinta do Conde explores shelters and their significance in local heritage.,One-off,https://www.sesimbra.pt/geral/agenda-online,2026-09-15,
2026-09-22,2026-09-22,Oficina Art&Manhas (Arts & Tricks Workshop),Workshop,Workshop,Sesimbra,Polo de Leitura da Quinta do Conde,26,Free,0,"Creative workshop offered September 22 at Polo de Leitura da Quinta do Conde, providing hands-on artistic techniques and crafting instruction.",One-off,https://www.sesimbra.pt/geral/agenda-online,2026-09-15,
2026-09-22,2026-09-22,Cine Society: Roman Holiday,Film,Cinema,Vila Nova de Gaia,World of Wine (WOW),280,Paid,14.5,Open-air screening under the stars; deckchairs and headphones provided.,Seasonal,https://shop.cinesociety.pt/,2026-09-13,
2026-09-22,2026-09-22,Mais Forte que Eu,Event,Cinema,Vila Nova de Gaia,Auditório Municipal de Vila Nova de Gaia,280,Unknown,,Film screening at the municipal auditorium.,One-off,https://www.nocartaz.pt/eventos/41058bff6972f9e8/,2026-09-17,
2026-09-23,2026-09-23,"Cinema | Franz, de Agnieszka Holland",Event,Cinema,Almada,Auditório Municipal Fernando Lopes-Graça,40,Paid,3,Agnieszka Holland's biopic of Franz Kafka.,One-off,https://www.cm-almada.pt/cinema-franz-agnieszka-holland,2026-09-17,
2026-09-23,2026-09-23,The Roman Boy and Other Stories in Latin (O menino romano e outras histórias em latim),Storytelling,Family,Braga,Biblioteca Lúcio Craveiro da Silva,400,Free,0,"Scheduled for Wednesday, September 23 at 10:00 AM at Biblioteca Lúcio Craveiro da Silva, this literature event presents ""stories in latin"" aimed at engaging audiences with classical language through narrative. The description indicates it functions as a storytelling session (""hora do conto"").",One-off,https://www.nocartaz.pt/concelhos/braga/,2026-09-09,
2026-09-23,2026-09-23,The Boojums,Event,Local concert,Bragança,Teatro Municipal de Bragança,480,Unknown,,"A rock-pop concert scheduled for Wednesday, September 23 at 19:00 at Teatro Municipal de Bragança.",,https://www.nocartaz.pt/concelhos/braganca/,2026-09-13,
2026-09-23,2026-09-23,"Ler Teatro com Ciência — O Efeito, de Lucy Prebble",Event,Theatre & performance,Coimbra,Marionet — Teatro e Ciência,200,Free,0,A staged reading of Lucy Prebble prize-winning play about a drug trial.,One-off,https://www.nocartaz.pt/concelhos/coimbra/,2026-09-20,
2026-09-23,2026-09-23,"Ponto Final, Ponto Seguido",Event,Theatre & performance,Coimbra,Teatro Académico Gil Vicente (TAGV),200,Paid,,A stage piece in the TAGV season.,One-off,https://www.nocartaz.pt/concelhos/coimbra/,2026-09-20,
2026-09-23,2026-09-23,Baobás (DANCE DANCE DANCE festival),Dance,Theatre & performance,Faro,Teatro das Figuras,260,Paid,,Contemporary dance in the DANCE DANCE DANCE festival,Festival programme,https://teatrodasfiguras.pt/agenda/baobas-ddd,2026-09-09,
2026-09-23,2026-09-23,100 Anos de John Coltrane,Concert,Local concert,Lisbon,Távola Jazz Club,50,Unknown,,A live jazz night marking the centenary of John Coltrane.,One-off,https://www.nocartaz.pt/distrito/lisboa/concertos/,2026-09-20,
2026-09-23,2026-09-23,Black Cat Cinema: Goodfellas,Event,Cinema,Lisbon,Palácio do Grilo,50,Paid,14,Open-air screening with live music and food stalls; doors 19:00.,,https://tickets.theblackcatcinema.com/events/blackcatcinema/,2026-09-13,
2026-09-23,2026-09-23,Cine Society: A Clockwork Orange,Film,Cinema,Lisbon,Príncipe Real Terrace,50,Paid,14.5,Open-air screening under the stars; deckchairs and headphones provided.,Seasonal,https://shop.cinesociety.pt/,2026-09-13,
2026-09-23,2026-09-23,Einar Solberg (Leprous),Concert,Local concert,Lisbon,República da Música,50,Paid,,"The Leprous frontman on a solo tour, playing an intimate room.",One-off,https://www.nocartaz.pt/distrito/lisboa/concertos/,2026-09-20,
2026-09-23,2026-09-23,Fat Freddy's Drop,Concert,Major concert,Lisbon,Sagres Campo Pequeno,45,Paid,26+,"The New Zealand collective celebrates 21 years of its dub, soul and funk fusion.",One-off,https://www.sagrescampopequeno.pt/en/calendar,2026-09-08,
2026-09-23,2026-09-23,Jovian Moons,Concert,Local concert,Lisbon,República da Música,50,Unknown,,Support night at the Alcântara live room.,One-off,https://www.nocartaz.pt/distrito/lisboa/concertos/,2026-09-20,
2026-09-23,2026-09-23,KALI MALONE,Concert,Local concert,Lisbon,Culturgest,50,Paid,,The American composer brings her hypnotic drone and organ music to Culturgest.,One-off,https://www.nocartaz.pt/distrito/lisboa/concertos/,2026-09-20,
2026-09-23,2026-09-23,Royal Sorrow,Concert,Local concert,Lisbon,República da Música,50,Unknown,,Support night at the Alcântara live room.,One-off,https://www.nocartaz.pt/distrito/lisboa/concertos/,2026-09-20,
2026-09-23,2026-09-23,Ty Segall,Concert,Local concert,Lisbon,LAV — Lisboa ao Vivo,50,Paid,27,The prolific Californian garage-rock guitarist returns to Lisbon.,One-off,https://www.nocartaz.pt/distrito/lisboa/concertos/,2026-09-20,
2026-09-23,2026-09-23,ÉME + Tomás Varela,Concert,Local concert,Lisbon,BOTA Anjos,50,Unknown,,"New album launch, played with guest collaborators.",One-off,https://www.nocartaz.pt/distrito/lisboa/concertos/,2026-09-20,
2026-09-23,2026-10-04,Ópera-Pimba! The First Musical on Melted Ice,Musical,Theatre & performance,Lisbon,Teatro da Comuna,45,Paid,,"Musical comedy on melting ice at the Comuna. Plays 23–27 Sep and 30 Sep–4 Oct, at 16h00, 20h00 or 21h00 depending on the date.",Run,https://teatro.app/sala/Ic3q,2026-09-08,
2026-09-23,2026-09-23,Serenata (Serenade),Event,Local concert,Mafra,Museu Nacional da Música,85,Paid,6.37,"An event at Museu Nacional da Música on September 23 at 19:00, admission from €6.37.",,https://www.nocartaz.pt/concelhos/mafra/,2026-09-13,
2026-09-23,2026-09-23,A Lemonade Stand-up Comedy,Event,Theatre & performance,Porto,A Fábrica da Picaria,320,Paid,,"Stand-up comedy night at A Fábrica da Picaria, on Wednesday, September 23.",,https://www.nocartaz.pt/concelhos/porto/,2026-09-13,
2026-09-23,2026-09-23,Secret Stuff Comedy Club,Event,Theatre & performance,Porto,Teatro Sá da Bandeira,320,Paid,,"Comedy sessions at Teatro Sá da Bandeira on September 23 and 25, billed as an intimate, exclusive comedy night.",,https://www.nocartaz.pt/concelhos/porto/,2026-09-13,
2026-09-23,2026-09-23,Encontros da CIM da Península de Setúbal,Event,Heritage & talks,Setúbal,Cinema Charlot (Auditório Municipal de Setúbal),0,Unknown,,Public debate on the future of the Setúbal peninsula organised by the intermunicipal community.,One-off,https://noticias.mun-setubal.pt/ambiente/encontros-da-cim-da-peninsula-de-setubal-promovem-debate-sobre-futuro-da-regiao/,2026-09-17,
2026-09-23,2026-09-23,Cine Society: Legally Blonde,Film,Cinema,Vila Nova de Gaia,World of Wine (WOW),280,Paid,14.5,Open-air screening under the stars; deckchairs and headphones provided.,Seasonal,https://shop.cinesociety.pt/,2026-09-13,
2026-09-24,2026-09-24,Cineclube Impala — Ciclo Andrei Tarkovsky: Nostalgia,Event,Cinema,Almada,Auditório Costa da Caparica,40,Unknown,,"Film-club screening of Tarkovsky's Nostalghia, a Russian poet adrift in Tuscany.",One-off,https://www.cm-almada.pt/cineclube-impala-ciclo-andrei-tarkovsky-nostalgia,2026-09-17,
2026-09-24,2026-09-24,Profound Whatever,Event,Theatre & performance,Coimbra,Teatro Académico Gil Vicente (TAGV),200,Paid,,A stage piece in the TAGV season.,One-off,https://www.nocartaz.pt/concelhos/coimbra/,2026-09-20,
2026-09-24,2026-09-24,declAMAR Poesia,Event,Theatre & performance,Coimbra,Teatro Académico Gil Vicente (TAGV),200,Free,0,A late-night session given over to reciting poetry.,One-off,https://www.nocartaz.pt/concelhos/coimbra/,2026-09-20,
2026-09-24,2026-09-24,Leadership Summit Portugal 2026,Event,Heritage & talks,Estoril,Casino Estoril - Salão Preto e Prata,68,Unknown,,"Billed as ""O principal debate nacional sobre liderança e gestão,"" this conference runs Thursday, September 24 at the Casino Estoril, featuring national and international speakers.",,https://www.nocartaz.pt/concelhos/cascais/,2026-09-13,
2026-09-24,2026-09-24,Livrai-nos da Fome! (Deliver Us from Hunger!),Theatre,Theatre & performance,Funchal,Teatro Municipal Baltazar Dias,Island,Paid,10,Theatre piece turning on hunger and want.,One-off,https://www.nocartaz.pt/concelhos/funchal/,2026-09-13,
2026-09-24,2026-09-24,Encontros com a Música — concerto pela liberdade (Concert for Freedom),Concert,Local concert,Gondomar,Auditório Municipal de Gondomar,320,Unknown,,Classical concert in the auditorium's long-running recital series.,Series,https://www.nocartaz.pt/concelhos/gondomar/,2026-09-13,
2026-09-24,2026-09-24,Cine Society: Forrest Gump,Film,Cinema,Lisbon,Príncipe Real Terrace,50,Paid,14.5,Open-air screening under the stars; deckchairs and headphones provided.,Seasonal,https://shop.cinesociety.pt/,2026-09-19,
2026-09-24,2026-09-24,Cine Society: Lost in Translation,Film,Cinema,Lisbon,Beato Riverside Rooftop,50,Paid,14.5,Open-air screening under the stars; deckchairs and headphones provided.,Seasonal,https://shop.cinesociety.pt/,2026-09-19,
2026-09-24,2026-09-24,Shortcutz Ovar,Event,Cinema,Ovar,Escola de Artes e Ofícios de Ovar,280,Free,,"A screening of short films competing in the Shortcutz circuit, happening Thursday, September 24 at Escola de Artes e Ofícios de Ovar.",,https://www.nocartaz.pt/concelhos/ovar/,2026-09-13,
2026-09-24,2026-09-24,BOIL — Climate Festival,Event,Festival,Porto,Fundação de Serralves,320,Paid,,"Four days of art, science and film on climate action at Serralves.",,https://www.nocartaz.pt/concelhos/porto/,2026-09-13,
2026-09-24,2026-09-24,Janine Mathias,Concert,Local concert,Porto,Casa da Música Café,290,Free,0,"Free café concert, 21:30",One-off,https://casadamusica.com/en/event/janine-mathias-2/?selected_session=55426,2026-09-09,
2026-09-24,2026-09-24,Os Garotin,Concert,Major concert,Porto,"Casa da Música, Sala 2",290,Paid,35,"Brazilian R&B and samba-soul trio, 22:00",One-off,https://casadamusica.com/en/event/os-garotin-2/?selected_session=49965,2026-09-09,
2026-09-24,2026-09-24,Quando Menos Se Espera (When You Least Expect It),Event,Theatre & performance,Porto,Teatro Sá da Bandeira,320,Paid,,"A comedy performance at Teatro Sá da Bandeira, billed as a comedy of errors meant to liven up the night.",,https://www.nocartaz.pt/concelhos/porto/,2026-09-13,
2026-09-24,2026-09-24,Recital Do Divino ao Humano (From the Divine to the Human),Event,Local concert,Porto,Fundação Eng. António de Almeida,320,Paid,,"The Ensemble Vozes em Cordas performs classical repertoire at Fundação Eng. António de Almeida, on September 24 at 21:30, ranging from divine to human themes.",,https://www.nocartaz.pt/concelhos/porto/,2026-09-13,
2026-09-24,2026-09-24,Na magia da 7.ª Arte — músicas que ficam na memória (In the Magic of Cinema: Unforgettable Film Songs),Event,Local concert,Setúbal,Fórum Municipal Luísa Todi,0,Paid,10–12,The Coral Luísa Todi choir sings well-loved film soundtrack songs with guest soloists.,,https://www.forumluisatodi.pt/espetaculo/na-magia-da-7a-arte-musicas-que-ficam-na-memoria/,2026-09-13,
2026-09-25,2026-10-11,34.ª Quinzena de Dança de Almada — International Dance Festival,Event,Festival,Almada,Companhia de Dança de Almada,40,Unknown,,"Almada's international contemporary dance festival, 34th edition.",,https://quinzenadedancadealmada.cdanca-almada.pt/,2026-09-13,
2026-09-25,2026-09-25,A Barca (The Boat),Theatre,Theatre & performance,Barcelos,Theatro Gil Vicente,400,Paid,,Contemporary staging drawn from Gil Vicente's allegorical Barcas.,One-off,https://www.nocartaz.pt/concelhos/barcelos/,2026-09-13,
2026-09-25,2026-09-25,European Researchers' Night (Noite Europeia dos Investigadores),Science,Family,Braga,Fórum Braga,330,Free,0,"The Noite Europeia dos Investigadores is a public science event organized by the University of Minho's School of Sciences that brings researchers closer to the general public and stimulates interest in scientific careers, mainly among young people. The event takes place on September 25 at Forum Braga from 14:30 to 24:00.",Annual,https://www.forumbraga.com/Detail/Index/9512f775-94a2-11f1-a069-000d3ad7a4dc,2026-09-09,
2026-09-25,2026-09-25,Bruna Louise — Coimbra,Event,Theatre & performance,Coimbra,Teatro Académico Gil Vicente (TAGV),200,Paid,,The Brazilian comedian brings her new stand-up solo to the TAGV.,One-off,https://www.nocartaz.pt/concelhos/coimbra/,2026-09-20,
2026-09-25,2026-09-25,Des-conocido — Grupo Cultural Yuyachkani,Event,Theatre & performance,Coimbra,Teatro da Cerca de São Bernardo,200,Paid,,The historic Peruvian company Yuyachkani on its Portuguese tour.,One-off,https://www.nocartaz.pt/concelhos/coimbra/,2026-09-20,
2026-09-25,2026-09-25,Voronet Blue,Event,Theatre & performance,Coimbra,O Teatrão — Oficina Municipal do Teatro,200,Paid,,A stage piece in the Teatrão season.,One-off,https://www.nocartaz.pt/concelhos/coimbra/,2026-09-20,
2026-09-25,2026-09-25,Bandidos do Cante,Event,Local concert,Fafe,Teatro Cinema de Fafe,340,Unknown,,Alentejo cante tradition reinvented with pop and folk sounds.,One-off,https://www.nocartaz.pt/concelhos/fafe/,2026-09-19,
2026-09-25,2026-09-25,Célia Ramos,Concert,Local concert,Figueira da Foz,Casino Figueira,230,Unknown,,"An evening of live music Friday, September 25 at 21:00 at Casino Figueira, rock-pop covers.",One-off,https://www.nocartaz.pt/concelhos/figueira-da-foz/,2026-09-13,
2026-09-25,2026-09-25,La Distance,Theatre,Theatre & performance,Guimarães,Espaço Oficina / Teatro Oficina,370,Unknown,,"A theatrical work by Tiago Rodrigues, the acclaimed director of the Festival d'Avignon, presented on September 25 at Teatro Oficina. The page describes it as a ""nova criação teatral"" featuring dramaturgy at 21:30.",One-off,https://www.nocartaz.pt/concelhos/guimaraes/,2026-09-09,
2026-09-25,2026-09-25,Cine Society: The Beach,Film,Cinema,Lisbon,Beato Riverside Rooftop,50,Paid,14.5,Open-air screening under the stars; deckchairs and headphones provided.,Seasonal,https://shop.cinesociety.pt/,2026-09-19,
2026-09-25,2026-09-26,Cuca Monga Festival,Music festival,Festival,Lisbon,Campo Grande / Alvalade,45,Paid,,"This September 25-26 festival celebrates new Portuguese music through the independent label that releases artists like Capitão Fausto and Ganso, with collaborations including Sérgio Godinho with os Zarco and Sophia Chablau.",Annual,https://www.timeout.pt/lisboa/pt/coisas-para-fazer/coisas-para-fazer-em-lisboa-este-mes,2026-09-08,
2026-09-25,2026-09-25,Pieces Chess Club,Social,Community,Lisbon,Xabregas,45,Donation,,"This block party on September 25 combines electronic music and social chess in an informal, skill-level-inclusive atmosphere at Duro de Matar space, entry by free donation with DJ Gayance providing music.",Recurring,https://www.timeout.pt/lisboa/pt/coisas-para-fazer/coisas-para-fazer-em-lisboa-este-mes,2026-09-08,
2026-09-25,2026-09-25,Life Magnified — Vida Ampliada,Event,Art exhibit,Ovar,Biblioteca Municipal de Ovar,280,Free,,"""Vinte imagens científicas ampliam o mundo invisível,"" displayed at Biblioteca Municipal de Ovar starting Friday, September 25 at 9 PM.",,https://www.nocartaz.pt/concelhos/ovar/,2026-09-13,
2026-09-25,2026-09-25,Sozinho em Casa #22 — João Pedro Dias (Home Alone #22),Event,Local concert,Ovar,Museu Júlio Dinis,280,Paid,,"An intimate concert cycle at Museu Júlio Dinis on Friday, September 25, featuring acoustic performance in the museum's historic setting.",,https://www.nocartaz.pt/concelhos/ovar/,2026-09-13,
2026-09-25,2026-09-27,Palmela Medieval Fair (Feira Medieval de Palmela),Medieval fair,Medieval festival,Palmela,Castelo de Palmela,8,Paid,5,"Palmela castle and old town go back to the 15th century: market, jousting, taverns. 25-27 Sept, €5/day or €10 for three days, free under 12.",Annual (September),https://www.cm-palmela.pt/viver/noticias/noticia/feira-medieval-de-palmela-conheca-o-programa-e-prepare-se-para-viajar-ao-seculo-xv,2026-09-08,
2026-09-25,2026-09-25,"Apresentação do Livro Tábua, de Óscar Possacos (Book Launch)",Event,Heritage & talks,Paredes,Casa da Cultura de Paredes,330,Free,,"Book launch presenting the poet's most recent work, September 25 at 15:00, Casa da Cultura de Paredes.",,https://www.nocartaz.pt/concelhos/paredes/,2026-09-13,
2026-09-25,2026-09-25,Baobás,Event,Theatre & performance,Paredes,Centro Cultural de Paredes (CCP),330,Unknown,,,,https://www.nocartaz.pt/concelhos/paredes/,2026-09-13,
2026-09-25,2026-09-25,"Santo António, O Casamenteiro de Lisboa (Saint Anthony, Lisbon's Matchmaker)",Theatre,Theatre & performance,Peso da Régua,AUDIR — Auditório Municipal do Peso da Régua,420,Unknown,,"A popular comedy musical, opening Friday, September 25 at the same municipal auditorium.",One-off,https://www.nocartaz.pt/distrito/vila-real/,2026-09-15,
2026-09-25,2026-09-27,BAIÃO D'OXIGÉNIO,Event,Theatre & performance,Ponta Delgada,Coliseu Micaelense,Island,Paid,,Brazilian baião and dance take over the Coliseu over three nights.,One-off,https://www.nocartaz.pt/concelhos/ponta-delgada/,2026-09-20,
2026-09-25,2026-09-25,Cantar Ary — 90 anos de Ary dos Santos (Celebrating Ary dos Santos' 90th Anniversary),Event,Major concert,Porto,Coliseu Porto Ageas,320,Paid,,"A tribute concert celebrating the historic poet's 90th birthday, performances at both Passos Manuel and Coliseu Porto Ageas on September 25.",,https://www.nocartaz.pt/concelhos/porto/,2026-09-13,
2026-09-25,2026-09-25,Clayton Nascimento — Macacos (Monkeys),Event,Theatre & performance,Porto,Teatro Municipal Rivoli,320,Paid,,"The devastating, award-winning Brazilian monologue on structural racism.",,https://www.nocartaz.pt/concelhos/porto/,2026-09-13,
2026-09-25,2026-09-25,Dtekk,Event,Local concert,Porto,Gare Porto,320,Paid,,"A DJ set from the Polish founder of the Up To Date Festival, performing at Gare Porto on September 25 at 23:00.",,https://www.nocartaz.pt/concelhos/porto/,2026-09-13,
2026-09-25,2026-09-25,Exercícios do Olhar (Exercises of the Gaze),Event,Art exhibit,Porto,Galeria Municipal do Porto,320,Free,,"An exhibition at Galeria Municipal do Porto, opening September 25.",,https://www.nocartaz.pt/concelhos/porto/,2026-09-13,
2026-09-25,2026-09-25,Norberto Lobo,Event,Local concert,Porto,Teatro Municipal Rivoli,320,Paid,,Norberto Lobo takes his guitar to the Rivoli's Understage series.,,https://www.nocartaz.pt/concelhos/porto/,2026-09-13,
2026-09-25,2026-09-25,Phantom,Event,Local concert,Porto,Hard Club,320,Paid,,"A night of hard, driving techno at the Hard Club.",,https://www.nocartaz.pt/concelhos/porto/,2026-09-13,
2026-09-25,2026-09-25,Solilóquio do Caos (Soliloquy of Chaos),Event,Theatre & performance,Porto,ACE Teatro do Bolhão,320,Paid,,"A theatrical production directed by Catarina Campos Costa, playing at ACE Teatro do Bolhão on September 25 at 21:00.",,https://www.nocartaz.pt/concelhos/porto/,2026-09-13,
2026-09-25,2026-09-25,Zangão The Boss,Event,Local concert,Porto,Maus Hábitos,320,Paid,,"A rock performance at Maus Hábitos on September 25 at 22:00, featuring the band Zangão in an energetic live show.",,https://www.nocartaz.pt/concelhos/porto/,2026-09-13,
2026-09-25,2026-09-25,24 Hours Moving for Health,Community,Community,Setúbal,Albarquel Urban Park,0,Free,0,"Water activities, traditional games, sensory experiences promoting accessibility",Annual,https://www.mun-setubal.pt/guia-de-eventos/,2026-09-08,
2026-09-25,2026-09-25,Postcards,Concert,Local concert,Setúbal,Casa da Cultura (Culture House),0,Unknown,,"Concert, 21:30",One-off,https://www.casadacultura-setubal.pt/programacao/,2026-09-08,
2026-09-25,2026-09-25,Cine Society: Before Sunset,Film,Cinema,Vila Nova de Gaia,World of Wine (WOW),280,Paid,14.5,Open-air screening under the stars; deckchairs and headphones provided.,Seasonal,https://shop.cinesociety.pt/,2026-09-19,
2026-09-25,2026-09-25,Epopeia das Águas — Palmilha Dentada,Event,Theatre & performance,Vila Nova de Gaia,Auditório Municipal de Vila Nova de Gaia,280,Paid,,New comedy from Porto theatre company Palmilha Dentada.,One-off,https://www.nocartaz.pt/eventos/cda69cf685b19fda/,2026-09-17,
2026-09-25,2026-09-25,Chopin & Janácek — Pedro Burmester,Event,Local concert,Évora,Salão Central Eborense,240,Unknown,,Pianist Pedro Burmester performs works by Chopin and Janáček.,One-off,https://www.nocartaz.pt/concelhos/evora/,2026-09-19,
2026-09-25,2026-09-25,Noite Europeia dos Investigadores 2026 — A Ciência encontra a cidade,Event,Community,Évora,Teatro Garcia de Resende,240,Free,0,Researchers' Night brings science activities out into the city.,One-off,https://www.nocartaz.pt/concelhos/evora/,2026-09-19,
2026-09-26,2026-09-26,Histórias que se Contam: Conversa com Nuno Duarte,Event,Heritage & talks,Almada,Biblioteca Central de Almada,40,Free,0,Author talk with comics writer Nuno Duarte.,One-off,https://www.cm-almada.pt/historias-que-se-contam-conversas-com-autores-com-nuno-duarte,2026-09-17,
2026-09-26,2026-09-26,Missão Olho Vivo! com Bruno Batista,Event,Family,Almada,Biblioteca Maria Lamas,40,Free,0,Observation and illustration activity for children with Bruno Batista; booking required.,One-off,https://www.cm-almada.pt/missao-olho-vivo-com-bruno-batista,2026-09-17,
2026-09-26,2026-09-26,Workshop Propagação de Aromáticas,Event,Workshop,Almada,Viveiro Municipal do Alto do Índio,40,Free,0,Learn to propagate aromatic herbs from cuttings at the municipal plant nursery; booking required.,One-off,https://www.cm-almada.pt/workshop-propagacao-de-aromaticas,2026-09-17,
2026-09-26,2026-09-26,Happy Birthday Mr. Mercury,Concert,Local concert,Aveiro,Teatro Aveirense,300,Unknown,,"A tribute concert celebrating Freddie Mercury's birthday takes the stage at Teatro Aveirense on September 26, honoring the Queen frontman through covers of his iconic material.",One-off,https://www.nocartaz.pt/concelhos/aveiro/,2026-09-09,
2026-09-26,2026-09-26,"Bragança ClassicFest — As Quatro Estações, de Vivaldi (Vivaldi's The Four Seasons)",Event,Local concert,Bragança,Teatro Municipal de Bragança,480,Unknown,,"Vivaldi's baroque masterpiece presented in orchestral version as part of the regional classical festival, performances Saturday Sept 26 and Sunday Sept 27.",,https://www.nocartaz.pt/concelhos/braganca/,2026-09-13,
2026-09-26,2026-09-26,Viva a Festa Saloia! (Long Live the Country Fair!),Event,Community,Cascais,Museu Condes de Castro Guimarães,70,Unknown,,"A Saturday, September 26 celebration of regional Saloio traditions through workshops and popular culture activities.",,https://www.nocartaz.pt/concelhos/cascais/,2026-09-13,
2026-09-26,2026-09-26,Castelo Branco Pride March (3.ª Marcha do Orgulho),March,Pride,Castelo Branco,Castelo Branco city centre,190,Free,0,LGBTQIA+ Pride march — 3rd edition,Annual,https://jamarchavas.pt/calendario-de-marchas-lgbtqia-2026/,2026-09-09,
2026-09-26,2026-09-26,2026F020 ou uma cadeira no caminho — Nuno Sousa Vieira,Exhibition,Art exhibit,Coimbra,CAPC — Círculo de Artes Plásticas de Coimbra,200,Free,0,A new solo show by the sculptor Nuno Sousa Vieira.,One-off,https://www.nocartaz.pt/concelhos/coimbra/,2026-09-20,
2026-09-26,2026-09-26,Há Descobertas no Parque,Event,Family,Coimbra,Fundação Bissaya Barreto — Casa das Artes,200,Unknown,,A daytime discovery activity in the foundation park.,One-off,https://www.nocartaz.pt/concelhos/coimbra/,2026-09-20,
2026-09-26,2026-09-26,Há Noites no Parque,Event,Unique experience,Coimbra,Fundação Bissaya Barreto — Casa das Artes,200,Unknown,,An after-dark visit to the foundation park and gardens.,One-off,https://www.nocartaz.pt/concelhos/coimbra/,2026-09-20,
2026-09-26,2026-09-26,Dmitry Smirnov & Orquestra Clássica de Espinho,Concert,Local concert,Espinho,Auditório de Espinho (Academia),310,Paid,,"Russian virtuoso violinist Dmitry Smirnov performs with the Espinho Classical Orchestra on Saturday, September 26 at 21:30 at the Auditório de Espinho (Academia).",One-off,https://www.nocartaz.pt/concelhos/espinho/,2026-09-13,
2026-09-26,2026-09-26,Volto Já — António Raminhos,Event,Theatre & performance,Fafe,Teatro Cinema de Fafe,340,Unknown,,New stand-up comedy solo by António Raminhos.,One-off,https://www.nocartaz.pt/concelhos/fafe/,2026-09-19,
2026-09-26,2026-09-26,Æffective Choreography (DANCE DANCE DANCE festival),Dance,Theatre & performance,Faro,Teatro das Figuras,260,Paid,,Closing piece of the DANCE DANCE DANCE festival,Festival programme,https://teatrodasfiguras.pt/agenda/aeffective-choreography-ddd,2026-09-09,
2026-09-26,2026-09-26,Quim Roscas & Zeca Estacionâncio,Comedy,Theatre & performance,Figueira da Foz,CAE — Centro de Artes e Espetáculos da Figueira da Foz,230,Paid,21,Improvised sketch comedy from the popular Portuguese double act.,One-off,https://www.nocartaz.pt/concelhos/figueira-da-foz/,2026-09-13,
2026-09-26,2026-09-26,Madeira Pride March,March,Pride,Funchal,Funchal city centre,Island,Free,0,LGBTQIA+ Pride march in Madeira,Annual,https://jamarchavas.pt/calendario-de-marchas-lgbtqia-2026/,2026-09-09,
2026-09-26,2026-09-26,Guimarães LGBTQIA+ March (Marcha LGBTQIA+ de Guimarães),March,Pride,Guimarães,Guimarães historic centre,320,Free,0,LGBTQIA+ Pride march through Guimarães,Annual,https://jamarchavas.pt/calendario-de-marchas-lgbtqia-2026/,2026-09-09,
2026-09-26,2026-09-26,Black Cat Cinema: De Bicicleta (À bicyclette !),Event,Cinema,Lisbon,Claustro da Igreja da Graça,50,Paid,14,Open-air screening of the French road-trip comedy about two friends cycling across France; doors 19:00.,One-off,https://tickets.theblackcatcinema.com/events/blackcatcinema/,2026-09-17,
2026-09-26,2026-09-26,Cine Society: Poor Things,Film,Cinema,Lisbon,Beato Riverside Rooftop,50,Paid,14.5,Open-air screening under the stars; deckchairs and headphones provided.,Seasonal,https://shop.cinesociety.pt/,2026-09-19,
2026-09-26,2026-09-26,Olivais Car-Boot Sale (Feira da Bagageira),Market,Market,Lisbon,Olivais,45,Free,0,This secondhand and vintage marketplace occurs the last Saturday of the month from 10:00 to 17:00 at Quinta Pedagógica dos Olivais on Rua Cidade de Lobito. The event emphasizes circular economy principles through recycled and preloved goods in a community garden setting with free entry.,Monthly,https://aondevamos.pt/este-mes/,2026-09-08,
2026-09-26,2026-09-26,As Cores da América Latina (The Colours of Latin America),Event,Local concert,Mafra,Auditório Municipal Beatriz Costa,85,Unknown,,"A Brazilian company performance crossing contemporary dance and Latin American popular festivities, September 25 at 23:00 and September 26 at the Auditório Municipal Beatriz Costa.",,https://www.nocartaz.pt/concelhos/mafra/,2026-09-13,
2026-09-26,2026-09-26,As Quatro Estações: Outono — oficina de escuta e ilustração (The Four Seasons: Autumn — Listening & Illustration Workshop),Event,Workshop,Mafra,Museu Nacional da Música,85,Paid,10.62,"A creative workshop for children uniting Vivaldi's music with drawing, at Museu Nacional da Música on September 26 at 10:00, costing €10.62.",,https://www.nocartaz.pt/concelhos/mafra/,2026-09-13,
2026-09-26,2026-09-26,Álvaro Siza — Do Outro Lado do Espelho (From the Other Side of the Mirror),Exhibition,Art exhibit,Marco de Canaveses,Museu Municipal Carmen Miranda,345,Unknown,,Drawings and perspectives by architect Álvaro Siza on display at the municipal museum.,,https://www.nocartaz.pt/distrito/porto/exposicoes/,2026-09-16,
2026-09-26,2026-09-26,Comédia Musical Pénis,Comedy,Theatre & performance,Moita,Fórum Cultural José Manuel Figueiredo,25,Unknown,,Long-running two-hander comedy about male anatomy and anxiety.,One-off,https://www.nocartaz.pt/concelhos/moita/,2026-09-13,
2026-09-26,2026-09-27,XXII Modelscala 2026,Exhibition,Community,Montijo,Galeria Municipal de Montijo,30,Free,0,Scale-model show at the municipal gallery,Annual,https://www.nocartaz.pt/concelhos/montijo/,2026-09-09,
2026-09-26,2026-09-26,Música com Bebés & Papás (Music with Babies & Dads),Event,Family,Paredes,Casa da Cultura de Paredes,330,Unknown,,"Interactive musical initiation session for babies and families, Casa da Cultura de Paredes, September 26.",,https://www.nocartaz.pt/concelhos/paredes/,2026-09-13,
2026-09-26,2026-09-26,A Vida Secreta das Superfícies (The Secret Life of Surfaces),Event,Art exhibit,Porto,Fundação de Serralves,320,Unknown,,"A conference at Fundação de Serralves, on September 26 at 11:00, exploring marine ecology as inspiration for new functional, sustainable materials.",,https://www.nocartaz.pt/concelhos/porto/,2026-09-13,
2026-09-26,2026-09-26,Electrico Festival presents Jayda G,Event,Major concert,Porto,Coliseu Porto Ageas,320,Paid,,"The Grammy-nominated DJ Jayda G performs at Coliseu Porto Ageas, on September 26, delivering an electronic house music set.",,https://www.nocartaz.pt/concelhos/porto/,2026-09-13,
2026-09-26,2026-09-26,Elsa e o Reino do Gelo (Frozen),Event,Family,Porto,Teatro Sá da Bandeira,320,Paid,,Arendelle brought to life as a musical for the whole family.,,https://www.nocartaz.pt/concelhos/porto/,2026-09-13,
2026-09-26,2026-09-26,Festa do Outono (Autumn Festival),Event,Festival,Porto,Fundação de Serralves,320,Unknown,,"A large outdoor festival at Fundação de Serralves, on September 26, celebrating autumn through rural traditions, workshops and biodiversity.",,https://www.nocartaz.pt/concelhos/porto/,2026-09-13,
2026-09-26,2026-09-26,Hollaback,Event,Local concert,Porto,Maus Hábitos,320,Paid,,Club night at Maus Hábitos.,,https://www.nocartaz.pt/concelhos/porto/,2026-09-13,
2026-09-26,2026-09-26,Morte ao Algoritmo (Death to the Algorithm),Event,Theatre & performance,Porto,Teatro Sá da Bandeira,320,Paid,,"Brazilian comedian Daniel Duncan presents his satirical stand-up at Teatro Sá da Bandeira, on September 26, examining technology and society.",,https://www.nocartaz.pt/concelhos/porto/,2026-09-13,
2026-09-26,2026-09-26,Tiago Nacarato,Event,Local concert,Póvoa de Varzim,Casino da Póvoa,355,Paid,,"A rock-pop concert bridging Brazilian and Portuguese musical traditions, Saturday, September 26 at Casino da Póvoa, ""voz e violão no cruzamento entre a música brasileira e a portuguesa.""",,https://www.nocartaz.pt/concelhos/povoa-de-varzim/,2026-09-13,
2026-09-26,2026-09-27,Between Before and Now (Entre o Antes e o Agora),Theatre,Theatre & performance,Setúbal,Teatro de Bolso (Pocket Theatre),0,Paid,8–10,Autobiographical piece on memory and death,Two performances,https://www.mun-setubal.pt/guia-de-eventos/,2026-09-08,
2026-09-26,2026-09-26,Schönbrunn Palace Orchestra Vienna,Concert,Local concert,Setúbal,Fórum Municipal Luísa Todi,0,Paid,40–45,Viennese waltzes and operettas,One-off,https://www.mun-setubal.pt/guia-de-eventos/,2026-09-08,
2026-09-26,2026-09-27,Setúbal Custom Weekend (custom motorcycles),Festival,Festival,Setúbal,"Port of Setúbal, Quay 3",0,Free,0,"11th edition of Portugal's biggest custom-motorcycle event: 100+ vendors, music, street food",Annual,https://www.mun-setubal.pt/guia-de-eventos/,2026-09-08,
2026-09-26,2026-09-26,Showcooking | Lanches e Snacks Saudáveis (Healthy Snacks Showcooking),Event,Workshop,Torres Vedras,Mercado Municipal de Torres Vedras,100,Free,,"Sofia Magalhães leads this session on September 26 at 10:30, focusing on practical, nutritious and tasty everyday suggestions, free admission limited to 10 registered participants.",,https://onfm.pt/2026/08/31/mercado-municipal-de-torres-vedras-celebra-16-anos-com-programacao-especial-durante-o-mes-de-setembro/,2026-09-13,
2026-09-26,2026-09-26,Tumulto — desenhos de Luís Silveirinha (Turmoil: Drawings),Event,Art exhibit,Vila Franca de Xira,Centro Cultural do Bom Sucesso (Alverca),70,Unknown,,"""Desenhos inéditos de Luís Silveirinha em exposição"" at Centro Cultural do Bom Sucesso (Alverca), opening September 26 at 10:00.",,https://www.nocartaz.pt/concelhos/vila-franca-de-xira/,2026-09-13,
2026-09-26,2026-09-26,Cine Society: Stand By Me,Film,Cinema,Vila Nova de Gaia,World of Wine (WOW),280,Paid,14.5,Open-air screening under the stars; deckchairs and headphones provided.,Seasonal,https://shop.cinesociety.pt/,2026-09-19,
2026-09-26,2026-09-26,Coisa-Ponta,Event,Theatre & performance,Vila do Conde,Solar — Galeria de Arte Cinemática,340,Unknown,,Premiere of a new dance-film creation by Ana Rita Teodoro and Márcia Lança.,One-off,https://www.nocartaz.pt/distrito/porto/danca/,2026-09-19,
2026-09-27,2026-09-27,Bragança ClassicFest — As Quatro Estações: Vivaldi & Paganini,Event,Local concert,Bragança,Teatro Municipal de Bragança,480,Unknown,,"A classical concert uniting baroque virtuosity with works by Paganini, performed Sunday, September 27 at Teatro Municipal de Bragança, blending ""sinfónico e camerístico"" styles.",,https://www.nocartaz.pt/concelhos/braganca/,2026-09-13,
2026-09-27,2026-09-27,O Regresso de Don Quixote — VI Festival de Violoncelo À Corda,Concert,Local concert,Coimbra,Biblioteca Municipal de Coimbra,200,Unknown,,Cello music in the sixth edition of the À Corda festival.,One-off,https://www.nocartaz.pt/concelhos/coimbra/,2026-09-20,
2026-09-27,2026-09-27,Gala do Centenário da SIRL com Anabela (Centenary Gala),Concert,Local concert,Figueira da Foz,CAE — Centro de Artes e Espetáculos da Figueira da Foz,230,Unknown,,The Lares town band marks its hundredth year with singer Anabela.,One-off,https://www.nocartaz.pt/concelhos/figueira-da-foz/,2026-09-13,
2026-09-27,2026-09-27,Fábio Porchat — Agora É Que São Elas (Now It's the Ladies' Turn!),Comedy,Theatre & performance,Funchal,Centro de Congressos da Madeira (Casino da Madeira),Island,Paid,,"Comedy tour by Brazilian performer Fábio Porchat, Sunday, September 27 at 21:00 at Centro de Congressos da Madeira (Casino da Madeira).",One-off,https://www.nocartaz.pt/concelhos/funchal/,2026-09-13,
2026-09-27,2026-09-27,"Teatro infantil ""O Casulo"" (Children's Theatre: The Cocoon)",Theatre,Family,Gondomar,Auditório Municipal de Gondomar,320,Unknown,,"Youth theater production Sunday, September 27 at the Municipal Auditorium of Gondomar; free show addressing ""crescimento e superação,"" presented in Rio Tinto.",One-off,https://www.nocartaz.pt/concelhos/gondomar/,2026-09-13,
2026-09-27,2026-09-27,Cine Society: Grease,Film,Cinema,Lisbon,Príncipe Real Terrace,50,Paid,14.5,Open-air screening under the stars; deckchairs and headphones provided.,Seasonal,https://shop.cinesociety.pt/,2026-09-19,
2026-09-27,2026-09-27,Valdez e as Piranhas Douradas,Event,Theatre & performance,Lisbon,BOTA Anjos,50,Unknown,,"Comic show mixing original songs, theatre and home-made props.",One-off,https://www.nocartaz.pt/eventos/3830a21431b570d4/,2026-09-17,
2026-09-27,2026-09-27,Couperin,Event,Local concert,Mafra,Museu Nacional da Música,85,Paid,10.62,"A concert dedicated to the French baroque master, played on period instruments, at Museu Nacional da Música on September 27 at 15:00, priced from €10.62.",,https://www.nocartaz.pt/concelhos/mafra/,2026-09-13,
2026-09-27,2026-09-27,Luciano Thedim — 80 Anos de Arte Sacra (80 Years of Sacred Art),Exhibition,Art exhibit,Maia,Casa da Comunidade Cisterciense de Arouca / Casa Museu de Vilar,330,Unknown,,Retrospective marking 80 years of the career of sacred-art painter Luciano Thedim.,,https://www.nocartaz.pt/distrito/porto/exposicoes/,2026-09-16,
2026-09-27,2026-09-27,Toy Story 5,Film,Cinema,Moita,Fórum Cultural José Manuel Figueiredo,25,Unknown,,Latest instalment of the Pixar animated series.,One-off,https://www.nocartaz.pt/concelhos/moita/,2026-09-13,
2026-09-27,2026-09-27,Tagus Sightseeing Trips (Passeios Turísticos no Tejo 2026),Boat trip,Unique experience,Montijo,Cais do Montijo,30,Paid,,"Boat excursions along the Tagus departing from Montijo, ""passeios de barco pelo rio Tejo"" offered from the municipality.",Recurring,https://www.nocartaz.pt/concelhos/montijo/,2026-09-09,
2026-09-27,2026-09-27,Apresentação do livro A Vendedora de Flores (Book Launch: The Flower Seller),Event,Heritage & talks,Ovar,Museu Júlio Dinis,280,Free,,"""Apresentação e conversa com o autor em espaço museológico"" happening Sunday, September 27 at Museu Júlio Dinis.",,https://www.nocartaz.pt/concelhos/ovar/,2026-09-13,
2026-09-27,2026-09-27,THE ARENA Battle (2nd edition),Event,Theatre & performance,Porto,Coliseu Porto Ageas,310,Unknown,,National street-dance and hip-hop battle competition returns to the Coliseu do Porto.,One-off,https://www.nocartaz.pt/distrito/porto/danca/,2026-09-19,
2026-09-27,2026-09-27,"1, 2, 3… Fantasia (children's concert)",Family,Family,Setúbal,Casa da Cultura (Culture House),0,Unknown,,"This educational concert takes place at Sala José Afonso on September 27 at 10:30, designed to introduce children to music through an interactive format.",One-off,https://www.casadacultura-setubal.pt/programacao/,2026-09-08,
2026-09-27,2026-09-27,Community Opera 'Ode to the Sea',Opera,Local concert,Setúbal,Fishermen's Dock (Doca dos Pescadores),0,Free,0,"Community opera about courage and celebration, original score by Jorge Salgueiro",One-off,https://www.mun-setubal.pt/guia-de-eventos/,2026-09-08,
2026-09-27,2026-09-27,Motian & More (jazz quartet),Concert,Local concert,Setúbal,Casa da Cultura (Culture House),0,Free,0,"Double bass, tenor sax, electric guitar, drums — Círculo de Jazz",One-off,https://www.casadacultura-setubal.pt/programacao/,2026-09-08,
2026-09-27,2026-09-27,Concertos para Bebés,Event,Family,Sintra,Centro Cultural Olga Cadaval,50,Unknown,,"An immersive, relaxing musical experience designed for babies.",One-off,https://www.nocartaz.pt/distrito/lisboa/infantil/,2026-09-19,
2026-09-27,2026-09-27,Workshop de Joalharia | Criação de Pulseira (Jewellery Workshop: Bracelet-Making),Event,Workshop,Torres Vedras,Mercado Municipal de Torres Vedras,100,Free,,"Participants learn basic bracelet-making and personalisation techniques, September 27 from 9:00 for three hours, free with a 10-person registration limit.",,https://onfm.pt/2026/08/31/mercado-municipal-de-torres-vedras-celebra-16-anos-com-programacao-especial-durante-o-mes-de-setembro/,2026-09-13,
2026-09-27,2026-09-27,Cine Society: Clueless,Film,Cinema,Vila Nova de Gaia,World of Wine (WOW),280,Paid,14.5,Open-air screening under the stars; deckchairs and headphones provided.,Seasonal,https://shop.cinesociety.pt/,2026-09-19,
2026-09-27,2026-09-27,Plenna,Event,Workshop,Vila Nova de Gaia,WOW — World of Wine,280,Unknown,,"An afternoon of pilates, movement and creative sessions overlooking the Douro.",One-off,https://www.nocartaz.pt/eventos/5ea6ec3be24875cd/,2026-09-17,
2026-09-28,2026-09-28,As Praias de Agnès,Event,Cinema,Coimbra,Teatro Académico Gil Vicente (TAGV),200,Paid,,Agnès Varda poetic documentary self-portrait.,One-off,https://www.nocartaz.pt/concelhos/coimbra/,2026-09-20,
2026-09-28,2026-09-28,"Encenação e criação coletiva, com Miguel Rubio",Event,Workshop,Coimbra,Teatro da Cerca de São Bernardo,200,Unknown,,A working session on collective theatre-making led by the Yuyachkani director.,One-off,https://www.nocartaz.pt/concelhos/coimbra/,2026-09-20,
2026-09-28,2026-09-28,Fértil em Terras Áridas,Event,Theatre & performance,Coimbra,Teatrão — Oficina Municipal do Teatro,200,Paid,,"A performance served with dinner, followed by a workshop.",One-off,https://www.nocartaz.pt/concelhos/coimbra/,2026-09-20,
2026-09-28,2026-09-28,Sentimento,Event,Theatre & performance,Coimbra,Teatro Académico Gil Vicente (TAGV),200,Paid,,A stage piece in the TAGV season.,One-off,https://www.nocartaz.pt/concelhos/coimbra/,2026-09-20,
2026-09-28,2026-09-28,Black Cat Cinema: The Empire Strikes Back,Event,Cinema,Lisbon,Claustro da Igreja da Graça,50,Paid,14,Open-air screening with live music and food stalls; doors 19:00.,,https://tickets.theblackcatcinema.com/events/blackcatcinema/,2026-09-13,
2026-09-28,2026-09-28,Cine Society: Call Me by Your Name,Film,Cinema,Lisbon,Príncipe Real Terrace,50,Paid,14.5,Open-air screening under the stars; deckchairs and headphones provided.,Seasonal,https://shop.cinesociety.pt/,2026-09-19,
2026-09-28,2026-09-28,CineMafra — Incendies (A Mulher que Canta),Event,Cinema,Mafra,Auditório Municipal Beatriz Costa,85,Unknown,,Denis Villeneuve's acclaimed drama about family secrets and war screens September 28 at Auditório Municipal Beatriz Costa.,,https://www.nocartaz.pt/concelhos/mafra/,2026-09-13,
2026-09-28,2026-09-28,Placebo — 30th Anniversary Tour,Event,Major concert,Porto,Super Bock Arena - Pavilhão Rosa Mota,320,Unknown,,"Placebo mark 30 years together with a Portuguese tour date at Super Bock Arena – Pavilhão Rosa Mota in Porto on September 28 at 20:00, with tickets ranging from €45.10 to €59.06.",,https://www.ticketline.pt/en/evento/placebo-30th-anniversary-tour-103005/sessao/124652_2335_1790622000,2026-09-13,
2026-09-28,2026-09-28,Ocean's Eleven — Façam as Vossas Apostas (Place Your Bets),Event,Cinema,Setúbal,Fórum Municipal Luísa Todi,0,Unknown,,"Soderbergh's heist film screens with an accompanying masterclass on cinema at Fórum Municipal Luísa Todi on Monday, September 28.",,https://www.nocartaz.pt/concelhos/setubal/,2026-09-13,
2026-09-29,2026-09-29,"Cinema | O Jacaré, de Basil da Cunha",Event,Cinema,Almada,Auditório Municipal Fernando Lopes-Graça,40,Paid,3,"Basil da Cunha's new feature, shot with non-professional actors in the Lisbon suburbs.",One-off,https://www.cm-almada.pt/cinema-o-jacare-de-basil-da-cunha-0,2026-09-17,
2026-09-29,2026-09-29,Acid Jazz with José Cid (Acid Jazz com José Cid),Concert,Local concert,Braga,Espaço Vita,400,Unknown,,"Taking place Tuesday, September 29 at 6:00 PM at Espaço Vita, this performance features the Portuguese musician José Cid performing in the ""acid jazz"" genre. The event represents a return engagement for this established artist in the Braga cultural calendar.",One-off,https://www.nocartaz.pt/concelhos/braga/,2026-09-09,
2026-09-29,2026-09-29,Deive Leonardo — O Despertar (The Awakening),Talk / show,Theatre & performance,Braga,Fórum Braga,330,Paid,,"""O Despertar"" is a spiritual event featuring Deive Leonardo that invites audiences to reflect on faith, purpose and personal transformation through themes of discipline and resilience. The show takes place on September 29 at 20:30 in the Grande Auditório with ticket prices ranging from €35 to €45.",One-off,https://www.forumbraga.com/Detail/Index/2414d77c-6ee6-11f1-8f2c-000d3ad7a4dc,2026-09-09,
2026-09-29,2027-01-08,Sob o olhar de Spinario,Exhibition,Art exhibit,Braga,Fórum Braga,330,Free,0,"A contemporary art exhibition running through to January, free to enter.",One-off,https://www.forumbraga.com/,2026-09-20,
2026-09-29,2026-09-29,Mariana Camacho + Carlos Raposo — Café Duplo,Concert,Local concert,Coimbra,Biblioteca Municipal de Coimbra,200,Free,0,A double bill in the library Café Duplo series.,One-off,https://www.nocartaz.pt/concelhos/coimbra/,2026-09-20,
2026-09-29,2026-09-29,Black Cat Cinema: Inception,Event,Cinema,Lisbon,Claustro da Igreja da Graça,50,Paid,14,Open-air screening with live music and food stalls; doors 19:00.,,https://tickets.theblackcatcinema.com/events/blackcatcinema/,2026-09-13,
2026-09-29,2026-09-29,Placebo — 30th Anniversary Tour,Concert,Major concert,Lisbon,Sagres Campo Pequeno,45,Paid,,Anniversary tour,One-off,https://www.bandsintown.com/e/108104757-placebo-at-sagres-campo-pequeno,2026-09-08,
2026-09-29,2026-09-29,Chopin — Uma Sonata em Paris,Event,Cinema,Vila Nova de Gaia,Auditório Municipal de Vila Nova de Gaia,280,Unknown,,Michał Kwieciński's film about Chopin's years in Paris.,One-off,https://www.nocartaz.pt/eventos/efefcca1a17cc36b/,2026-09-17,
2026-09-30,2026-09-30,"Cinema | Sophia, Setembro de 1963",Event,Cinema,Almada,Auditório Municipal Fernando Lopes-Graça,40,Paid,3,Documentary by Vanessa Duarte and Hugo Pereira on poet Sophia de Mello Breyner Andresen.,One-off,https://www.cm-almada.pt/cinema-sophia-setembro-de-1963-de-vanessa-duarte-hugo-pereira,2026-09-17,
2026-09-30,2026-09-30,"Exposição ""Jardins à Sombra da Lua"" de Susa Monteiro (Gardens in the Moon's Shadow)",Exhibition,Art exhibit,Beja,Casa da Cultura de Beja,150,Unknown,,"Show of work by the Portuguese illustrator, drawn from her poetic garden imagery.",Exhibition run,https://www.nocartaz.pt/concelhos/beja/,2026-09-13,
2026-09-30,2026-09-30,"Exposição ""Mesa com Natureza, a Natureza Posta"" (Table with Nature, Nature Laid Out)",Exhibition,Art exhibit,Beja,Pax Julia — Teatro Municipal de Beja,150,Unknown,,Group show of pieces built around the natural world and the laid table.,Exhibition run,https://www.nocartaz.pt/concelhos/beja/,2026-09-13,
2026-09-30,2026-09-30,Amigos da Onça,Event,Theatre & performance,Bragança,Teatro Municipal de Bragança,480,Unknown,,,,https://www.nocartaz.pt/concelhos/braganca/,2026-09-13,
2026-09-30,2026-09-30,"Um corpo-bagagem na biblioteca imaginada, com Maíra Zenun",Event,Heritage & talks,Coimbra,Convento São Francisco,200,Unknown,,"A talk with the researcher Maíra Zenun on memory, migration and libraries.",One-off,https://www.nocartaz.pt/concelhos/coimbra/,2026-09-20,
2026-09-30,2026-09-30,Clube de Leitura — Música Tradicional Madeirense: recolhas Xarabanda (Reading Club: Traditional Madeiran Music),Book club,Heritage & talks,Funchal,CCIF — Centro Cultural e de Investigação do Funchal,Island,Unknown,,Session on the Xarabanda field recordings of Madeiran folk music.,Series,https://www.nocartaz.pt/concelhos/funchal/,2026-09-13,
2026-09-30,2026-09-30,O Fauno das Montanhas de Manuel Luiz Vieira (The Faun of the Mountains),Film,Cinema,Funchal,Teatro Municipal Baltazar Dias,Island,Paid,10,"Madeira's 1926 silent feature, screened with live accompaniment.",One-off,https://www.nocartaz.pt/concelhos/funchal/,2026-09-13,
2026-09-30,2026-09-30,Black Cat Cinema: Good Will Hunting,Event,Cinema,Lisbon,Claustro da Igreja da Graça,50,Paid,14,Open-air screening with live music and food stalls; doors 19:00.,,https://tickets.theblackcatcinema.com/events/blackcatcinema/,2026-09-13,
2026-09-30,2026-09-30,A Maia que Nós Víamos (The Maia We Used to See),Exhibition,Heritage & talks,Maia,Fórum da Maia,330,Unknown,,Retrospective exhibition on the memory and history of Maia.,,https://www.nocartaz.pt/distrito/porto/exposicoes/,2026-09-16,
2026-09-30,2026-09-30,Mais forte que eu (Stronger Than Me),Film,Cinema,Moita,Fórum Cultural José Manuel Figueiredo,25,Unknown,,Feature screening in the cultural centre's regular cinema slot.,One-off,https://www.nocartaz.pt/concelhos/moita/,2026-09-13,
2026-09-30,2026-09-30,A Celebrar a Música | Orquestra Sinfónica de Jovens de Santa Maria da Feira (Celebrating Music — Youth Symphony Orchestra),Event,Local concert,Santa Maria da Feira,Cineteatro António Lamoso,290,Paid,,A celebratory concert by the Young Symphonic Orchestra of Santa Maria da Feira at Cineteatro António Lamoso on September 30 at 21:30.,,https://www.nocartaz.pt/concelhos/santa-maria-da-feira/,2026-09-13,
2026-09-30,2026-09-30,Museu do Falso (Museum of the Fake),Event,Theatre & performance,Viseu,Teatro Viriato,270,Unknown,,"Theatrical performance, Wednesday, September 30 at 19:00 at Teatro Viriato in Viseu.",,https://www.nocartaz.pt/concelhos/viseu/,2026-09-13,
2026-10-01,2026-10-01,Cinema | My Way — A História de uma Canção,Event,Cinema,Almada,Auditório Municipal Fernando Lopes-Graça,40,Paid,3,"Documentary tracing how the song ""My Way"" travelled from France to Sinatra and around the world.",One-off,https://www.cm-almada.pt/cinema-my-way-a-historia-de-uma-cancao-de-lisa-azuelos-thierry-teston,2026-09-17,
2026-10-01,2026-10-01,CASA.R — Conversas Animadas sobre Assuntos Relevantes (Lively Conversations on Relevant Topics),Talk,Heritage & talks,Barcelos,Theatro Gil Vicente,400,Unknown,,Discussion series on current social questions.,Series,https://www.nocartaz.pt/concelhos/barcelos/,2026-09-13,
2026-10-01,2026-10-01,World Music Day: Around the Sun (Dia Mundial da Música: À Volta do Sol),Concert,Local concert,Faro,Teatro das Figuras,260,Paid,,World Music Day concert,Annual,https://teatrodasfiguras.pt/agenda/dia-mundial-da-musica-a-volta-do-sol,2026-09-09,
2026-10-01,2026-10-01,Quando Eu Crescer... O Musical! (When I Grow Up... The Musical!),Musical,Family,Figueira da Foz,CAE — Centro de Artes e Espetáculos da Figueira da Foz,230,Paid,8,Musical for younger audiences drawn from Roald Dahl's stories.,One-off,https://www.nocartaz.pt/concelhos/figueira-da-foz/,2026-09-13,
2026-10-01,2026-10-01,Black Cat Cinema: Notting Hill,Event,Cinema,Lisbon,Claustro da Igreja da Graça,50,Paid,14,Open-air screening with live music and food stalls; doors 19:00.,,https://tickets.theblackcatcinema.com/events/blackcatcinema/,2026-09-13,
2026-10-01,2026-10-01,Holy Nothing,Event,Local concert,Ovar,Escola de Artes e Ofícios de Ovar,280,Paid,,"""A eletrónica pulsante do trio portuense"" performs synth pop on Thursday, October 1 at Escola de Artes e Ofícios de Ovar.",,https://www.nocartaz.pt/concelhos/ovar/,2026-09-13,
2026-10-01,2026-10-01,A Garota Não junta-se ao Coro das Mulheres da Ilha,Concert,Major concert,Ponta Delgada,Coliseu Micaelense,Island,Paid,,A Garota Não closes her tour alongside the island women choir.,One-off,https://www.nocartaz.pt/concelhos/ponta-delgada/,2026-09-20,
2026-10-01,2026-10-01,Lee Ufan — Fragmentos do Infinito (Fragments of Infinity),Exhibition,Art exhibit,Porto,Fundação de Serralves,290,Unknown,,"First major Portuguese exhibition of the South Korean master Lee Ufan, at Serralves.",,https://www.nocartaz.pt/distrito/porto/exposicoes/,2026-09-16,
2026-10-01,2026-10-01,Dia Mundial da Música (World Music Day),Event,Local concert,Setúbal,Fórum Municipal Luísa Todi,0,Unknown,,The Orquestra Metropolitana de Lisboa celebrates World Music Day with a special programme.,,https://www.nocartaz.pt/concelhos/setubal/,2026-09-13,
2026-10-01,2026-10-01,Soluções de resiliência hídrica para a Península de Setúbal,Event,Heritage & talks,Setúbal,Cinema Charlot (Auditório Municipal),0,Free,0,A public debate on water resilience across the Setúbal peninsula.,One-off,https://noticias.mun-setubal.pt/,2026-09-20,
2026-10-01,2026-10-01,"32.º FIMG — Pedro Burmester, Recital de Piano",Event,Local concert,Vila Nova de Gaia,Auditório Municipal de Vila Nova de Gaia,280,Unknown,,One of Portugal's leading pianists gives a solo recital for the Gaia International Music Festival.,One-off,https://www.nocartaz.pt/eventos/f43e017bf6b9f081/,2026-09-17,
2026-10-02,2026-10-05,Vinipax Wine Fair (Vinipax / RuralBeja),Wine festival,Wine festival,Beja,Parque de Feiras e Exposições,150,Free,0,"Portuguese and Spanish wines with Alentejo gastronomy, crafts and agribusiness; free entry to the grounds",Annual (October),https://www.idealista.pt/news/ferias/turismo/2026/09/07/77482-vindimas-em-portugal-festas-datas-e-experiencias-a-nao-perder,2026-09-09,
2026-10-02,2026-10-02,Coolab Contemp,Event,Theatre & performance,Coimbra,O Teatrão — Oficina Municipal do Teatro,200,Unknown,,A contemporary performance lab showing at the Teatrão.,One-off,https://www.nocartaz.pt/concelhos/coimbra/,2026-09-20,
2026-10-02,2026-10-02,"Quero ser feliz, porra! — Cooperativa Bonifrates",Event,Theatre & performance,Coimbra,Teatro da Cerca de São Bernardo,200,Paid,,A dramatic comedy from the long-running Coimbra company Bonifrates.,One-off,https://www.nocartaz.pt/concelhos/coimbra/,2026-09-20,
2026-10-02,2026-10-02,Black Cat Cinema: Gladiator,Event,Cinema,Lisbon,Claustro da Igreja da Graça,50,Paid,14,Open-air screening with live music and food stalls; doors 19:00.,,https://tickets.theblackcatcinema.com/events/blackcatcinema/,2026-09-13,
2026-10-02,2026-10-02,Norquestra,Event,Family,Lisbon,CCB - Pequeno Auditório,50,Unknown,,Premiere of an interactive concert introducing young children to the power of music.,One-off,https://www.nocartaz.pt/distrito/lisboa/infantil/,2026-09-19,
2026-10-02,2026-10-02,Quartos dos Músicos,Event,Family,Lisbon,CCB - Pequeno Auditório,50,Unknown,,Intimate guided visits into the imaginary bedrooms and worlds of guest musicians.,One-off,https://www.nocartaz.pt/distrito/lisboa/infantil/,2026-09-19,
2026-10-02,2026-10-02,Simone Mendes,Concert,Major concert,Lisbon,Sagres Campo Pequeno,45,Paid,,Brazilian sertanejo star,One-off,https://www.sagrescampopequeno.pt/en/calendar,2026-09-08,
2026-10-02,2027-02-22,VENUS — Valentino Garavani through the eyes of Joana Vasconcelos,Exhibition,Art exhibit,Lisbon,"MAAT, Belém",45,Paid,,30+ Valentino haute-couture pieces paired with Vasconcelos works,Run,https://www.lyxplanet.com/lisbon-art-exhibitions-fall-2026/,2026-09-08,
2026-10-02,2026-10-02,IDEA 2026,Event,Heritage & talks,Matosinhos,ESAD - Escola Superior de Artes e Design,330,Unknown,,"""O centro de investigação da ESAD debate o futuro do design e da arte."" Conference, October 2 at 21:00 at ESAD - Escola Superior de Artes e Design in Matosinhos.",,https://www.nocartaz.pt/concelhos/matosinhos/,2026-09-13,
2026-10-02,2026-10-02,Festival Inquietude | 10 anos Landescape (Restlessness Festival),Event,Festival,Ovar,Centro de Arte de Ovar,280,Paid,,"A festival marking a decade of the Landescape travel community, held Friday, October 2 at Centro de Arte de Ovar (CAO).",,https://www.nocartaz.pt/concelhos/ovar/,2026-09-13,
2026-10-02,2026-10-02,Lera Lynn,Event,Local concert,Ovar,Centro de Arte de Ovar,280,Paid,,"The ""aclamada cantautora norte-americana de True Detective"" performs Friday, October 2 at Centro de Arte de Ovar (CAO).",,https://www.nocartaz.pt/concelhos/ovar/,2026-09-13,
2026-10-02,2026-10-02,Arraial | Vítor Sá (Street Party),Event,Theatre & performance,Palmela,Sociedade Filarmónica Humanitária de Palmela,10,Unknown,,,,https://www.nocartaz.pt/concelhos/palmela/,2026-09-13,
2026-10-02,2026-10-02,Resident Evil,Film,Cinema,Peso da Régua,AUDIR — Auditório Municipal do Peso da Régua,420,Unknown,,"A horror film screening, Friday, October 2 at AUDIR in Peso da Régua.",One-off,https://www.nocartaz.pt/distrito/vila-real/,2026-09-15,
2026-10-02,2026-10-02,David Antunes & Carolina Ligeiro,Event,Local concert,Vila Nova de Gaia,Auditório Municipal de Vila Nova de Gaia,280,Unknown,,Singer-pianist David Antunes invites Carolina Ligeiro to share the stage.,One-off,https://www.nocartaz.pt/eventos/3983702a826f376b/,2026-09-17,
2026-10-02,2026-10-02,XXVIII Jornadas Internacionais — Escola de Música da Sé de Évora,Event,Heritage & talks,Évora,Teatro Garcia de Resende,240,Unknown,,Conference on the historic Sé de Évora music school and its diaspora.,One-off,https://www.nocartaz.pt/concelhos/evora/,2026-09-19,
2026-10-03,2026-10-03,O Principezinho — Teatro Musical,Event,Family,Alcochete,Fórum Cultural de Alcochete,40,Unknown,,Musical theatre adaptation of Antoine de Saint-Exupéry's The Little Prince.,One-off,https://www.cm-alcochete.pt/ListaEventos/agenda-de-eventos,2026-09-19,
2026-10-03,2026-10-03,Concerto Comemorativo do Dia Mundial da Música — Orquestra d'Almada,Event,Local concert,Almada,Auditório Municipal Fernando Lopes-Graça,40,Unknown,,Almada's own orchestra marks World Music Day.,One-off,https://www.cm-almada.pt/concerto-comemorativo-do-dia-mundial-da-musica-orquestra-dalmada,2026-09-17,
2026-10-03,2026-10-03,Olaria para Todos!,Event,Workshop,Almada,Solar dos Zagallos,40,Free,0,Open pottery session on the wheel for all ages.,One-off,https://www.cm-almada.pt/olaria-para-todos-19,2026-09-17,
2026-10-03,2026-10-03,Schönbrunn Palace Orchestra Vienna,Concert,Local concert,Braga,Fórum Braga,330,Paid,,"The Schönbrunn Palace Orchestra Vienna performs ""From Strauss to Léhar — An Evening Through Vienna's Golden Age"" on October 3 at 21:00, featuring a selection of celebrated waltzes, polcas and operettas from Vienna's classical repertoire. Ticket prices range from €34 to €60 depending on seating location.",One-off,https://www.forumbraga.com/Detail/Index/429b9dad-2ba5-11f1-a033-000d3ad7a4dc,2026-09-09,
2026-10-03,2026-10-03,Bragança ClassicFest — O Carnaval dos Animais (Saint-Saëns' Carnival of the Animals),Event,Family,Bragança,Teatro Municipal de Bragança,480,Unknown,,"Saint-Saëns' zoological suite presented in orchestral interpretation on Saturday, October 3, the ""célebre suite zoológica"" within the regional festival.",,https://www.nocartaz.pt/concelhos/braganca/,2026-09-13,
2026-10-03,2026-10-03,"Whitney Johnson, Lia Kohl & Macie Stewart",Concert,Local concert,Coimbra,Fundação Bissaya Barreto — Casa das Artes,200,Paid,,Three American experimental instrumentalists meet on one stage.,One-off,https://www.nocartaz.pt/concelhos/coimbra/,2026-09-20,
2026-10-03,2026-10-03,Andy Sheppard & Orquestra de Jazz de Espinho,Concert,Local concert,Espinho,Auditório de Espinho (Academia),310,Paid,,"Acclaimed British saxophonist Andy Sheppard collaborates with Espinho's big band on Saturday, October 3 at 21:30 at the Auditório de Espinho (Academia).",One-off,https://www.nocartaz.pt/concelhos/espinho/,2026-09-13,
2026-10-03,2026-10-03,Ópera | La Vera Costanza,Event,Local concert,Estoril,Casino Estoril - Salão Preto e Prata,68,Unknown,,"Haydn's dramatic opera receives a production at Casino Estoril on Saturday, October 3.",,https://www.nocartaz.pt/concelhos/cascais/,2026-09-13,
2026-10-03,2026-10-03,Capuchinho,Theatre,Family,Funchal,Teatro Municipal Baltazar Dias,Island,Paid,5,Stage version of Little Red Riding Hood for family audiences.,One-off,https://www.nocartaz.pt/concelhos/funchal/,2026-09-13,
2026-10-03,2026-10-03,Quim Roscas & Zeca Estacionâncio,Comedy,Theatre & performance,Guimarães,Multiusos de Guimarães,370,Unknown,,"The northern Portugal's most famous comedy duo brings an evening of laughs to Multiusos de Guimarães on October 3 at 21:30. The page notes they ""promete uma noite de muitas gargalhadas.""",One-off,https://www.nocartaz.pt/concelhos/guimaraes/,2026-09-09,
2026-10-03,2026-10-03,Black Cat Cinema: 2001: A Space Odyssey,Event,Cinema,Lisbon,Claustro da Igreja da Graça,50,Paid,14,Open-air screening with live music and food stalls; doors 19:00.,,https://tickets.theblackcatcinema.com/events/blackcatcinema/,2026-09-13,
2026-10-03,2026-10-03,Ensemble Med — Dia Mundial da Música (World Music Day),Concert,Local concert,Moita,Fórum Cultural José Manuel Figueiredo,25,Unknown,,Ensemble concert programmed for World Music Day.,One-off,https://www.nocartaz.pt/concelhos/moita/,2026-09-13,
2026-10-03,2026-10-03,"OCCO — Concerto ""Dia Mundial da Música"" (World Music Day Concert)",Concert,Local concert,Oeiras,Auditório Municipal Ruy de Carvalho,50,Unknown,,"Commemorative concert for World Music Day by the OCCO orchestra, Saturday, October 3 at Auditório Municipal Ruy de Carvalho in Oeiras.",One-off,https://www.nocartaz.pt/concelhos/oeiras/,2026-09-13,
2026-10-03,2026-10-03,The Ruin is a Tail,Event,Theatre & performance,Porto,Instável — Centro Coreográfico,310,Unknown,,Contemporary choreographic creation on display.,One-off,https://www.nocartaz.pt/distrito/porto/danca/,2026-09-19,
2026-10-03,2026-10-03,Jorge Palma | 3 Palmas na Mão,Event,Local concert,Santa Maria da Feira,Cineteatro António Lamoso,290,Paid,,"An intimate performance where the major Portuguese rock and song artist revisits career classics, Cineteatro António Lamoso, October 3 at 21:30.",,https://www.nocartaz.pt/concelhos/santa-maria-da-feira/,2026-09-13,
2026-10-03,2026-10-03,Hugo Sousa: Aqui Entre Nós,Event,Theatre & performance,Santarém,CNEMA - Centro Nacional de Exposições,110,Unknown,,"Comedy stand-up performance by Hugo Sousa, Saturday, October 3 at CNEMA. NONE beyond title/date.",,https://www.nocartaz.pt/concelhos/santarem/,2026-09-13,
2026-10-03,2026-10-03,"Arte, de Yasmina Reza (the play 'Art')",Event,Theatre & performance,Setúbal,Fórum Municipal Luísa Todi,0,Unknown,,Yasmina Reza's acclaimed comedy of manners about friendship and modern art.,,https://www.nocartaz.pt/concelhos/setubal/,2026-09-13,
2026-10-03,2026-10-03,Tracy Vandal & John Mercy,Concert,Local concert,Setúbal,Casa da Cultura (Culture House),0,Unknown,,"Concert, 21:30",One-off,https://www.casadacultura-setubal.pt/programacao/,2026-09-08,
2026-10-03,2026-10-03,Feira Rural | outubro 2026 (Rural Fair),Event,Market,Torres Vedras,Mercado Municipal de Torres Vedras,100,Free,,,,https://www.nocartaz.pt/concelhos/torres-vedras/,2026-09-13,
2026-10-03,2026-10-03,Furo Lento (Slow Puncture),Event,Theatre & performance,Viseu,Teatro Viriato,270,Unknown,,"Stage production, Saturday, October 3 at 21:00 at Teatro Viriato.",,https://www.nocartaz.pt/concelhos/viseu/,2026-09-13,
2026-10-04,2026-10-04,Lobo Mau (The Big Bad Wolf),Theatre,Family,Barcelos,Theatro Gil Vicente,400,Paid,,Family show built around the Big Bad Wolf of the classic tale.,One-off,https://www.nocartaz.pt/concelhos/barcelos/,2026-09-13,
2026-10-04,2026-10-04,Black Cat Cinema: Sentimental Value,Event,Cinema,Lisbon,Claustro da Igreja da Graça,50,Paid,14,Open-air screening with live music and food stalls; doors 19:00.,,https://tickets.theblackcatcinema.com/events/blackcatcinema/,2026-09-13,
2026-10-04,2026-10-04,Evanescence — 2026 World Tour,Concert,Major concert,Lisbon,MEO Arena,45,Paid,,US rock band,One-off,https://cartazculturallisboa.pt/agenda-altice-arena/,2026-09-08,
2026-10-04,2026-10-04,"Um Certo Olhar de Manuel Graf (A Certain Look, by Manuel Graf)",Exhibition,Art exhibit,Porto,Fundação Eng. António de Almeida,290,Unknown,,Photography exhibition by Manuel Graf at the Fundação Eng. António de Almeida.,,https://www.nocartaz.pt/distrito/porto/exposicoes/,2026-09-16,
2026-10-04,2026-10-04,Miguel Nicolau,Event,Local concert,Setúbal,Fórum Municipal Luísa Todi,0,Unknown,,The Peixe:Avião guitarist plays a solo set in the Guitarras ao Alto series.,,https://www.forumluisatodi.pt/espetaculo/miguel-nicolau/,2026-09-13,
2026-10-04,2026-10-04,Marco Oliveira e José Peixoto,Event,Local concert,Vila Nova de Gaia,Casa Barbot,280,Unknown,,Fado guitarist-singer Marco Oliveira in a strings dialogue with guitarist José Peixoto.,One-off,https://www.nocartaz.pt/eventos/22157ac2004b075d/,2026-09-17,
2026-10-05,2026-10-05,Abba Mia — Tributo a ABBA (ABBA Tribute),Event,Local concert,Estoril,Casino Estoril - Salão Preto e Prata,68,Unknown,,"A tribute show to the Swedish band's greatest hits, performances Monday, October 5 and Sunday, October 11 at Casino Estoril.",,https://www.nocartaz.pt/concelhos/cascais/,2026-09-13,
2026-10-05,2026-10-05,Black Cat Cinema: Boogie Nights,Event,Cinema,Lisbon,Palácio do Grilo,50,Paid,14,Open-air screening with live music and food stalls; doors 19:00.,,https://tickets.theblackcatcinema.com/events/blackcatcinema/,2026-09-13,
2026-10-05,2026-10-05,Quando o Mar Galgou a Terra e Algumas Considerações,Event,Theatre & performance,Ponta Delgada,Coliseu Micaelense,Island,Unknown,,A stage piece on the sea and the island coast.,One-off,https://www.nocartaz.pt/concelhos/ponta-delgada/,2026-09-20,
2026-10-06,2026-10-06,Quinzena de Dança de Almada | The Sound of Masks,Event,Theatre & performance,Almada,Auditório Municipal Fernando Lopes-Graça,40,Free,0,"Dance piece by Sara Gouveia and Atanásio Cosme Nyusi, a Portugal–Mozambique collaboration; free subject to capacity.",One-off,https://www.cm-almada.pt/33a-quinzena-de-danca-de-almada-the-sound-of-masks-sara-gouveia-atanasio-cosme-nyusi-portugal-mocambique,2026-09-17,
2026-10-06,2026-10-06,As Minhas Namoradinhas (My Little Girlfriends),Film,Cinema,Barcelos,Theatro Gil Vicente,400,Unknown,,Screening of Jean Eustache's French feature Mes petites amoureuses.,One-off,https://www.nocartaz.pt/concelhos/barcelos/,2026-09-13,
2026-10-06,2026-10-06,Black Cat Cinema: Her,Event,Cinema,Lisbon,Palácio do Grilo,50,Paid,14,Open-air screening with live music and food stalls; doors 19:00.,,https://tickets.theblackcatcinema.com/events/blackcatcinema/,2026-09-13,
2026-10-07,2026-10-07,Festa do Cinema Francês | La Bataille de Gaulle,Event,Cinema,Almada,Auditório Municipal Fernando Lopes-Graça,40,Paid,3,"Antonin Baudry's drama about Charles de Gaulle, opening the French Film Festival in Almada.",One-off,https://www.cm-almada.pt/cinema-27a-festa-do-cinema-frances-la-bataille-de-gaulle-lage-de-fer-de-antonin-baudry,2026-09-17,
2026-10-07,2026-10-07,Black Cat Cinema: The Wolf of Wall Street,Event,Cinema,Lisbon,Palácio do Grilo,50,Paid,14,Open-air screening with live music and food stalls; doors 19:00.,,https://tickets.theblackcatcinema.com/events/blackcatcinema/,2026-09-13,
2026-10-07,2026-10-11,Harvest Celebrations (Festa das Colheitas),Harvest festival,Unique experience,Vila Verde,Across several parishes,360,Unknown,,"Five days of harvest traditions across the parishes - gastronomy, crafts, folk music and rural customs",Annual (October),https://www.idealista.pt/news/ferias/turismo/2026/09/07/77482-vindimas-em-portugal-festas-datas-e-experiencias-a-nao-perder,2026-09-09,
2026-10-08,2026-10-08,Parents' House — Piano Solo,Concert,Local concert,Faro,Teatro das Figuras,260,Paid,,Solo piano concert,One-off,https://teatrodasfiguras.pt/agenda/parents-house-piano-solo,2026-09-09,
2026-10-08,2026-10-08,Black Cat Cinema: Little Miss Sunshine,Event,Cinema,Lisbon,Palácio do Grilo,50,Paid,14,Open-air screening with live music and food stalls; doors 19:00.,,https://tickets.theblackcatcinema.com/events/blackcatcinema/,2026-09-13,
2026-10-08,2026-10-08,Mudar de Vida (Change of Life),Event,Cinema,Ovar,Centro de Arte de Ovar,280,Paid,,"Portuguese cinema screening Thursday, October 8 at Centro de Arte de Ovar (CAO); no additional details provided on the page.",,https://www.nocartaz.pt/concelhos/ovar/,2026-09-13,
2026-10-09,2026-10-09,Carlos Bica & Azul,Concert,Local concert,Espinho,Auditório de Espinho (Academia),310,Paid,,The bassist's long-running trio marks thirty years playing together.,One-off,https://www.nocartaz.pt/concelhos/espinho/,2026-09-13,
2026-10-09,2026-10-09,Tiago Nacarato — Concerto Solidário,Concert,Local concert,Espinho,Casino Espinho,310,Paid,,Charity concert by the Portuguese singer-songwriter.,One-off,https://www.nocartaz.pt/concelhos/espinho/,2026-09-13,
2026-10-09,2026-10-09,Dire Straits Legacy — Europa Tour 2026,Concert,Major concert,Gondomar,Pavilhão Multiusos de Gondomar,320,Paid,,Former Dire Straits members revisit the band's back catalogue.,One-off,https://www.nocartaz.pt/concelhos/gondomar/,2026-09-13,
2026-10-09,2026-10-09,Maré Vaza (The Tide Goes Out),Event,Local concert,Ovar,Escola de Artes e Ofícios de Ovar,280,Paid,,"A theater and performance arts event Friday, October 9 at Escola de Artes e Ofícios de Ovar; no additional details provided.",,https://www.nocartaz.pt/concelhos/ovar/,2026-09-13,
2026-10-09,2026-10-09,A Ovelha Choné: Trapalhada na Quinta (PT),Film,Cinema,Peso da Régua,AUDIR — Auditório Municipal do Peso da Régua,420,Unknown,,"An animated children's film, Friday, October 9 at the auditorium.",One-off,https://www.nocartaz.pt/distrito/vila-real/,2026-09-15,
2026-10-09,2026-10-09,A Bela e o Monstro (Beauty and the Beast),Event,Family,Setúbal,Fórum Municipal Luísa Todi,0,Unknown,,Family musical version of the classic fairy tale by the GATEM company (Espelho Mágico).,,https://www.forumluisatodi.pt/espetaculo/a-bela-e-o-monstro-3/,2026-09-13,
2026-10-09,2026-10-09,Grant Lee Phillips,Concert,Local concert,Setúbal,Casa da Cultura (Culture House),0,Unknown,,This concert features the artist performing at Cinema Charlot – Auditório Municipal on October 9 at 21:30.,One-off,https://www.casadacultura-setubal.pt/programacao/,2026-09-08,
2026-10-10,2026-10-10,Mercado de Trocas,Event,Market,Almada,Solar dos Zagallos,40,Free,,Swap market: bring things you no longer use and trade them for something you need.,One-off,https://www.cm-almada.pt/mercado-de-trocas-2,2026-09-17,
2026-10-10,2026-10-10,Quinzena de Dança de Almada | T.R.I.P.O.F.O.B.I.A. — The End,Event,Theatre & performance,Almada,Auditório Municipal Fernando Lopes-Graça,40,Unknown,,Contemporary dance by Italian choreographer Pablo Girolami and his company IVONA.,One-off,https://www.cm-almada.pt/33a-quinzena-de-danca-de-almada-tripofobia-the-end-de-pablo-girolami-italia,2026-09-17,
2026-10-10,2026-10-10,Bandidos do Cante (The Cante Bandits),Concert,Local concert,Barcelos,Theatro Gil Vicente,400,Unknown,,Alentejo cante tradition reworked with contemporary arrangements.,One-off,https://www.nocartaz.pt/concelhos/barcelos/,2026-09-13,
2026-10-10,2026-10-11,Expo Animal 2026,Fair,Family,Braga,Fórum Braga,330,Paid,,"Expo Animal 2026 is a pet-focused exhibition featuring dogs, cats and exotic animals alongside exhibitors offering products and services for animal care, taking place October 10-11 in Forum Braga's pavilion. Admission costs €3.50 for adults and €2 for children ages 4-10, with more than 1,000 dogs in exhibition across national and international canine shows.",Annual,https://www.forumbraga.com/Detail/Index/82802a5a-3ff7-11f1-b655-000d3ad7a4dc,2026-09-09,
2026-10-10,2026-10-10,Bragança ClassicFest — Orquestra de Budapeste (concerto de encerramento),Event,Local concert,Bragança,Teatro Municipal de Bragança,480,Unknown,,"The Budapest Orchestra closes the classical season on Saturday, October 10 as a ""conceituada orquestra húngara,"" a unique concert for the Trás-os-Montes region.",,https://www.nocartaz.pt/concelhos/braganca/,2026-09-13,
2026-10-10,2026-10-10,Ricardo Ribeiro,Event,Local concert,Fafe,Teatro Cinema de Fafe,340,Unknown,,One of the most celebrated voices in contemporary fado.,One-off,https://www.nocartaz.pt/concelhos/fafe/,2026-09-19,
2026-10-10,2026-10-10,Carnaval dos Animais — MARIOFA (Carnival of the Animals),Theatre,Family,Funchal,Teatro Municipal Baltazar Dias,Island,Paid,5,"A puppet spectacle inspired by Saint-Saëns' famous composition, Saturday, October 10 at Teatro Municipal Baltazar Dias, also running the same day 15:30 at Estúdio de Criação Artística.",One-off,https://www.nocartaz.pt/concelhos/funchal/,2026-09-13,
2026-10-10,2026-10-10,Dire Straits Legacy — Europe Tour 2026,Concert,Major concert,Lisbon,Sagres Campo Pequeno,45,Paid,,Former Dire Straits members play the catalogue,One-off,https://www.sagrescampopequeno.pt/en/calendar,2026-09-08,
2026-10-10,2026-10-18,Conferência CICA 2026 — Crítica de Arquitetura: Resistência e Compromisso (Architecture Criticism Conference),Event,Heritage & talks,Matosinhos,Casa da Arquitectura,330,Unknown,,"Architecture criticism conference, weekends of 10-11 and 17-18 October.",,https://www.nocartaz.pt/concelhos/matosinhos/,2026-09-13,
2026-10-10,2026-10-10,Lazarus: um ensaio sobre a morte em saltos altos (An Essay on Death in High Heels),Dance,Theatre & performance,Moita,Fórum Cultural José Manuel Figueiredo,25,Unknown,,"Contemporary dance piece exploring reflections on life and death, October 10 at the Fórum Cultural.",One-off,https://www.nocartaz.pt/concelhos/moita/,2026-09-13,
2026-10-10,2026-10-10,Banda Sinfónica de Ovar (Ovar Symphonic Band),Event,Local concert,Ovar,Centro de Arte de Ovar,280,Paid,,"""Concerto da Banda Sinfónica de Ovar"" at Centro de Arte de Ovar Saturday, October 10, a classical music concert by the local symphony band.",,https://www.nocartaz.pt/concelhos/ovar/,2026-09-13,
2026-10-10,2026-10-10,Os Músicos do Tejo — Esta Vida Trabalhosa (This Toilsome Life),Event,Local concert,Paredes,Centro Cultural de Paredes (CCP),330,Unknown,,"Baroque repertoire live at Centro Cultural de Paredes, October 10 at 21:30, by the acclaimed ensemble.",,https://www.nocartaz.pt/concelhos/paredes/,2026-09-13,
2026-10-10,2026-10-10,Do Terreiro ao Mundo (Porto),Event,Theatre & performance,Porto,Instável — Centro Coreográfico,310,Unknown,,New choreographic creation by Clara Andermatt.,One-off,https://www.nocartaz.pt/distrito/porto/danca/,2026-09-19,
2026-10-10,2026-10-10,Nós e o Mundo que nos Acolhe (Us and the World That Welcomes Us),Event,Theatre & performance,Santa Maria da Feira,Cineteatro António Lamoso,290,Paid,,"A community theatrical production staged at Cineteatro António Lamoso on October 10 at 21:30, blending civic themes with performing arts.",,https://www.nocartaz.pt/concelhos/santa-maria-da-feira/,2026-09-13,
2026-10-10,2026-10-10,Desassossego,Event,Theatre & performance,Vila Nova de Gaia,Auditório Municipal de Vila Nova de Gaia,280,Unknown,,Stage adaptation drawn from Fernando Pessoa's Book of Disquiet.,One-off,https://www.nocartaz.pt/eventos/a74a795fbed5fead/,2026-09-17,
2026-10-10,2026-10-10,Começar tudo outra vez (Starting All Over Again),Event,Theatre & performance,Viseu,Teatro Viriato,270,Unknown,,"Theater piece, Saturday, October 10 at 21:00 at Teatro Viriato.",,https://www.nocartaz.pt/concelhos/viseu/,2026-09-13,
2026-10-10,2026-10-10,Viseu LGBTQIA+ Rights March (9.ª Marcha pelos Direitos LGBTQIA+),March,Pride,Viseu,Viseu city centre,270,Free,0,"This is the ninth iteration of Viseu's march advocating for LGBTQIA+ rights, scheduled for October 10, with the theme ""Das margens para as ruas: orgulho na luta"" (From the margins to the streets: pride in struggle).",Annual,https://jamarchavas.pt/calendario-de-marchas-lgbtqia-2026/,2026-09-09,
2026-10-11,2026-10-11,Beauty and the Beast — The Musical (A Bela e o Monstro),Musical,Family,Braga,Fórum Braga,330,Paid,,"""A Bela e o Monstro o Musical"" is a theatrical adaptation of the classic tale presented as a family-friendly musical at Forum Braga's Grande Auditório on October 11 at 15:30. The production emphasizes empathy, emotional responsibility and personal transformation, with ticket prices ranging from €13 to €17 depending on seating location.",One-off,https://www.forumbraga.com/Detail/Index/408c2422-7ea8-11f1-8f2c-000d3ad7a4dc,2026-09-09,
2026-10-11,2026-10-11,Djavan — Djavanear 50 Anos,Concert,Major concert,Lisbon,MEO Arena,45,Paid,,50th-anniversary tour of the Brazilian singer-songwriter,One-off,https://cartazculturallisboa.pt/agenda-altice-arena/,2026-09-08,
2026-10-11,2026-10-11,O Nabo Gigante (The Giant Turnip),Event,Family,Paredes,Centro Cultural de Paredes (CCP),330,Unknown,,"Adaptation of the children's story as theatrical, playful performance, Centro Cultural de Paredes, October 11 at 11:00.",,https://www.nocartaz.pt/concelhos/paredes/,2026-09-13,
2026-10-11,2026-10-11,"VIII Açores, Terra de Mar & Fogo",Event,Community,Ponta Delgada,Coliseu Micaelense,Island,Unknown,,The eighth edition of the Azorean showcase of island music and dance.,Annual,https://www.nocartaz.pt/concelhos/ponta-delgada/,2026-09-20,
2026-10-11,2026-10-11,O Rouxinol (The Nightingale),Event,Family,Setúbal,Fórum Municipal Luísa Todi,0,Unknown,,"A musicalized children's story integrates into the ""Vamos Tocar Estórias"" cycle on Sunday, October 11 at 11:00.",,https://www.nocartaz.pt/concelhos/setubal/,2026-09-13,
2026-10-11,2026-10-11,Laboratório Coreográfico Edouard Hue (Choreographic Lab),Event,Workshop,Viseu,Teatro Viriato,270,Unknown,,"Dance laboratory workshop, Sunday, October 11 at 10:00 at Teatro Viriato.",,https://www.nocartaz.pt/concelhos/viseu/,2026-09-13,
2026-10-13,2026-10-13,Festa do Cinema Francês | De la Comédie-Française,Event,Cinema,Almada,Auditório Municipal Fernando Lopes-Graça,40,Paid,3,Behind the scenes with the actors of France's national theatre company.,One-off,https://www.cm-almada.pt/cinema-27a-festa-do-cinema-frances-de-la-comedie-francaise-de-martin-darondeau-bertrand-usclat,2026-09-17,
2026-10-13,2026-10-13,Visitas Guiadas ao TMBD (Guided Tours),Guided visit,Unique experience,Funchal,Teatro Municipal Baltazar Dias,Island,Unknown,,"Backstage tour of the 19th-century municipal theatre, normally closed to visitors.",Monthly,https://www.nocartaz.pt/concelhos/funchal/,2026-09-13,
2026-10-13,2026-10-13,Black Cat Cinema: Wicked,Event,Cinema,Lisbon,Claustro da Igreja da Graça,50,Paid,14,Open-air screening with live music and food stalls; doors 19:00.,,https://tickets.theblackcatcinema.com/events/blackcatcinema/,2026-09-13,
2026-10-14,2026-10-14,Festa do Cinema Francês | Le Chant des Forêts,Event,Cinema,Almada,Auditório Municipal Fernando Lopes-Graça,40,Paid,3,Wildlife photographer Vincent Munier's documentary on the life of the forest.,One-off,https://www.cm-almada.pt/cinema-27a-festa-do-cinema-frances-le-chant-des-forets-de-vincent-munier,2026-09-17,
2026-10-14,2026-10-14,Tiago Bettencourt — 25 Anos,Concert,Local concert,Coimbra,Convento São Francisco,200,Paid,,The songwriter looks back over a quarter-century of songs.,One-off,https://www.nocartaz.pt/concelhos/coimbra/,2026-09-20,
2026-10-14,2026-10-14,Black Cat Cinema: Romeo + Juliet,Event,Cinema,Lisbon,Claustro da Igreja da Graça,50,Paid,14,Open-air screening with live music and food stalls; doors 19:00.,,https://tickets.theblackcatcinema.com/events/blackcatcinema/,2026-09-13,
2026-10-14,2026-10-14,A Odisseia (The Odyssey),Film,Cinema,Moita,Fórum Cultural José Manuel Figueiredo,25,Unknown,,Screening of the epic adaptation of Homer's Odyssey.,One-off,https://www.nocartaz.pt/concelhos/moita/,2026-09-13,
2026-10-14,2026-10-14,Salut Salon | Heimat — Céu que Trazemos Dentro de Nós (The Sky We Carry Within Us),Event,Local concert,Santa Maria da Feira,Cineteatro António Lamoso,290,Paid,,The German quartet blends classical playing with comic virtuosity.,,https://www.nocartaz.pt/concelhos/santa-maria-da-feira/,2026-09-13,
2026-10-14,2026-10-14,King Dude,Event,Local concert,Vila Nova de Gaia,Armazém 22,280,Unknown,,Dark neofolk from American singer-songwriter King Dude.,One-off,https://www.nocartaz.pt/eventos/e6b0e66b60412333/,2026-09-17,
2026-10-14,2026-10-14,Côa Mais Selvagem (The Wilder Côa),Event,Heritage & talks,Viseu,Teatro Viriato,270,Unknown,,"Theatrical work, Wednesday, October 14 at 15:00 at Teatro Viriato.",,https://www.nocartaz.pt/concelhos/viseu/,2026-09-13,
2026-10-15,2026-10-15,Anciients,Event,Local concert,Bragança,JP Rock Café,480,Unknown,,"Progressive metal from Canada performing Thursday, October 15 at 19:00 at JP Rock Café, described as ""musculado.""",,https://www.nocartaz.pt/concelhos/braganca/,2026-09-13,
2026-10-15,2026-10-15,Black Cat Cinema: F1,Event,Cinema,Lisbon,Claustro da Igreja da Graça,50,Paid,14,Open-air screening with live music and food stalls; doors 19:00.,,https://tickets.theblackcatcinema.com/events/blackcatcinema/,2026-09-13,
2026-10-15,2026-10-18,Os Emigrantes (The Emigrants),Event,Theatre & performance,Setúbal,Fórum Municipal Luísa Todi,0,Unknown,,"The TAS theater group performs Slawomir Mrozek's classic about emigration and social conflict on Thursday, October 15 at 21:00.",,https://www.nocartaz.pt/concelhos/setubal/,2026-09-13,
2026-10-16,2026-10-16,From the Terreiro to the World (Do Terreiro ao Mundo),Dance,Theatre & performance,Aveiro,Teatro Aveirense,300,Unknown,,"This contemporary dance production performs at Teatro Aveirense on October 16, engaging with terreiro roots and tradition, blending modern choreography with cultural heritage.",One-off,https://www.nocartaz.pt/concelhos/aveiro/,2026-09-09,
2026-10-16,2026-10-16,XXVI FITAB — Festival Internacional de Teatro (International Theatre Festival),Event,Festival,Bragança,Teatro Municipal de Bragança,480,Unknown,,Bragança's international student-choir festival.,,https://www.nocartaz.pt/concelhos/braganca/,2026-09-13,
2026-10-16,2026-10-16,Evita,Event,Theatre & performance,Cascais,Museu do Mar Rei D. Carlos,70,Unknown,,"A theatrical musical production runs Friday, October 16 at 21:00 at Museu do Mar Rei D. Carlos.",,https://www.nocartaz.pt/concelhos/cascais/,2026-09-13,
2026-10-16,2026-10-16,Proteção Social e Igualdade,Event,Heritage & talks,Coimbra,Capela do Colégio da Trindade,200,Free,0,A public debate on equality and social protection.,One-off,https://www.nocartaz.pt/concelhos/coimbra/,2026-09-20,
2026-10-16,2026-10-16,Together to Get There,Event,Theatre & performance,Fafe,Teatro Cinema de Fafe,340,Unknown,,,One-off,https://www.nocartaz.pt/concelhos/fafe/,2026-09-19,
2026-10-16,2026-10-16,Pedro Branco @ Barreirinha Bar Café,Concert,Local concert,Funchal,Barreirinha Bar Café,Island,Unknown,,"Portuguese guitarist Pedro Branco presents instrumental solo repertoire, Friday, October 16 at 21:00, intimate venue setting.",One-off,https://www.nocartaz.pt/concelhos/funchal/,2026-09-13,
2026-10-16,2026-10-16,Alphaville,Concert,Major concert,Lisbon,Sagres Campo Pequeno,45,Paid,,German synth-pop band,One-off,https://www.sagrescampopequeno.pt/en/calendar,2026-09-08,
2026-10-16,2026-10-16,Black Cat Cinema: Anatomy of a Fall,Event,Cinema,Lisbon,Claustro da Igreja da Graça,50,Paid,14,Open-air screening with live music and food stalls; doors 19:00.,,https://tickets.theblackcatcinema.com/events/blackcatcinema/,2026-09-13,
2026-10-16,2026-10-16,Homem em Catarse (Man in Catharsis),Event,Local concert,Ovar,Escola de Artes e Ofícios de Ovar,280,Paid,,"Afonso Dorido performs intimate sonic landscapes Friday, October 16 at 10 PM at Escola de Artes e Ofícios de Ovar.",,https://www.nocartaz.pt/concelhos/ovar/,2026-09-13,
2026-10-16,2026-10-16,Motorfeira 26 (Motor Fair),Event,Other,Santa Maria da Feira,Europarque - Centro de Congressos,290,Paid,,An automotive event held at Europarque on October 16.,,https://www.nocartaz.pt/concelhos/santa-maria-da-feira/,2026-09-13,
2026-10-16,2026-10-16,Trio António Capela,Event,Local concert,Vila Nova de Gaia,Espaço Corpus Christi,280,Unknown,,Chamber music trio in a restored historic chapel space.,One-off,https://www.nocartaz.pt/eventos/3f4e80f8046a355d/,2026-09-17,
2026-10-16,2026-10-16,Quando vem a taciturna e poda as túlipas (When the Sullen One Comes and Prunes the Tulips),Event,Theatre & performance,Viseu,Teatro Viriato,270,Unknown,,"Theater production, Friday, October 16 at 18:30 at Teatro Viriato.",,https://www.nocartaz.pt/concelhos/viseu/,2026-09-13,
2026-10-17,2026-10-17,Sakamoto 1996,Event,Local concert,Alcochete,Fórum Cultural de Alcochete,40,Paid,,"Tribute concert recreating Ryuichi Sakamoto's 1996 album live with piano, violin, cello and video art.",One-off,https://www.cm-alcochete.pt/ListaEventos/agenda-de-eventos,2026-09-19,
2026-10-17,2026-10-18,Festival Cultura Crua (2.ª edição),Event,Festival,Almada,"Rua Tenente Valadim, Romeira",40,Free,0,"Free street festival of music, dance and urban art run by the council's youth department.",One-off,https://www.cm-almada.pt/viver/juventude/2a-edicao-festival-cultura-crua,2026-09-17,
2026-10-17,2026-10-17,Así se baila el Tango (This Is How Tango Is Danced),Event,Theatre & performance,Bragança,Teatro Municipal de Bragança,480,Unknown,,A choreographic and musical journey through the roots of Argentine tango.,,https://www.nocartaz.pt/concelhos/braganca/,2026-09-13,
2026-10-17,2026-10-17,IRONMAN Cascais,Sport,Sport,Cascais,,60,Free to watch,,The IRONMAN and IRONMAN 70.3 triathlon races take place in Cascais on October 17.,Annual,https://www.visitcascais.com/en/events,2026-09-08,
2026-10-17,2026-10-18,Pedro Abrunhosa — Tour Inverbo,Concert,Major concert,Faro,Teatro das Figuras,260,Paid,,Two nights of the Inverbo tour,Two performances,https://teatrodasfiguras.pt/agenda/pedro-abrunhosa,2026-09-09,
2026-10-17,2026-10-17,Tatanka com Filarmónica dos Carvalhais de Lavos e Sociedade Filarmónica Paionense,Concert,Local concert,Figueira da Foz,CAE — Centro de Artes e Espetáculos da Figueira da Foz,230,Paid,15,The Black Mamba's singer reworks his repertoire with two brass bands.,One-off,https://www.nocartaz.pt/concelhos/figueira-da-foz/,2026-09-13,
2026-10-17,2026-10-17,BED BY 10,Event,Other,Lisbon,LAV — Lisboa ao Vivo,50,Unknown,,"Early-evening dance party aimed at over-30s, finishing in time for bed.",One-off,https://www.nocartaz.pt/eventos/03ba75c6bb3622f7/,2026-09-17,
2026-10-17,2026-10-17,Black Cat Cinema: Interstellar,Event,Cinema,Lisbon,Claustro da Igreja da Graça,50,Paid,14,Open-air screening with live music and food stalls; doors 19:00.,,https://tickets.theblackcatcinema.com/events/blackcatcinema/,2026-09-13,
2026-10-17,2026-10-17,Rui Veloso Trio,Concert,Major concert,Lisbon,Sagres Campo Pequeno,45,Paid,,Portuguese rock veteran in trio format,One-off,https://www.sagrescampopequeno.pt/en/calendar,2026-09-08,
2026-10-17,2026-10-17,Together To Get There,Event,Theatre & performance,Paredes,Centro Cultural de Paredes (CCP),330,Unknown,,,,https://www.nocartaz.pt/concelhos/paredes/,2026-09-13,
2026-10-17,2026-10-17,O Salvado | Companhia Olga Roriz (The Salvaged),Event,Theatre & performance,Santa Maria da Feira,Cineteatro António Lamoso,290,Unknown,,A contemporary dance creation by the acclaimed Olga Roriz Company premiering at Cineteatro António Lamoso on October 17 at 21:30.,,https://www.nocartaz.pt/concelhos/santa-maria-da-feira/,2026-09-13,
2026-10-17,2026-10-17,Sophie Hutchings / Surma,Concert,Local concert,Setúbal,Casa da Cultura (Culture House),0,Unknown,,"Neo-classical piano + Portuguese electronic artist, 21:30",One-off,https://www.casadacultura-setubal.pt/programacao/,2026-09-08,
2026-10-17,2026-10-17,Nights of Orpheus — Autumn Concert,Concert,Local concert,Sintra,São Miguel de Odrinhas Archaeological Museum,65,Unknown,,"Classical-inspired concert in an archaeological museum, 21:00",Seasonal,https://www.sintraexplorers.com/post/sintra-s-most-fun-events-in-july-august-and-october-2026,2026-09-08,
2026-10-18,2026-10-18,Concerto do Outono,Event,Local concert,Angra do Heroísmo,Teatro Angrense,,Unknown,,Autumn concert in the Temporada de Música Clássica classical season.,One-off,https://www.nocartaz.pt/concelhos/angra-do-heroismo/,2026-09-19,
2026-10-18,2026-10-18,DJ Riscas — The Live Show,Family,Family,Braga,Fórum Braga,330,Paid,,"""DJ Riscas ao Vivo"" is the inaugural live show by DJ Riscas, described as a magical disco featuring music from Panda Festival with dancers teaching choreography to children. The performance takes place October 18 at 11:00 in the Grande Auditório at Forum Braga, with tickets starting at €14.50.",Two performances,https://www.forumbraga.com/Detail/Index/3cc7aef5-373a-11f1-a033-000d3ad7a4dc,2026-09-09,
2026-10-18,2026-10-18,Black Cat Cinema: The Great Gatsby,Event,Cinema,Lisbon,Claustro da Igreja da Graça,50,Paid,14,Open-air screening with live music and food stalls; doors 19:00.,,https://tickets.theblackcatcinema.com/events/blackcatcinema/,2026-09-13,
2026-10-18,2026-10-18,Joe Jackson,Concert,Major concert,Lisbon,Aula Magna,45,Paid,,British singer-songwriter,One-off,https://musica.com.pt/concertos-e-festivais/cidade/lisboa/,2026-09-08,
2026-10-18,2026-10-18,Render Solene da Guarda ao Palácio Nacional de Belém (Solemn Changing of the Guard),Ceremony,Heritage & talks,Lisbon,Palácio Nacional de Belém,45,Free,0,"Solemn monthly changing of the guard with 160 GNR troops, a mounted cavalry band, and an equestrian display in the palace garden.",Monthly (3rd Sunday),https://www.gnr.pt/renderdaguarda.aspx,2026-09-15,
2026-10-18,2026-10-18,D'Anto — Fado de Coimbra (Coimbra-style Fado),Event,Local concert,Paredes,Centro Cultural de Paredes (CCP),330,Unknown,,"Delivers the solemnity and beauty of Coimbra's fado tradition, live at Centro Cultural de Paredes, October 18 at 17:00.",,https://www.nocartaz.pt/concelhos/paredes/,2026-09-13,
2026-10-18,2026-10-18,Uma Vida de Amizade,Event,Community,Ponta Delgada,Coliseu Micaelense,Island,Unknown,,A commemorative gala at the Coliseu Micaelense.,One-off,https://www.nocartaz.pt/concelhos/ponta-delgada/,2026-09-20,
2026-10-18,2026-10-18,Around the World (music for babies),Family,Family,Setúbal,Casa da Cultura (Culture House),0,Unknown,,This educational performance on October 18 at 10:30 in Sala José Afonso introduces babies and young children to music from different cultures.,One-off,https://www.casadacultura-setubal.pt/programacao/,2026-09-08,
2026-10-18,2026-10-18,International Ocean Film Tour Vol. 12,Event,Cinema,Setúbal,Cinema Charlot (Auditório Municipal de Setúbal),0,Unknown,,"The 12th edition of the major European documentary film festival about oceans, screening at Cinema Charlot on Sunday, October 18.",,https://www.nocartaz.pt/concelhos/setubal/,2026-09-13,
2026-10-18,2026-10-18,Teatro Infantil | Que Grande Caldeirada (Children's Theatre: What a Big Stew),Event,Family,Torres Vedras,Mercado Municipal de Torres Vedras,100,Free,,,,https://www.nocartaz.pt/concelhos/torres-vedras/,2026-09-13,
2026-10-18,2026-10-18,Segundo de Chomón,Event,Cinema,Viseu,Teatro Viriato,270,Unknown,,"Theatrical performance, Sunday, October 18 at 16:30 at Teatro Viriato.",,https://www.nocartaz.pt/concelhos/viseu/,2026-09-13,
2026-10-18,2026-10-18,Tatabitato,Event,Family,Viseu,Teatro Viriato,270,Unknown,,"A theatre show for small children, played on Sunday mornings; 10:30.",,https://www.nocartaz.pt/concelhos/viseu/,2026-09-13,
2026-10-19,2026-10-19,Mêda Harvest Fair (Feira das Vindimas de Mêda),Wine festival,Wine festival,Mêda,Mêda town centre,370,Unknown,,Regional fair in the Douro Superior celebrating the wine harvest and farming heritage,Annual (October),https://www.idealista.pt/news/ferias/turismo/2026/09/07/77482-vindimas-em-portugal-festas-datas-e-experiencias-a-nao-perder,2026-09-09,
2026-10-20,2026-10-20,"Cinema | Santo António, O Casamenteiro de Lisboa",Event,Cinema,Almada,Auditório Municipal Fernando Lopes-Graça,40,Paid,3,Ruben Alves's comedy built around Lisbon's matchmaking saint.,One-off,https://www.cm-almada.pt/cinema-santo-antonio-o-casamenteiro-de-lisboa-de-ruben-alves,2026-09-17,
2026-10-21,2026-10-21,Festa do Cinema Francês | Histoires Parallèles,Event,Cinema,Almada,Auditório Municipal Fernando Lopes-Graça,40,Paid,3,Asghar Farhadi's French-language drama.,One-off,https://www.cm-almada.pt/cinema-27a-festa-do-cinema-frances-histoires-paralleles-de-asghar-farhadi,2026-09-17,
2026-10-21,2026-10-21,Lea Bach — A Harpa no Funchal Cosmopolita 1949 (The Harp in 1949 Cosmopolitan Funchal),Concert,Heritage & talks,Funchal,Teatro Municipal Baltazar Dias,Island,Paid,11,"A recital dedicated to musical heritage and the harp in Madeira, Wednesday, October 21 at Teatro Municipal Baltazar Dias.",One-off,https://www.nocartaz.pt/concelhos/funchal/,2026-09-13,
2026-10-22,2026-10-22,Álbum de Família (Family Album),Event,Theatre & performance,Bragança,Teatro Municipal de Bragança,480,Unknown,,,,https://www.nocartaz.pt/concelhos/braganca/,2026-09-13,
2026-10-22,2026-10-23,Arte (the play 'Art'),Theatre,Theatre & performance,Faro,Teatro das Figuras,260,Paid,,"Yasmina Reza's play, two nights",Two performances,https://teatrodasfiguras.pt/agenda/arte,2026-09-09,
2026-10-22,2026-10-22,Laura Pausini — Io Canto World Tour,Concert,Major concert,Lisbon,MEO Arena,45,Paid,,Italian pop singer,One-off,https://cartazculturallisboa.pt/agenda-altice-arena/,2026-09-08,
2026-10-22,2026-11-01,45.º Festival Nacional de Gastronomia de Santarém (45th National Gastronomy Festival),Event,Food festival,Santarém,Casa do Campino,110,Unknown,,"The 45th National Gastronomy Festival takes place from October 22 to November 1 at Casa do Campino in Santarém, featuring crafts, agribusiness, pastries, cured meats and street food showcasing Portuguese regional products.",,https://noticiasdosorraia.sapo.pt/santarem-abre-pre-inscricoes-para-a-45-a-edicao-do-festival-nacional-de-gastronomia/,2026-09-13,
2026-10-22,2026-10-22,Film Fest — Festival de Cinema Musicado ao Vivo (8.ª edição),Event,Festival,Setúbal,Fórum Municipal Luísa Todi,0,Unknown,,Silent films scored live.,,https://www.nocartaz.pt/concelhos/setubal/,2026-09-13,
2026-10-22,2026-10-22,Suspense: Dormir de Barriga Cheia (Sleeping on a Full Stomach),Theatre,Theatre & performance,Setúbal,Academia de Música e Belas-Artes Luísa Todi (Rooftop),0,Unknown,,"This is the presentation of the 8th edition of FilmFest, occurring October 22 at 19:00 at Academia de Música e Belas-Artes Luísa Todi Rooftop.",One-off,https://www.forumluisatodi.pt/,2026-09-15,
2026-10-23,2026-10-23,Mediterranean Sounds | André Santos,Event,Local concert,Almada,Auditório Municipal Fernando Lopes-Graça,40,Unknown,,Guitarist André Santos plays music drawn from around the Mediterranean.,One-off,https://www.cm-almada.pt/mediterranean-sounds-andre-santos,2026-09-17,
2026-10-23,2026-10-25,Braga Noivos,Event,Market,Braga,Fórum Braga,330,Paid,,"The regional wedding fair, with suppliers, catwalks and tastings.",Annual,https://www.forumbraga.com/,2026-09-20,
2026-10-23,2026-10-23,Dá/Cá — Tributo a AC/DC (AC/DC Tribute),Event,Local concert,Bragança,Teatro Municipal de Bragança,480,Unknown,,,,https://www.nocartaz.pt/concelhos/braganca/,2026-09-13,
2026-10-23,2026-10-23,Big Tony & Barry White Experience,Event,Local concert,Estoril,Casino Estoril - Salão Preto e Prata,68,Unknown,,"A soul tribute show celebrating Barry White's classic repertoire, performing Friday, October 23 at Casino Estoril.",,https://www.nocartaz.pt/concelhos/cascais/,2026-09-13,
2026-10-23,2026-10-23,Cenas que Acontecem,Event,Theatre & performance,Fafe,Teatro Cinema de Fafe,340,Unknown,,,One-off,https://www.nocartaz.pt/concelhos/fafe/,2026-09-19,
2026-10-23,2026-10-23,Festival de Bandolins (Mandolin Festival),Concert,Local concert,Funchal,Teatro Municipal Baltazar Dias,Island,Paid,16,"The annual mandolin tradition gathering, Friday, October 23 at Teatro Municipal Baltazar Dias.",Annual,https://www.nocartaz.pt/concelhos/funchal/,2026-09-13,
2026-10-23,2026-10-25,Workshop: The Art of Connection,Workshop,Workshop,Palmela,Biovilla Sustentabilidade,12,Unknown,,Community-building workshop (M. Scott Peck method),One-off,https://www.viralagenda.com/pt/setubal/palmela,2026-09-08,
2026-10-23,2026-10-23,A Ilha Esquecida (PT),Film,Cinema,Peso da Régua,AUDIR — Auditório Municipal do Peso da Régua,420,Unknown,,"Another animated children's feature, Friday, October 23 at AUDIR.",One-off,https://www.nocartaz.pt/distrito/vila-real/,2026-09-15,
2026-10-23,2026-10-23,Agora Noutro Lugar,Event,Theatre & performance,Vila Nova de Gaia,Auditório Municipal de Vila Nova de Gaia,280,Unknown,,Original theatre production at the municipal auditorium.,One-off,https://www.nocartaz.pt/eventos/672680762e1ca6a7/,2026-09-17,
2026-10-23,2026-10-23,Bonecos de Santo Aleixo,Event,Theatre & performance,Évora,CENDREV — Centro Dramático de Évora,240,Unknown,,Traditional Alentejo wooden marionette theatre.,Recurring,https://www.nocartaz.pt/concelhos/evora/,2026-09-19,
2026-10-24,2026-10-24,Rafael Kyrychenko,Event,Local concert,Angra do Heroísmo,Palácio dos Capitães Generais,,Unknown,,Recital by the Portuguese-Ukrainian piano virtuoso.,One-off,https://www.nocartaz.pt/concelhos/angra-do-heroismo/,2026-09-19,
2026-10-24,2026-10-24,XXVII Encontro Internacional de Coros Cidade de Bragança (International Choir Gathering),Event,Local concert,Bragança,Teatro Municipal de Bragança,480,Unknown,,"The 27th International Choir Meeting occurs Saturday, October 24 at Teatro Municipal de Bragança.",,https://www.nocartaz.pt/concelhos/braganca/,2026-09-13,
2026-10-24,2026-10-24,Celina Tavares,Event,Local concert,Fafe,Teatro Cinema de Fafe,340,Unknown,,,One-off,https://www.nocartaz.pt/concelhos/fafe/,2026-09-19,
2026-10-24,2026-10-24,Marisa Liz,Concert,Local concert,Figueira da Foz,CAE — Centro de Artes e Espetáculos da Figueira da Foz,230,Paid,20,"A concert centered on the album 'Mensagens de Amor' Saturday, October 24 at 22:00 at Figueira da Foz — Portal de Eventos, admission from €20, an intimate performance of pop nacional.",One-off,https://www.nocartaz.pt/concelhos/figueira-da-foz/,2026-09-13,
2026-10-24,2026-10-24,"Tintim por Tchim-Tchim com Avelino González (Storytelling, Blow by Blow)",Storytelling,Heritage & talks,Figueira da Foz,CAE — Centro de Artes e Espetáculos da Figueira da Foz,230,Paid,5,Galician storyteller Avelino González works the oral tradition.,One-off,https://www.nocartaz.pt/concelhos/figueira-da-foz/,2026-09-13,
2026-10-24,2027-03-31,Angela Ferreira: Here I Stand,Exhibition,Art exhibit,Lisbon,"MAC/CCB, Belém",45,Paid,,"This exhibition is scheduled to open October 24 at the same MAC/CCB venue, creating a brief overlap window with the Orupabo show.",Run,https://www.lyxplanet.com/lisbon-art-exhibitions-fall-2026/,2026-09-08,
2026-10-24,2026-10-24,Jungle,Concert,Major concert,Lisbon,MEO Arena,45,Paid,,UK modern-soul collective,One-off,https://cartazculturallisboa.pt/agenda-altice-arena/,2026-09-08,
2026-10-24,2026-10-24,A Bela e o Monstro — Espelho Mágico (Beauty and the Beast),Theatre,Family,Moita,Fórum Cultural José Manuel Figueiredo,25,Paid,,Company Espelho Mágico stages Beauty and the Beast for children.,One-off,https://www.nocartaz.pt/concelhos/moita/,2026-09-13,
2026-10-24,2026-10-24,"Cambedo, 1946",Event,Theatre & performance,Ovar,Centro de Arte de Ovar,280,Unknown,,"""Peça histórica baseada na tragédia do cerco da PIDE a guerrilheiros em 1946,"" presented Saturday, October 24 at Centro de Arte de Ovar (CAO).",,https://www.nocartaz.pt/concelhos/ovar/,2026-09-13,
2026-10-24,2026-10-24,ARTE (Art),Event,Theatre & performance,Paredes,Centro Cultural de Paredes (CCP),330,Unknown,,"Yasmina Reza's celebrated comedy about friendship and contemporary art, Centro Cultural de Paredes, October 24 at 21:30.",,https://www.nocartaz.pt/concelhos/paredes/,2026-09-13,
2026-10-24,2026-10-24,Dona Ofélia | OuTonalidades (Lady Ophelia),Event,Local concert,Santa Maria da Feira,Cineteatro António Lamoso,290,Unknown,,"A Portuguese music fusion project within the OuTonalidades live music circuit, Cineteatro António Lamoso, October 24 at 21:30.",,https://www.nocartaz.pt/concelhos/santa-maria-da-feira/,2026-09-13,
2026-10-24,2026-10-24,Maria do Mar (Mary of the Sea),Event,Cinema,Setúbal,Fórum Municipal Luísa Todi,0,Unknown,,"This silent classic by Leitão de Barros receives live musical accompaniment by renowned musicians on Saturday, October 24 at 16:00.",,https://www.nocartaz.pt/concelhos/setubal/,2026-09-13,
2026-10-24,2026-10-24,Setúbal Pride March (2.ª Marcha do Orgulho de Setúbal),March,Pride,Setúbal,Parque do Bonfim,0,Free,0,"Second edition, organised independently by Coletivo Qardume. The first march gathered at Parque do Bonfim — confirm the 2026 route with the organisers.",Annual,https://jamarchavas.pt/calendario-de-marchas-lgbtqia-2026/,2026-09-09,
2026-10-24,2026-10-24,Paulo de Carvalho,Event,Local concert,Vila Nova de Gaia,Auditório Municipal de Vila Nova de Gaia,280,Unknown,,The veteran voice of the 25 April revolution sings his classics live.,One-off,https://www.nocartaz.pt/eventos/8e0330c6cb1d4d49/,2026-09-17,
2026-10-25,2026-10-28,MUDA — Mercado Urbano de Almada,Event,Market,Almada,Parque da Paz,40,Unknown,,"Urban market of independent makers, vintage and alternative commerce in Parque da Paz.",Recurring,https://www.cm-almada.pt/viver/juventude/muda-mercado-urbano-de-almada-12,2026-09-17,
2026-10-25,2026-10-25,Mínimos e os Monstros (Minions),Film,Cinema,Moita,Fórum Cultural José Manuel Figueiredo,25,Unknown,,Animated family feature in the Minions series.,One-off,https://www.nocartaz.pt/concelhos/moita/,2026-09-13,
2026-10-26,2026-10-26,Invocação de uma Mulher Chamada Maria,Event,Theatre & performance,Vila Nova de Gaia,Espaço Corpus Christi,280,Unknown,,Monologue evoking the strength and resistance of women.,One-off,https://www.nocartaz.pt/eventos/a48d455a0350f85a/,2026-09-17,
2026-10-27,2026-10-27,Cinema | Young Hearts — O Primeiro Amor,Event,Cinema,Almada,Auditório Municipal Fernando Lopes-Graça,40,Free,0,Anthony Schatteman's tender story of two boys' first love; free with ticket reservation.,One-off,https://www.cm-almada.pt/cinema-young-hearts-o-primeiro-amor-de-anthony-schatteman,2026-09-17,
2026-10-27,2026-10-27,Tina Turner | Simply the Best,Event,Local concert,Estoril,Casino Estoril - Salão Preto e Prata,68,Unknown,,"A tribute production billed as ""um grande espetáculo de tributo à icónica rainha do rock,"" appearing Tuesday, October 27 at the Salão Preto e Prata venue.",,https://www.nocartaz.pt/concelhos/cascais/,2026-09-13,
2026-10-27,2026-10-27,Anastacia — NTK Tour,Concert,Major concert,Lisbon,Sagres Campo Pequeno,45,Paid,,US pop-rock singer,One-off,https://www.sagrescampopequeno.pt/en/calendar,2026-09-08,
2026-10-28,2026-10-28,Festa do Cinema Francês | L'Objet du Délit,Event,Cinema,Almada,Auditório Municipal Fernando Lopes-Graça,40,Paid,3,"Agnès Jaoui's comedy, closing the French Film Festival in Almada.",One-off,https://www.cm-almada.pt/cinema-27a-festa-do-cinema-frances-lobjet-du-delit-de-agnes-jaoui,2026-09-17,
2026-10-28,2026-10-28,Más Mix,Event,Theatre & performance,Bragança,Teatro Municipal de Bragança,480,Unknown,,,,https://www.nocartaz.pt/concelhos/braganca/,2026-09-13,
2026-10-28,2026-10-28,Penumbra — Música entre Luz e Sombra | Banda Marcial do Vale (Music Between Light and Shadow),Event,Local concert,Santa Maria da Feira,Cineteatro António Lamoso,290,Unknown,,"A thematic concert by the century-old Banda Marcial do Vale, Cineteatro António Lamoso, October 28 at 21:30.",,https://www.nocartaz.pt/concelhos/santa-maria-da-feira/,2026-09-13,
2026-10-28,2026-10-28,Animações da Estónia (Estonian Animations),Event,Family,Setúbal,Fórum Municipal Luísa Todi,0,Unknown,,"Estonian animations screen with live musical accompaniment by Daniel Almeida on Wednesday, October 28 at 11:00.",,https://www.nocartaz.pt/concelhos/setubal/,2026-09-13,
2026-10-29,2026-10-29,Evita,Event,Theatre & performance,Coimbra,Convento São Francisco,200,Paid,,The Broadway classic staged at the Convento São Francisco.,One-off,https://www.nocartaz.pt/concelhos/coimbra/,2026-09-20,
2026-10-29,2026-10-29,GLEX Ignition,Event,Heritage & talks,Coimbra,Convento São Francisco,200,Unknown,,A summit on scientific exploration and expedition science.,One-off,https://www.nocartaz.pt/concelhos/coimbra/,2026-09-20,
2026-10-29,2026-10-30,André Rieu & Johann Strauss Orchestra,Concert,Major concert,Lisbon,MEO Arena,45,Paid,,"Waltz spectacular, two nights",Two performances,https://cartazculturallisboa.pt/agenda-altice-arena/,2026-09-08,
2026-10-29,2026-10-29,Valter Lobo,Event,Local concert,Ovar,Centro de Arte de Ovar,280,Unknown,,The Portuguese songwriter presents his intimate discography.,,https://www.nocartaz.pt/concelhos/ovar/,2026-09-13,
2026-10-29,2026-10-29,Trilogia das Regatas,Event,Theatre & performance,Vila Nova de Gaia,Espaço Corpus Christi,280,Unknown,,Staging of a classic play in the historic Corpus Christi space.,One-off,https://www.nocartaz.pt/eventos/f18d4d9e64aef48d/,2026-09-17,
2026-10-30,2026-10-30,Woyzeck,Theatre,Theatre & performance,Aveiro,Teatro Aveirense,300,Unknown,,"Georg Büchner's dramatic masterpiece appears at Teatro Aveirense on October 30, described as ""o clássico incontornável,"" a psychological tragedy that remains a cornerstone of modern theatrical repertoire.",One-off,https://www.nocartaz.pt/concelhos/aveiro/,2026-09-09,
2026-10-30,2026-10-30,Checking If You're Human — Ricardo Araújo Pereira (Verificando se Você é Humano),Comedy,Theatre & performance,Braga,Fórum Braga,330,Paid,,"This is a stand-up comedy show by Ricardo Araújo Pereira scheduled for October 30 at 21:30 in the Pavilhão venue. Ticket prices range from €30 to €75 depending on seating section, with the event rated for ages 16 and up.",One-off,https://www.forumbraga.com/Detail/Index/487be254-5a79-11f1-8297-000d3ad7a4dc,2026-09-09,
2026-10-30,2026-10-30,Esquerda,Event,Theatre & performance,Coimbra,O Teatrão — Oficina Municipal do Teatro,200,Paid,,A stage piece in the Teatrão season.,One-off,https://www.nocartaz.pt/concelhos/coimbra/,2026-09-20,
2026-10-30,2026-10-30,Miramar & Ensemble de Cordas da Escola Profissional de Música de Espinho,Concert,Local concert,Espinho,Auditório de Espinho (Academia),310,Paid,,Frankie Chavez and Peixe's duo plays alongside a student string ensemble.,One-off,https://www.nocartaz.pt/concelhos/espinho/,2026-09-13,
2026-10-30,2026-10-31,Mucho Flow — Pedro Melo Alves,Festival,Festival,Guimarães,,370,Unknown,,The acclaimed composer and drummer presents experimental jazz at the festival on October 30 at 18:15. He's characterized as having an acclaimed reputation within the experimental jazz scene.,Annual,https://www.nocartaz.pt/concelhos/guimaraes/,2026-09-09,
2026-10-30,2026-10-30,Street Fighter,Film,Cinema,Peso da Régua,AUDIR — Auditório Municipal do Peso da Régua,420,Unknown,,"An action film, Friday, October 30 at the Peso da Régua auditorium.",One-off,https://www.nocartaz.pt/distrito/vila-real/,2026-09-15,
2026-10-30,2026-10-30,O Barbeiro de Sevilha,Event,Theatre & performance,Ponta Delgada,Coliseu Micaelense,Island,Paid,,Rossini comic opera staged at the Coliseu Micaelense.,One-off,https://www.nocartaz.pt/concelhos/ponta-delgada/,2026-09-20,
2026-10-30,2026-10-30,Halloween no WOW: Mansão Assombrada,Event,Family,Vila Nova de Gaia,WOW — World of Wine,280,Unknown,,Immersive horror game that turns WOW's Atkinson Museum into a haunted mansion.,One-off,https://www.nocartaz.pt/eventos/3bd0aad2be8d16a6/,2026-09-17,
2026-10-31,2026-10-31,"Cinema | Adolescência, Sexo e Morte no Acampamento Miasma",Event,Cinema,Almada,Auditório Municipal Fernando Lopes-Graça,40,Paid,3,Jane Schoenbrun's horror-tinged coming-of-age film set at a summer camp.,One-off,https://www.cm-almada.pt/cinema-adolescencia-sexo-e-morte-no-acampamento-miasma-de-jane-schoenbrun,2026-09-17,
2026-10-31,2026-10-31,"Bruno Pernadas — unlikely, maybe",Event,Local concert,Bragança,Teatro Municipal de Bragança,480,Unknown,,The Portuguese composer and multi-instrumentalist in immersive concert.,,https://www.nocartaz.pt/concelhos/braganca/,2026-09-13,
2026-10-31,2026-10-31,Candlelight: O Melhor de Hans Zimmer (The Best of Hans Zimmer),Concert,Local concert,Coimbra,Escola Artística do Conservatório de Música de Coimbra,200,Paid,20.5,Hans Zimmer's great film scores performed by candlelight.,,https://www.nocartaz.pt/concelhos/coimbra/,2026-09-16,
2026-10-31,2026-10-31,Tim Kliphuis Trio,Concert,Local concert,Coimbra,Salão Brazil,200,Paid,,The Dutch violinist blends gypsy jazz and classical playing.,One-off,https://www.nocartaz.pt/concelhos/coimbra/,2026-09-20,
2026-10-31,2026-10-31,Immanuel Wilkins Quartet,Concert,Local concert,Espinho,Auditório de Espinho (Academia),310,Paid,,One of the brightest young alto saxophonists in American jazz.,One-off,https://www.nocartaz.pt/concelhos/espinho/,2026-09-13,
2026-10-31,2026-10-31,Flamenco Fusion | Spanish Flamenco Ballet,Event,Theatre & performance,Estoril,Casino Estoril - Salão Preto e Prata,68,Unknown,,"A major Spanish dance production merging flamenco with contemporary movement, arriving Saturday, October 31 at Casino Estoril.",,https://www.nocartaz.pt/concelhos/cascais/,2026-09-13,
2026-10-31,2026-10-31,Techno-Zombies,Performance,Theatre & performance,Faro,Teatro das Figuras,260,Paid,,Halloween-night performance,One-off,https://teatrodasfiguras.pt/agenda/techno-zombies,2026-09-09,
2026-10-31,2026-10-31,Orquestra Clássica da Madeira — Albrecht Mayer,Concert,Local concert,Funchal,Centro de Congressos da Madeira (Casino da Madeira),Island,Unknown,,The Berlin Philharmonic's principal oboist plays with the island orchestra.,One-off,https://www.nocartaz.pt/concelhos/funchal/,2026-09-13,
2026-10-31,2026-10-31,Marido do meu Marido (My Husband's Husband),Comedy,Theatre & performance,Moita,Fórum Cultural José Manuel Figueiredo,25,Unknown,,"A ""comédia teatral"" (theatrical comedy), October 31 production at the Fórum Cultural.",One-off,https://www.nocartaz.pt/concelhos/moita/,2026-09-13,
2026-10-31,2026-10-31,Bia Ferreira,Event,Local concert,Paredes,Centro Cultural de Paredes (CCP),330,Unknown,,"Brazilian singer-songwriter performs her sharp and combative music, Centro Cultural de Paredes, October 31 at 21:30.",,https://www.nocartaz.pt/concelhos/paredes/,2026-09-13,
2026-10-31,2026-10-31,Os Quatro e Meia | Tour Interior,Event,Local concert,Santa Maria da Feira,Cineteatro António Lamoso,290,Unknown,,"The nationally successful Coimbra band performs an acoustic tour of country theaters, Cineteatro António Lamoso, November 6 at 21:30.",,https://www.nocartaz.pt/concelhos/santa-maria-da-feira/,2026-09-13,
2026-10-31,2026-10-31,Bernardo Tinoco — Creature Close-up,Concert,Local concert,Setúbal,Casa da Cultura (Culture House),0,Unknown,,"Jazz concert, 21:30",One-off,https://www.casadacultura-setubal.pt/programacao/,2026-09-08,
2026-10-31,2026-10-31,Filmes Japoneses em Papel (Japanese Paper Films),Event,Cinema,Setúbal,Fórum Municipal Luísa Todi,0,Unknown,,"Japanese paper films receive live accompaniment from the international duo Yumeno on Saturday, October 31 at 16:00.",,https://www.nocartaz.pt/concelhos/setubal/,2026-09-13,
2026-10-31,2026-10-31,hOLD,Event,Theatre & performance,Viseu,Teatro Viriato,270,Unknown,,"Theater production, Saturday, October 31 at 21:00 at Teatro Viriato.",,https://www.nocartaz.pt/concelhos/viseu/,2026-09-13,
2026-11-01,2026-11-01,Workshop: 'Bread of My Village' (bread-making),Workshop,Workshop,Quinta do Anjo (Palmela),Quinta do Anjo,10,Unknown,,Traditional bread-making workshop,One-off,https://www.viralagenda.com/pt/setubal/palmela,2026-09-08,
2026-11-02,2026-11-02,Pitbull — I'm Back! Tour,Concert,Major concert,Lisbon,MEO Arena,45,Paid,,US rapper,One-off,https://cartazculturallisboa.pt/agenda-altice-arena/,2026-09-08,
2026-11-03,2026-11-03,Duran Duran,Concert,Major concert,Lisbon,MEO Arena,45,Paid,,British new-wave legends,One-off,https://cartazculturallisboa.pt/agenda-altice-arena/,2026-09-08,
2026-11-05,2026-11-05,Mostly Beethoven,Event,Local concert,Bragança,Teatro Municipal de Bragança,480,Unknown,,A programme given to Beethoven's symphonic and chamber writing.,,https://www.nocartaz.pt/concelhos/braganca/,2026-09-13,
2026-11-05,2026-11-05,Geologist (Animal Collective),Concert,Local concert,Coimbra,Fundação Bissaya Barreto — Casa das Artes,200,Paid,,A rare solo experimental set by the Animal Collective member.,One-off,https://www.nocartaz.pt/concelhos/coimbra/,2026-09-20,
2026-11-05,2026-11-14,GUIdance — Contemporary Dance Festival (GUIdance — Dança Contemporânea),Festival,Festival,Guimarães,Centro Cultural Vila Flor,370,Unknown,,"Olga Roriz, Compagnie Marie Chouinard and Akram Khan Company across ten days",Annual,https://www.nocartaz.pt/concelhos/guimaraes/,2026-09-09,
2026-11-05,2026-11-05,Ganso,Event,Local concert,Ovar,Escola de Artes e Ofícios de Ovar,280,Unknown,,"""Uma das bandas de referência da nova música portuguesa"" performs indie rock Thursday, November 5 at Escola de Artes e Ofícios de Ovar.",,https://www.nocartaz.pt/concelhos/ovar/,2026-09-13,
2026-11-05,2026-11-05,A Flauta Mágica (The Magic Flute),Event,Local concert,Paredes,Centro Cultural de Paredes (CCP),330,Unknown,,"Mozart's classic opera, Centro Cultural de Paredes, November 5 at 21:00.",,https://www.nocartaz.pt/concelhos/paredes/,2026-09-13,
2026-11-05,2026-11-07,O Amor é Assim,Event,Theatre & performance,Setúbal,Fórum Municipal Luísa Todi,0,Paid,,Stage comedy starring TV presenter João Baião.,One-off,https://www.forumluisatodi.pt/espetaculo/o-amor-e-assim/2026-11-05/,2026-09-17,
2026-11-05,2026-11-05,Mãos sobre a Cidade — Investigações Artísticas no Meio Urbano,Event,Art exhibit,Vila Nova de Gaia,Espaço Corpus Christi,280,Unknown,,Exhibition of works where art meets urban planning.,One-off,https://www.nocartaz.pt/eventos/65aa5a1e15fa71da/,2026-09-17,
2026-11-05,2026-11-05,Noite Fora (All Night Long),Event,Theatre & performance,Viseu,Teatro Viriato,270,Unknown,,"Theatrical work, Thursday, November 5 at 21:00 at Teatro Viriato.",,https://www.nocartaz.pt/concelhos/viseu/,2026-09-13,
2026-11-06,2026-11-06,Os Jugoslavos (The Yugoslavs),Event,Theatre & performance,Almada,Companhia de Teatro de Almada,40,Unknown,,,,https://www.nocartaz.pt/concelhos/almada/,2026-09-13,
2026-11-06,2026-11-06,Um Interrogatório (An Interrogation),Event,Theatre & performance,Almada,Companhia de Teatro de Almada,40,Unknown,,,,https://www.nocartaz.pt/concelhos/almada/,2026-09-13,
2026-11-06,2026-11-08,Mobility Show 2026 (Salão Mobilidade),Trade fair,Other,Braga,Fórum Braga,330,Paid,,"The Salão Mobilidade 2026 is a mobility-focused exhibition featuring automobiles, motorcycles, bicycles and electric vehicles, along with commercial presentations and sustainability conferences. The event runs November 6-8 at Forum Braga's Pavilhão, free for children under 10 with €3.50 admission for older visitors.",Annual,https://www.forumbraga.com/Detail/Index/d8a207dd-8054-11f1-8f2c-000d3ad7a4dc,2026-09-09,
2026-11-06,2026-11-06,Benjamim,Concert,Local concert,Coimbra,Salão Brazil,200,Paid,,Inventive Portuguese pop played in an intimate format.,One-off,https://www.nocartaz.pt/concelhos/coimbra/,2026-09-20,
2026-11-06,2026-11-06,Carolina Cardetas,Event,Theatre & performance,Coimbra,O Teatrão — Oficina Municipal do Teatro,200,Paid,,A stage piece in the Teatrão season.,One-off,https://www.nocartaz.pt/concelhos/coimbra/,2026-09-20,
2026-11-06,2026-11-22,CINANIMA 2026 — 50.º Festival Internacional de Cinema de Animação,Film festival,Cinema,Espinho,Centro Multimeios de Espinho,310,Unknown,,Fiftieth edition of Portugal's Oscar-qualifying animated film festival.,Annual,https://cinanima.pt/en/,2026-09-13,
2026-11-06,2026-11-06,"Sinfoniónicos | Música, Magia e Artes do Circo (Music, Magic & Circus Arts)",Event,Family,Santa Maria da Feira,Cineteatro António Lamoso,290,Unknown,,"Symphonic music met with magic and circus arts, for families.",,https://www.nocartaz.pt/concelhos/santa-maria-da-feira/,2026-09-13,
2026-11-07,2026-11-07,Ilustrar com Tecido (Fabric Illustration Workshop),Event,Workshop,Almada,Companhia de Teatro de Almada,40,Unknown,,,,https://www.nocartaz.pt/concelhos/almada/,2026-09-13,
2026-11-07,2026-11-07,Manuel Campos — 15 Years on Stage (15 Anos de Carreira),Concert,Local concert,Braga,Fórum Braga,330,Paid,,"Manuel Campos celebrates 15 years in music with a special concert featuring 10 released albums, 1 Gold Record and 1 Gold Single and special guests, taking place November 7 at 21:30 in the Grande Auditório. Ticket prices range from €17 to €39, with premium packages including merchandise and sound check access.",One-off,https://www.forumbraga.com/Detail/Index/5994c413-cf6a-11f0-bb75-000d3ad7a4dc,2026-09-09,
2026-11-07,2026-11-07,Pasto (Pasture),Event,Theatre & performance,Bragança,Teatro Municipal de Bragança,480,Unknown,,,,https://www.nocartaz.pt/concelhos/braganca/,2026-09-13,
2026-11-07,2026-11-07,Naissam Jalal,Concert,Local concert,Espinho,Auditório de Espinho (Academia),310,Paid,,French-Syrian flautist and composer bridging jazz and Arabic music.,One-off,https://www.musica-esp.pt/auditorio-de-espinho-academia/programacao-bilheteira,2026-09-13,
2026-11-07,2026-11-07,Madeira Pianofest 2026 — Gülsin Onay,Concert,Local concert,Funchal,Teatro Municipal Baltazar Dias,Island,Unknown,,Turkish pianist and noted Chopin interpreter opens the island's piano festival.,Annual,https://www.nocartaz.pt/concelhos/funchal/,2026-09-13,
2026-11-07,2026-11-07,Visitas orientadas — centro histórico e Castelo de Palmela (Guided Tours: Old Town & Castle),Event,Unique experience,Palmela,Castelo de Palmela,10,Unknown,,Guided walk through the old town up to the castle.,,https://www.nocartaz.pt/concelhos/palmela/,2026-09-13,
2026-11-08,2026-11-08,A Morte do Diabo — Banda Amizade e Filarmónica União Taveirense,Concert,Local concert,Coimbra,Biblioteca Municipal de Coimbra,200,Free,0,Two wind bands share a programme built round A Morte do Diabo.,One-off,https://www.nocartaz.pt/concelhos/coimbra/,2026-09-20,
2026-11-08,2026-11-08,Música Colorida,Event,Family,Fafe,Teatro Cinema de Fafe,340,Unknown,,Educational musical show for children.,One-off,https://www.nocartaz.pt/concelhos/fafe/,2026-09-19,
2026-11-08,2026-11-08,Costurar Cantigas e Histórias (Stitching Songs and Stories),Event,Family,Paredes,Centro Cultural de Paredes (CCP),330,Unknown,,"Session blending sung tales and stories for childhood, Centro Cultural de Paredes, November 8 at 11:00.",,https://www.nocartaz.pt/concelhos/paredes/,2026-09-13,
2026-11-08,2026-11-08,Memória de Peixe (Goldfish Memory),Event,Family,Santa Maria da Feira,Cineteatro António Lamoso,290,Unknown,,"This virtuosic instrumental duo featuring guitar-loop and drums returns to perform at Cineteatro António Lamoso, November 8 at 11:00.",,https://www.nocartaz.pt/concelhos/santa-maria-da-feira/,2026-09-13,
2026-11-08,2026-11-08,Carmen Souza,Event,Local concert,Viseu,Teatro Viriato,270,Unknown,,The Cape Verdean-Portuguese voice in concert.,,https://www.nocartaz.pt/concelhos/viseu/,2026-09-13,
2026-11-10,2026-11-10,Tomé — Curta-metragem de André Fournier,Film,Cinema,Funchal,CCIF — Centro Cultural e de Investigação do Funchal,Island,Unknown,,"Director André Fournier's short film screens Tuesday, November 10 at 19:00 at CCIF - Centro Cultural e de Investigação do Funchal.",One-off,https://www.nocartaz.pt/concelhos/funchal/,2026-09-13,
2026-11-10,2026-11-10,Visitas Guiadas ao TMBD (Guided Tours),Guided visit,Unique experience,Funchal,Teatro Municipal Baltazar Dias,Island,Unknown,,"Backstage tour of the 19th-century municipal theatre, normally closed to visitors.",Monthly,https://www.nocartaz.pt/concelhos/funchal/,2026-09-13,
2026-11-11,2026-11-11,Noite do Circo (Circus Night),Event,Theatre & performance,Santa Maria da Feira,Cineteatro António Lamoso,290,Unknown,,"A showcase dedicated to contemporary circus arts creation, Cineteatro António Lamoso, November 13 at 21:30.",,https://www.nocartaz.pt/concelhos/santa-maria-da-feira/,2026-09-13,
2026-11-12,2026-11-12,Someone Like You — Adele Tribute,Concert,Local concert,Braga,Fórum Braga,330,Paid,,"This is an Adele tribute concert featuring performer Katie Markham and a live band, scheduled for November 12 at 21:00 in the Grande Auditório venue. Tickets range from €25 to €35 depending on seating section, drawing from Adele's most celebrated songs.",One-off,https://www.forumbraga.com/Detail/Index/486c9b99-1c6c-11f1-b67e-000d3ad7a4dc,2026-09-09,
2026-11-13,2026-11-13,Hugo Sousa — Just Between Us (Aqui Entre Nós),Comedy,Theatre & performance,Braga,Fórum Braga,330,Paid,,"Hugo Sousa presents a stand-up comedy show titled ""Aqui Entre Nós"" on November 13 at 21:30 in the Grande Auditório. The comedian, known for transforming everyday situations into pure entertainment, delivers stories and confessions that normally stay between us, with ticket prices ranging from €18 to €22.",One-off,https://www.forumbraga.com/Detail/Index/2a5ad38e-6ee5-11f1-8f2c-000d3ad7a4dc,2026-09-09,
2026-11-13,2026-11-13,LÍQUEN + MAFALDA,Concert,Local concert,Coimbra,Salão Brazil,200,Paid,,A double bill of new Portuguese songwriting.,One-off,https://www.nocartaz.pt/concelhos/coimbra/,2026-09-20,
2026-11-13,2026-11-13,Noites da Madeira — Homenagem a Celso Rodrigues (Madeira Nights: Tribute),Concert,Local concert,Funchal,Teatro Municipal Baltazar Dias,Island,Paid,12,Tribute to the musician and the island's student-serenade tradition.,One-off,https://www.nocartaz.pt/concelhos/funchal/,2026-09-13,
2026-11-13,2026-11-13,Gipsy Kings by Diego Baliardo,Concert,Major concert,Guimarães,Multiusos de Guimarães,370,Paid,from 26.84,A founding member of Gipsy Kings celebrates the group's greatest hits in rumba-flamenco style on November 13 at 21:30. Tickets start from €26.84.,One-off,https://www.nocartaz.pt/concelhos/guimaraes/,2026-09-09,
2026-11-13,2026-11-13,Cat Power,Concert,Major concert,Lisbon,Sagres Campo Pequeno,45,Paid,,US indie singer-songwriter,One-off,https://www.sagrescampopequeno.pt/en/calendar,2026-09-08,
2026-11-13,2026-11-13,Ana Lua Caiano,Event,Local concert,Ovar,Centro de Arte de Ovar,280,Unknown,,"A ""Fusão singular de cancioneiro tradicional português com eletrónica e loops,"" performing Friday, November 13 at Centro de Arte de Ovar (CAO).",,https://www.nocartaz.pt/concelhos/ovar/,2026-09-13,
2026-11-13,2026-11-13,Numa noite o ano inteiro (A Whole Year in One Night),Event,Theatre & performance,Santa Maria da Feira,Cineteatro António Lamoso,290,Unknown,,"A theatrical performance from the Federation of Cultural and Recreation Collectives, Cineteatro António Lamoso, November 13 at 21:30.",,https://www.nocartaz.pt/concelhos/santa-maria-da-feira/,2026-09-13,
2026-11-14,2026-11-14,Angra Convida Carolina Deslandes — Voz & Guitarra,Event,Local concert,Angra do Heroísmo,Teatro Angrense,,Unknown,,Intimate voice-and-guitar concert by one of Portuguese pop's biggest voices.,One-off,https://www.nocartaz.pt/concelhos/angra-do-heroismo/,2026-09-19,
2026-11-14,2026-11-14,Luís Trigacheiro — Ela (Her),Event,Theatre & performance,Bragança,Teatro Municipal de Bragança,480,Unknown,,The powerful Alentejo voice presents a new record of originals.,,https://www.nocartaz.pt/concelhos/braganca/,2026-09-13,
2026-11-14,2026-11-14,Ana Lua Caiano,Concert,Local concert,Coimbra,Salão Brazil,200,Paid,,A singular fusion of Portuguese traditional song and electronics.,One-off,https://www.nocartaz.pt/concelhos/coimbra/,2026-09-20,
2026-11-14,2026-11-14,Mão Verde,Event,Local concert,Fafe,Teatro Cinema de Fafe,340,Unknown,,Capicua and Pedro Geraldes' project on ecology and music.,One-off,https://www.nocartaz.pt/concelhos/fafe/,2026-09-19,
2026-11-14,2026-11-14,Regressados de Fresco (Freshly Returned),Event,Theatre & performance,Paredes,Centro Cultural de Paredes (CCP),330,Unknown,,,,https://www.nocartaz.pt/concelhos/paredes/,2026-09-13,
2026-11-14,2026-11-14,Quero um Piano (I Want a Piano),Event,Family,Viseu,Teatro Viriato,270,Unknown,,"Theater piece, Saturday, November 14 at 10:30 at Teatro Viriato.",,https://www.nocartaz.pt/concelhos/viseu/,2026-09-13,
2026-11-15,2026-11-15,Amon Amarth — The Allfather Awakens,Concert,Major concert,Lisbon,MEO Arena,45,Paid,,Swedish Viking-metal band,One-off,https://cartazculturallisboa.pt/agenda-altice-arena/,2026-09-08,
2026-11-15,2026-11-15,Render Solene da Guarda ao Palácio Nacional de Belém (Solemn Changing of the Guard),Ceremony,Heritage & talks,Lisbon,Palácio Nacional de Belém,45,Free,0,"Solemn monthly changing of the guard with 160 GNR troops, a mounted cavalry band, and an equestrian display in the palace garden.",Monthly (3rd Sunday),https://www.gnr.pt/renderdaguarda.aspx,2026-09-15,
2026-11-15,2026-11-15,Yes Maestro! (educational concert),Family,Family,Setúbal,Casa da Cultura (Culture House),0,Unknown,,This hybrid educational concert on November 15 at 10:30 in Sala José Afonso combines performance with interactive audience participation for young listeners.,One-off,https://www.casadacultura-setubal.pt/programacao/,2026-09-08,
2026-11-15,2026-11-15,Teatro Infantil | Um Sapato Especial (Children's Theatre: A Special Shoe),Event,Family,Torres Vedras,Mercado Municipal de Torres Vedras,100,Free,,,,https://www.nocartaz.pt/concelhos/torres-vedras/,2026-09-13,
2026-11-17,2026-11-17,Raiz — André Rosinha Trio | Bô Jazz Fest 2.ª ed. (Root),Event,Local concert,Bragança,Teatro Municipal de Bragança,480,Unknown,,Double bassist André Rosinha at the Trás-os-Montes jazz festival.,,https://www.nocartaz.pt/concelhos/braganca/,2026-09-13,
2026-11-17,2026-11-17,Les Ballets Trockadero de Monte Carlo,Dance,Theatre & performance,Porto,Coliseu Porto Ageas,290,Paid,,All-male ballet troupe spoofing classics like Swan Lake and Paquita with genuine technical skill and comic flair.,One-off,https://www.ticketline.pt/evento/les-ballets-trockadero-de-monte-carlo-102024,2026-09-15,
2026-11-18,2026-11-18,Eupnea | Bô Jazz Fest 2.ª ed.,Event,Local concert,Bragança,Teatro Municipal de Bragança,480,Unknown,,"This contemporary jazz project is part of the second edition of Bô Jazz Fest, Wednesday, November 18 at Teatro Municipal de Bragança.",,https://www.nocartaz.pt/concelhos/braganca/,2026-09-13,
2026-11-18,2026-11-18,Mariana Aydar,Concert,Local concert,Coimbra,Salão Brazil,200,Paid,,The Brazilian singer plays the historic Coimbra club.,One-off,https://www.nocartaz.pt/concelhos/coimbra/,2026-09-20,
2026-11-18,2026-11-18,Lambchop,Event,Local concert,Viseu,Teatro Viriato,270,Unknown,,The veteran Nashville band led by Kurt Wagner's unmistakable voice.,,https://www.nocartaz.pt/concelhos/viseu/,2026-09-13,
2026-11-19,2026-11-19,Chris Jagger — Braga Blues 2026,Concert,Local concert,Braga,Fórum Braga,330,Paid,,"Chris Jagger, brother of Mick Jagger and a multi-talented UK artist, performs blues and rock music at Forum Braga's Grande Auditório on November 19 at 21:30 as part of the 9th Nova Arcada Braga Blues Festival. Tickets range from €22 to €25, and Jagger is recognized for blending rock, blues and folk with acoustic and electric guitars in a vintage aesthetic.",Festival programme,https://www.forumbraga.com/Detail/Index/9846b8a1-4ed6-11f1-b655-000d3ad7a4dc,2026-09-09,
2026-11-19,2026-11-19,Requiem for a Dragon | Bô Jazz Fest 2.ª ed.,Event,Local concert,Bragança,Teatro Municipal de Bragança,480,Unknown,,"A live presentation Thursday, November 19, part of the second Bô Jazz Fest edition at Teatro Municipal de Bragança.",,https://www.nocartaz.pt/concelhos/braganca/,2026-09-13,
2026-11-19,2026-11-19,Les Ballets Trockadero de Monte Carlo,Dance,Theatre & performance,Lisbon,Teatro Tivoli BBVA,45,Paid,,All-male ballet troupe spoofing classics like Swan Lake and Paquita with genuine technical skill and comic flair.,One-off,https://www.ticketline.pt/evento/les-ballets-trockadero-de-monte-carlo-102024,2026-09-15,
2026-11-20,2026-11-20,Budda Guedes & Tatanka — Portuguese Blues Reunion,Concert,Local concert,Braga,Fórum Braga,330,Paid,,"This concert features two respected Portuguese blues and soul musicians performing together at Forum Braga's Grande Auditório on November 20 at 21:30. Tickets range from €22 to €25, celebrating a Portuguese Blues Reunion through intense, authentic and soulful interpretations that blend tradition with modern influences.",Festival programme,https://www.forumbraga.com/Detail/Index/eec848ac-4ed6-11f1-b655-000d3ad7a4dc,2026-09-09,
2026-11-20,2026-11-20,L.U.M.E | Bô Jazz Fest 2.ª ed.,Event,Local concert,Bragança,Teatro Municipal de Bragança,480,Unknown,,Lisbon Underground Music Ensemble's big-band-meets-jazz fusion.,,https://www.nocartaz.pt/concelhos/braganca/,2026-09-13,
2026-11-20,2026-11-20,Traz os Monstros + Escárnio,Event,Theatre & performance,Coimbra,O Teatrão — Oficina Municipal do Teatro,200,Paid,,A double bill in the Teatrão season.,One-off,https://www.nocartaz.pt/concelhos/coimbra/,2026-09-20,
2026-11-20,2026-11-20,"Nós, Sozinhas (We, Alone)",Theatre,Theatre & performance,Espinho,Auditório de Espinho (Academia),310,Paid,,"A new theatrical work by Sara Barros Leitão exploring ""solidão e resistência,"" performed Friday, November 20 at 21:30 at the Auditório de Espinho (Academia).",One-off,https://www.nocartaz.pt/concelhos/espinho/,2026-09-13,
2026-11-20,2026-11-20,Dário Guerreiro,Event,Theatre & performance,Fafe,Teatro Cinema de Fafe,340,Paid,,Stand-up comedy solo by the Algarve-born comedian.,One-off,https://www.nocartaz.pt/concelhos/fafe/,2026-09-19,
2026-11-20,2026-11-21,Bryan Adams — Roll With The Punches,Concert,Major concert,Lisbon,MEO Arena,45,Paid,,"Canadian rock singer, two nights",Two performances,https://cartazculturallisboa.pt/agenda-altice-arena/,2026-09-08,
2026-11-20,2026-11-20,Glült — Rui Paixão,Event,Theatre & performance,Ovar,Centro de Arte de Ovar,280,Unknown,,"""O premiado clown português do Cirque du Soleil numa criação física e visceral."" Friday, November 20 at Centro de Arte de Ovar.",,https://www.nocartaz.pt/concelhos/ovar/,2026-09-13,
2026-11-20,2026-11-20,Sofia Silva & Code — Tour Fases 2026,Concert,Major concert,Ponta Delgada,Coliseu Micaelense,Island,Paid,,The Fases tour reaches São Miguel.,One-off,https://www.nocartaz.pt/concelhos/ponta-delgada/,2026-09-20,
2026-11-21,2026-11-21,Duarte Maia,Event,Local concert,Almada,Companhia de Teatro de Almada,40,Unknown,,,,https://www.nocartaz.pt/concelhos/almada/,2026-09-13,
2026-11-21,2026-11-21,O Que Se Esconde Atrás do Palco? (What's Hiding Backstage?),Event,Unique experience,Almada,Companhia de Teatro de Almada,40,Unknown,,Backstage tour of the theatre.,,https://www.nocartaz.pt/concelhos/almada/,2026-09-13,
2026-11-21,2026-11-21,Koko Jean & The Tonics — Braga Blues 2026,Concert,Local concert,Braga,Fórum Braga,330,Paid,,"Koko Jean & The Tonics, a Barcelona-based band, perform blues, soul and rock music at Forum Braga's Grande Auditório on November 21 at 21:30, with tickets priced at €25 for front seating and €22 for second seating.",Festival programme,https://www.forumbraga.com/Detail/Index/e6b9d840-4ed7-11f1-b655-000d3ad7a4dc,2026-09-09,
2026-11-21,2026-11-21,Sexteto Jazz de Lisboa | Bô Jazz Fest 2.ª ed. (Lisbon Jazz Sextet),Event,Local concert,Bragança,Teatro Municipal de Bragança,480,Unknown,,"Portugal's historic jazz sextet performs at Teatro Municipal de Bragança on Saturday, November 21 as part of Bô Jazz Fest, a ""histórica formação do jazz nacional.""",,https://www.nocartaz.pt/concelhos/braganca/,2026-09-13,
2026-11-21,2026-11-21,Mão Morta,Event,Local concert,Fafe,Teatro Cinema de Fafe,340,Unknown,,Braga's legendary alternative rock band in concert.,One-off,https://www.nocartaz.pt/concelhos/fafe/,2026-09-19,
2026-11-21,2026-11-21,This is Michael,Concert,Major concert,Gondomar,Pavilhão Multiusos de Gondomar,320,Paid,,Touring arena tribute to the songs and choreography of Michael Jackson.,One-off,https://www.nocartaz.pt/concelhos/gondomar/,2026-09-13,
2026-11-21,2026-11-21,Endgame,Event,Theatre & performance,Paredes,Centro Cultural de Paredes (CCP),330,Unknown,,"""Clássico do absurdo de Samuel Beckett"" staged at the CCP in Paredes on November 21 at 21:30.",,https://www.nocartaz.pt/concelhos/paredes/,2026-09-13,
2026-11-21,2026-11-21,Mister Teaser @ Raiz Bar,Concert,Local concert,Ponta Delgada,Raiz Bar,Island,Unknown,,A late rock night at a mainstay of the Ponta Delgada bar scene.,One-off,https://www.nocartaz.pt/concelhos/ponta-delgada/,2026-09-20,
2026-11-21,2026-11-21,Libra | Everyone's First Breath,Event,Local concert,Santa Maria da Feira,Cineteatro António Lamoso,290,Unknown,,"An indie project integrated into the OuTonalidades circuit, Cineteatro António Lamoso, November 25 at 21:30.",,https://www.nocartaz.pt/concelhos/santa-maria-da-feira/,2026-09-13,
2026-11-21,2026-11-21,The Pages,Concert,Local concert,Setúbal,Casa da Cultura (Culture House),0,Unknown,,"Concert, 21:30",One-off,https://www.casadacultura-setubal.pt/programacao/,2026-09-08,
2026-11-21,2026-11-21,Herman José & Banda Musical de Avintes,Event,Theatre & performance,Vila Nova de Gaia,Auditório Municipal de Vila Nova de Gaia,280,Unknown,,Comedy veteran Herman José on stage with the Avintes brass band.,One-off,https://www.nocartaz.pt/eventos/2edea65e55e25c4a/,2026-09-17,
2026-11-22,2026-11-22,An Evening with Lambchop,Concert,Local concert,Espinho,Auditório de Espinho (Academia),310,Paid,,Kurt Wagner's band bring their melancholy indie-folk to the auditorium.,One-off,https://www.nocartaz.pt/concelhos/espinho/,2026-09-13,
2026-11-22,2026-11-22,XXV ComCordas 2026 — Encontro de Cordas de Esmoriz (String Ensembles Gathering),Event,Local concert,Ovar,Centro de Arte de Ovar,280,Unknown,,"""Encontro histórico dedicado às orquestras de cordas em Ovar."" Sunday, November 22 at Centro de Arte de Ovar.",,https://www.nocartaz.pt/concelhos/ovar/,2026-09-13,
2026-11-22,2026-11-22,Carolina Deslandes @ Coliseu Micaelense,Concert,Major concert,Ponta Delgada,Coliseu Micaelense,Island,Paid,,One of the big voices of Portuguese pop plays the Azores.,One-off,https://www.nocartaz.pt/concelhos/ponta-delgada/,2026-09-20,
2026-11-25,2026-11-25,Yûgen (a Japanese aesthetic ideal),Event,Theatre & performance,Bragança,Teatro Municipal de Bragança,480,Unknown,,,,https://www.nocartaz.pt/concelhos/braganca/,2026-09-13,
2026-11-25,2026-11-25,Kayzer Ballet,Event,Theatre & performance,Lisbon,Teatro Variedades (Parque Mayer),50,Unknown,,Dance performance by the young Kayzer Ballet company.,One-off,https://www.nocartaz.pt/eventos/f5f2a5f2af9d7eb9/,2026-09-17,
2026-11-25,2026-11-25,Linda Martini | Passa Montanhas,Event,Local concert,Santa Maria da Feira,Cineteatro António Lamoso,290,Unknown,,"One of Portugal's most emblematic rock bands performs their tour, Cineteatro António Lamoso, November 25 at 21:30.",,https://www.nocartaz.pt/concelhos/santa-maria-da-feira/,2026-09-13,
2026-11-26,2026-11-26,Sereias (Sirens),Event,Theatre & performance,Bragança,Teatro Municipal de Bragança,480,Unknown,,"This Porto-based collective delivers ""post-punk e poesia cáustica"" performing at Teatro Municipal de Bragança on Thursday, November 26.",,https://www.nocartaz.pt/concelhos/braganca/,2026-09-13,
2026-11-26,2026-11-26,Encontros com a Música 2026,Concert,Local concert,Gondomar,Auditório Municipal de Gondomar,320,Unknown,,"Annual cycle bringing ""música erudita e clássica"" to Gondomar's auditorium Thursday, November 26 at 21:30. Orchestral concert series.",Series,https://www.nocartaz.pt/concelhos/gondomar/,2026-09-13,
2026-11-26,2026-11-26,Namastê — Inês Aires Pereira,Event,Theatre & performance,Santarém,CNEMA - Centro Nacional de Exposições,110,Unknown,,"Inês Aires Pereira debuts her solo theatrical comedy show, Thursday, November 26, her first solo outing with this new piece.",,https://www.nocartaz.pt/concelhos/santarem/,2026-09-13,
2026-11-27,2026-11-27,III Azores Comedy Fest,Event,Festival,Angra do Heroísmo,Teatro Angrense,,Unknown,,The archipelago's biggest comedy festival returns for three days.,Annual,https://www.nocartaz.pt/concelhos/angra-do-heroismo/,2026-09-19,
2026-11-27,2026-11-27,Moisés P. Sánchez,Concert,Local concert,Espinho,Auditório de Espinho (Academia),310,Paid,,Spanish pianist deconstructs and reworks the music of Manuel de Falla.,One-off,https://www.nocartaz.pt/concelhos/espinho/,2026-09-13,
2026-11-27,2026-11-27,Moby Dick,Theatre,Theatre & performance,Faro,Teatro das Figuras,260,Paid,,Stage adaptation of Melville's novel,One-off,https://teatrodasfiguras.pt/agenda/moby-dick,2026-09-09,
2026-11-27,2026-11-27,Hatsune Miku — Miku Expo 2026 Europe,Concert,Major concert,Lisbon,Sagres Campo Pequeno,45,Paid,,Virtual-idol hologram concert,One-off,https://www.sagrescampopequeno.pt/en/calendar,2026-09-08,
2026-11-27,2026-11-27,O Lago dos Cisnes (Porto),Event,Theatre & performance,Porto,Coliseu Porto Ageas,310,Paid,,Imperial Heritage Ballet performs Tchaikovsky's Swan Lake with an international cast.,One-off,https://www.coliseu.pt/evento/20261127-o-lago-dos-cisnes-imperial-heritage-ballet,2026-09-19,
2026-11-27,2026-11-27,Monstros do Ano — Fernando Alvim,Event,Theatre & performance,Vila Nova de Gaia,Auditório Municipal de Vila Nova de Gaia,280,Unknown,,"Fernando Alvim's irreverent annual gala of the year's ""monsters"".",One-off,https://www.nocartaz.pt/eventos/b51da78d7de60bdd/,2026-09-17,
2026-11-27,2026-11-27,Empregos Modernos (Modern Jobs),Event,Theatre & performance,Viseu,Teatro Viriato,270,Unknown,,"Theatrical performance, Friday, November 27 at 15:00 at Teatro Viriato.",,https://www.nocartaz.pt/concelhos/viseu/,2026-09-13,
2026-11-27,2027-01-03,Óbidos Vila Natal,Event,Festival,Óbidos,Cerca do Castelo de Óbidos,130,Unknown,,"Christmas village inside the castle walls with rides, ice rink, shows and a Christmas market.",Annual,https://agenda.obidos.pt/evento/obidos-vila-natal/,2026-09-17,
2026-11-28,2026-11-29,III Braga Games,Sport,Sport,Braga,Fórum Braga,330,Paid,,"The III Braga Games is a functional fitness and CrossFit competition where athletes of different levels and backgrounds face challenges testing strength, endurance, technique and teamwork. The event takes place November 28-29 at Forum Braga's Pavilhão venue, running from 08:00 on the first day through 19:00 on the second day.",Annual,https://www.forumbraga.com/Detail/Index/fb691a19-3fcf-11f1-b655-000d3ad7a4dc,2026-09-09,
2026-11-28,2026-11-28,Estoril Folk Fest 2026,Event,Festival,Estoril,Casino Estoril - Salão Preto e Prata,68,Unknown,,"A festival dedicated to folk and traditional root music, Saturday, November 28 at Casino Estoril.",,https://www.nocartaz.pt/concelhos/cascais/,2026-09-13,
2026-11-28,2026-11-28,"Nós, Sozinhas",Event,Theatre & performance,Fafe,Teatro Cinema de Fafe,340,Unknown,,,One-off,https://www.nocartaz.pt/concelhos/fafe/,2026-09-19,
2026-11-28,2026-11-28,Dário Guerreiro — Primogénito,Concert,Local concert,Faro,Teatro das Figuras,260,Paid,,Algarve singer-songwriter,One-off,https://teatrodasfiguras.pt/agenda/dario-guerreiro--primogenito,2026-09-09,
2026-11-28,2026-11-28,Rita Redshoes,Concert,Local concert,Gondomar,Auditório Municipal de Gondomar,320,Unknown,,"Portuguese singer-songwriter presenting ""os seus temas mais marcantes"" Saturday, November 28 at the Municipal Auditorium.",One-off,https://www.nocartaz.pt/concelhos/gondomar/,2026-09-13,
2026-11-28,2026-11-28,David Fonseca,Concert,Major concert,Lisbon,Sagres Campo Pequeno,45,Paid,,Portuguese indie-pop singer,One-off,https://www.sagrescampopequeno.pt/en/calendar,2026-09-08,
2026-11-28,2026-11-28,Tony Carreira — Tour 'Hoje' ('Today' Tour),Concert,Major concert,Lisbon,MEO Arena,45,Paid,,Portuguese pop singer,One-off,https://cartazculturallisboa.pt/agenda-altice-arena/,2026-09-08,
2026-11-28,2026-11-28,D.A.M.A,Event,Local concert,Paredes,Centro Cultural de Paredes (CCP),330,Unknown,,"""Banda pop portuguesa"" performing in concert at Centro Cultural de Paredes on November 28 at 21:30.",,https://www.nocartaz.pt/concelhos/paredes/,2026-09-13,
2026-11-28,2026-11-28,O Quebra-Nozes (Porto),Event,Theatre & performance,Porto,Coliseu Porto Ageas,310,Paid,,Imperial Heritage Ballet performs Tchaikovsky's The Nutcracker.,One-off,https://www.nocartaz.pt/distrito/porto/danca/,2026-09-19,
2026-11-28,2026-11-28,António Zambujo — Oração ao Tempo (Prayer to Time),Event,Local concert,Santa Maria da Feira,Europarque - Centro de Congressos,290,Unknown,,"Zambujo interprets the Caetano Veloso songbook, Europarque, November 28 at 21:00.",,https://www.nocartaz.pt/concelhos/santa-maria-da-feira/,2026-09-13,
2026-11-28,2026-11-28,PULSO | Festival de Arte Inclusiva (Inclusive Art Festival),Event,Festival,Santa Maria da Feira,Cineteatro António Lamoso,290,Unknown,,"This multidisciplinary festival centers on inclusion and accessibility in the arts, featuring contemporary dance among other disciplines, running across multiple dates in December, sessions at 10:00 and 21:00.",,https://www.nocartaz.pt/concelhos/santa-maria-da-feira/,2026-09-13,
2026-11-28,2026-11-28,13ª Exposição Internacional de Gatos de Santarém (13th International Cat Show),Event,Family,Santarém,CNEMA - Centro Nacional de Exposições,110,Unknown,,"13th edition of this international cat exhibition, Saturday, November 28 at CNEMA.",,https://www.nocartaz.pt/concelhos/santarem/,2026-09-13,
2026-11-28,2026-11-28,32ª Exposição Canina Nacional de Santarém (32nd National Dog Show),Event,Family,Santarém,CNEMA - Centro Nacional de Exposições,110,Unknown,,"A national dog show competition following international caniculture standards, Saturday, November 28 at CNEMA, the 32nd iteration.",,https://www.nocartaz.pt/concelhos/santarem/,2026-09-13,
2026-11-28,2026-11-28,Pedro Abrunhosa — Tour Inverbo,Event,Local concert,Évora,Arena d'Évora,240,Unknown,,The Porto-born musician brings his new show to the Arena d'Évora.,One-off,https://www.nocartaz.pt/concelhos/evora/,2026-09-19,
2026-11-29,2026-11-29,O Filho (The Son),Event,Theatre & performance,Ovar,Centro de Arte de Ovar,280,Unknown,,"""Drama familiar intenso em cena no Centro de Arte de Ovar."" Sunday, November 29 at Centro de Arte de Ovar.",,https://www.nocartaz.pt/concelhos/ovar/,2026-09-13,
2026-11-29,2026-11-29,FC Porto v Sporting CP,Football,Sport,Porto,Estádio do Dragão,290,Paid,,"FC Porto v Sporting CP is a Liga Betclic match for the 12th round of the Portuguese football league, scheduled for Sunday, November 29 at 20:30.",League fixture,https://sapo.pt/artigo/ja-e-conhecida-a-data-e-hora-do-fc-porto-benfica-e-do-fc-porto-sporting-6a99d5a2f4329ca2eb34870d,2026-09-09,
2026-12-01,2026-12-01,António Zambujo — Oração ao Tempo (Prayer to Time),Concert,Major concert,Faro,Teatro das Figuras,260,Paid,,Portuguese fado and song,One-off,https://teatrodasfiguras.pt/agenda/antonio-zambujo,2026-09-09,
2026-12-02,2026-12-02,Marta Menezes — recital de piano (Piano Recital),Event,Local concert,Bragança,Teatro Municipal de Bragança,480,Unknown,,The award-winning Portuguese pianist in a recital of real virtuosity.,,https://www.nocartaz.pt/concelhos/braganca/,2026-09-13,
2026-12-03,2026-12-03,Chico Chico,Event,Local concert,Ovar,Escola de Artes e Ofícios de Ovar,280,Unknown,,"""O compositor e cantor brasileiro Chico Chico em concerto intimista."" Thursday, December 3 at Escola de Artes e Ofícios de Ovar.",,https://www.nocartaz.pt/concelhos/ovar/,2026-09-13,
2026-12-04,2026-12-04,"Uma Performance, Meu Deus (A Performance, My God)",Event,Theatre & performance,Almada,Companhia de Teatro de Almada,40,Unknown,,,,https://www.nocartaz.pt/concelhos/almada/,2026-09-13,
2026-12-04,2026-12-04,LAGO DOS CISNES | Ballet de Kiev,Event,Theatre & performance,Lisbon,Teatro Tivoli BBVA,50,Unknown,,The Kyiv ballet company dances Tchaikovsky's Swan Lake.,One-off,https://www.nocartaz.pt/eventos/3ddb536e039131d0/,2026-09-17,
2026-12-04,2026-12-04,SAKAMOTO 1996,Concert,Local concert,Oeiras,Auditório Municipal Ruy de Carvalho,50,Unknown,,"A tribute to the timeless work of Japanese composer Ryuichi Sakamoto, Friday, December 4 at the same municipal auditorium.",One-off,https://www.nocartaz.pt/concelhos/oeiras/,2026-09-13,
2026-12-04,2026-12-04,António Zambujo — Oração ao Tempo (Prayer to Time),Event,Local concert,Santarém,CNEMA - Centro Nacional de Exposições,110,Unknown,,"The Portuguese musician reinterprets Caetano Veloso's work in an intimate format, Friday, December 4 at CNEMA.",,https://www.nocartaz.pt/concelhos/santarem/,2026-09-13,
2026-12-05,2026-12-05,Ana Bacalhau,Event,Local concert,Almada,Companhia de Teatro de Almada,40,Unknown,,"The solo performance features ""a carismática voz dos Deolinda,"" December 5 at 20:00 in Almada, presented as an independent performer at the theatre company venue.",,https://www.nocartaz.pt/concelhos/almada/,2026-09-13,
2026-12-05,2026-12-05,Glenn Miller Orchestra — In the Christmas Mood (Angra),Event,Local concert,Angra do Heroísmo,Teatro Angrense,,Unknown,,The legendary orchestra performs its Christmas-season swing and jazz classics.,One-off,https://www.nocartaz.pt/concelhos/angra-do-heroismo/,2026-09-19,
2026-12-05,2026-12-05,Swan Lake (O Lago dos Cisnes),Ballet,Theatre & performance,Braga,Fórum Braga,330,Paid,,"""O Lago dos Cisnes"" is a classical ballet in four acts performed by the Imperial Heritage Ballet, featuring the romantic story of Princess Odette and Prince Siegfried set to Tchaikovsky's iconic score. The production runs December 5 at 21:00 in the Grande Auditório at Forum Braga, with tickets starting at €29.",One-off,https://www.forumbraga.com/Detail/Index/55ff0816-842d-11f1-8f2c-000d3ad7a4dc,2026-09-09,
2026-12-05,2026-12-05,The Nutcracker (O Quebra-Nozes),Ballet,Theatre & performance,Braga,Fórum Braga,330,Paid,,"""O Quebra-Nozes"" is a two-act ballet production by Imperial Heritage Ballet featuring Tchaikovsky's iconic score, performed December 5 at 16:00 in Forum Braga's Grande Auditório. Tickets range from €29 to €32, recommended for audiences aged six and up, blending classical technique with elaborate costumes and scenography.",One-off,https://www.forumbraga.com/Detail/Index/bb0b8ef4-8679-11f1-8f2c-000d3ad7a4dc,2026-09-09,
2026-12-05,2026-12-05,Passemos aos Salões | Miguel Araújo (Let's Move to the Ballrooms),Event,Local concert,Bragança,Teatro Municipal de Bragança,480,Unknown,,"Miguel Araújo performs solo on Saturday, December 5 at 21:30 in an intimate, acoustic format at Teatro Municipal de Bragança.",,https://www.nocartaz.pt/concelhos/braganca/,2026-09-13,
2026-12-05,2026-12-05,Candlelight: Clássicos de Natal,Concert,Local concert,Coimbra,Escola Artística do Conservatório de Música de Coimbra (EACMC),200,Paid,19.5,Christmas melodies played by candlelight in the conservatory hall.,One-off,https://www.nocartaz.pt/concelhos/coimbra/,2026-09-20,
2026-12-05,2026-12-05,Rodrigo Leão — O Rapaz Montanha,Event,Local concert,Fafe,Teatro Cinema de Fafe,340,Unknown,,The acclaimed composer performs his new project live.,One-off,https://www.nocartaz.pt/concelhos/fafe/,2026-09-19,
2026-12-05,2026-12-05,The Beatles Symphonic Fantasy,Concert,Major concert,Lisbon,Sagres Campo Pequeno,45,Paid,,Orchestral Beatles show,One-off,https://www.sagrescampopequeno.pt/en/calendar,2026-09-08,
2026-12-05,2026-12-05,Abba Mia — Tributo a ABBA (ABBA Tribute),Event,Local concert,Santarém,CNEMA - Centro Nacional de Exposições,110,Unknown,,"A tribute band recreates the Swedish quartet's greatest hits live, Saturday, December 5 at CNEMA.",,https://www.nocartaz.pt/concelhos/santarem/,2026-09-13,
2026-12-06,2026-12-06,QUEBRA-NOZES | Ballet de Kiev,Event,Theatre & performance,Lisbon,Teatro Tivoli BBVA,50,Unknown,,The Kyiv ballet company brings the Christmas classic The Nutcracker to Lisbon.,One-off,https://www.nocartaz.pt/eventos/cf31c64c5b310059/,2026-09-17,
2026-12-06,2026-12-06,Ballaké Sissoko & Piers Faccini,Event,Local concert,Viseu,Teatro Viriato,270,Unknown,,,,https://www.nocartaz.pt/concelhos/viseu/,2026-09-13,
2026-12-07,2026-12-07,Mr. Gallini @ Barreirinha Bar Café,Concert,Local concert,Funchal,Barreirinha Bar Café,Island,Unknown,,"The Stone Dead drummer's solo project performs in an intimate setting, Monday, December 7 at 21:00 at Barreirinha Bar Café.",One-off,https://www.nocartaz.pt/concelhos/funchal/,2026-09-13,
2026-12-07,2026-12-07,Iolanda,Concert,Major concert,Lisbon,Coliseu dos Recreios,45,Paid,,Portuguese pop singer (Eurovision 2024),One-off,https://musica.com.pt/concertos-e-festivais/cidade/lisboa/,2026-09-08,
2026-12-08,2026-12-08,Glenn Miller Orchestra,Event,Local concert,Ovar,Centro de Arte de Ovar,280,Unknown,,"""Os grandes clássicos do swing com a lendária orquestra de Glenn Miller."" Tuesday, December 8 at Centro de Arte de Ovar.",,https://www.nocartaz.pt/concelhos/ovar/,2026-09-13,
2026-12-10,2026-12-10,SAKAMOTO 1996,Event,Local concert,Vila Nova de Gaia,Auditório Municipal de Vila Nova de Gaia,280,Unknown,,Live recreation of Ryuichi Sakamoto's celebrated 1996 trio repertoire.,One-off,https://www.nocartaz.pt/eventos/eef10e91ec0c11cc/,2026-09-17,
2026-12-11,2026-12-11,Black Heritage Gospel Choir — The Soul of Gospel,Concert,Local concert,Braga,Fórum Braga,330,Paid,,"The Black Heritage Choir, formed by voices of the legendary Mississippi Mass Choir and directed by Jerry Calvin Smith, performs ""The Soul of Gospel"" on December 11 at 21:00, tracing gospel's history from American Southern roots to contemporary urban expressions.",One-off,https://www.forumbraga.com/Detail/Index/816f7906-3711-11f1-a033-000d3ad7a4dc,2026-09-09,
2026-12-11,2026-12-11,Efterklang,Concert,Local concert,Espinho,Auditório de Espinho (Academia),310,Paid,,"The Danish band brings their ""pop barroca e experimental"" to the Auditório de Espinho on Friday, December 11.",One-off,https://www.nocartaz.pt/concelhos/espinho/,2026-09-13,
2026-12-11,2026-12-11,Concerto de Natal (Christmas Concert),Event,Local concert,Ovar,Centro de Arte de Ovar,280,Unknown,,Christmas concert.,,https://www.nocartaz.pt/concelhos/ovar/,2026-09-13,
2026-12-12,2026-12-12,La Quijá,Event,Local concert,Almada,Companhia de Teatro de Almada,40,Unknown,,"This Spanish production is described as a tragicomedy about rurality and female survival, staging December 12 at 20:00, exploring rural themes and female persistence.",,https://www.nocartaz.pt/concelhos/almada/,2026-09-13,
2026-12-12,2026-12-12,Leo Show,Event,Theatre & performance,Almada,Companhia de Teatro de Almada,40,Unknown,,,,https://www.nocartaz.pt/concelhos/almada/,2026-09-13,
2026-12-12,2026-12-14,Festival Internacional de Banda Desenhada de Beja (International Comics Festival),Festival,Festival,Beja,Bedeteca de Beja,150,Unknown,,"Comics festival with artist-led exhibition tours, a book market and late-night horror screenings.",Annual,https://www.nocartaz.pt/concelhos/beja/,2026-09-13,
2026-12-12,2026-12-12,Homenagem a Lopes-Graça | Banda Sinfónica Portuguesa (Tribute to Composer Lopes-Graça),Event,Local concert,Bragança,Teatro Municipal de Bragança,480,Unknown,,The Banda Sinfónica Portuguesa celebrates Fernando Lopes-Graça.,,https://www.nocartaz.pt/concelhos/braganca/,2026-09-13,
2026-12-12,2026-12-12,Pedro Abrunhosa (Fafe),Event,Local concert,Fafe,Teatro Cinema de Fafe,340,Unknown,,Intimate concert by one of Portuguese music's biggest names.,One-off,https://www.nocartaz.pt/concelhos/fafe/,2026-09-19,
2026-12-12,2026-12-12,O Som dos Livros (The Sound of Books),Reading,Heritage & talks,Gondomar,Biblioteca Municipal de Gondomar,320,Unknown,,Author conversations interleaved with live music at the town library.,Series,https://www.nocartaz.pt/concelhos/gondomar/,2026-09-13,
2026-12-12,2026-12-12,Richie Campbell,Concert,Major concert,Lisbon,MEO Arena,45,Paid,,Portuguese reggae/R&B star,One-off,https://cartazculturallisboa.pt/agenda-altice-arena/,2026-09-08,
2026-12-12,2026-12-12,Flamingos,Event,Theatre & performance,Paredes,Centro Cultural de Paredes (CCP),330,Unknown,,A contemporary dance performance scheduled for December 12 at 21:30 at Centro Cultural de Paredes.,,https://www.nocartaz.pt/concelhos/paredes/,2026-09-13,
2026-12-13,2026-12-13,"Exposição Fachada, de Alexandra Rafael (Façade)",Event,Art exhibit,Matosinhos,Museu Quinta de Santiago,330,Unknown,,"Solo exhibition at Museu Quinta de Santiago, opening December 13 at 16:00.",,https://www.nocartaz.pt/concelhos/matosinhos/,2026-09-13,
2026-12-13,2026-12-13,Heka — Nada é o que parece (Nothing Is What It Seems),Event,Theatre & performance,Viseu,Teatro Viriato,270,Unknown,,"Theatrical production, Sunday, December 13 at 21:00 at Teatro Viriato. NONE beyond that.",,https://www.nocartaz.pt/concelhos/viseu/,2026-09-13,
2026-12-13,2026-12-13,Malabarismo com Gandini (Juggling with Gandini),Event,Theatre & performance,Viseu,Teatro Viriato,270,Unknown,,"Juggling performance, Sunday, December 13 at 14:30 at Teatro Viriato.",,https://www.nocartaz.pt/concelhos/viseu/,2026-09-13,
2026-12-15,2026-12-15,Um Concerto de Natal — Bragança ClassicLab (A Christmas Concert),Event,Local concert,Bragança,Teatro Municipal de Bragança,480,Unknown,,"This Christmas celebration on Tuesday, December 15 features classical repertoire performed by Bragança ClassicFest at Teatro Municipal de Bragança.",,https://www.nocartaz.pt/concelhos/braganca/,2026-09-13,
2026-12-15,2026-12-15,Visitas Guiadas ao TMBD (Guided Tours),Guided visit,Unique experience,Funchal,Teatro Municipal Baltazar Dias,Island,Unknown,,"Backstage tour of the 19th-century municipal theatre, normally closed to visitors.",Monthly,https://www.nocartaz.pt/concelhos/funchal/,2026-09-13,
2026-12-16,2026-12-16,Universidade dos Açores: Vivências da Academia,Exhibition,Art exhibit,Ponta Delgada,Biblioteca Pública e Arquivo Regional de Ponta Delgada (BPARPD),Island,Free,0,Opening of an exhibition on student life at the University of the Azores.,One-off,https://www.nocartaz.pt/concelhos/ponta-delgada/,2026-09-20,
2026-12-17,2026-12-20,When You Least Expect It (Quando Menos se Espera),Theatre,Theatre & performance,Faro,Teatro das Figuras,260,Paid,,"Christmas-season production, four nights",Run,https://teatrodasfiguras.pt/agenda/quando-menos-se-espera,2026-09-09,
2026-12-18,2026-12-18,UHF — Podia ser Natal (It Could Be Christmas),Event,Local concert,Paredes,Centro Cultural de Paredes (CCP),330,Unknown,,"""Banda histórica do rock português"" delivering a holiday concert at Centro Cultural de Paredes on December 18 at 21:30.",,https://www.nocartaz.pt/concelhos/paredes/,2026-09-13,
2026-12-19,2026-12-19,Concerto de Natal (Christmas Concert),Event,Local concert,Almada,Companhia de Teatro de Almada,40,Unknown,,Christmas concert.,,https://www.nocartaz.pt/concelhos/almada/,2026-09-13,
2026-12-19,2026-12-19,Macy Gray — The Trouble With The Truth Tour,Concert,Major concert,Braga,Fórum Braga,330,Paid,,"Macy Gray, a Grammy Award-winning artist known for hits like ""I Try"" and ""Still,"" performs ""The Trouble With The Truth Tour"" at Forum Braga's Grande Auditório on December 19 at 21:30, featuring her greatest successes alongside tracks from her new album.",One-off,https://www.forumbraga.com/Detail/Index/9d3b5916-85b2-11f1-8f2c-000d3ad7a4dc,2026-09-09,
2026-12-19,2026-12-19,This Is Not a Protest,Event,Theatre & performance,Fafe,Teatro Cinema de Fafe,340,Unknown,,,One-off,https://www.nocartaz.pt/concelhos/fafe/,2026-09-19,
2026-12-20,2026-12-20,Fada Juju,Event,Family,Fafe,Teatro Cinema de Fafe,340,Unknown,,,One-off,https://www.nocartaz.pt/concelhos/fafe/,2026-09-19,
2026-12-20,2026-12-20,Teatro Infantil | Um Conto de Natal (Children's Theatre: A Christmas Carol),Event,Family,Torres Vedras,Mercado Municipal de Torres Vedras,100,Free,,,,https://www.nocartaz.pt/concelhos/torres-vedras/,2026-09-13,
2026-12-20,2026-12-20,Concerto de Natal das Águas de Gaia,Event,Local concert,Vila Nova de Gaia,Espaço Corpus Christi,280,Unknown,,Christmas concert in the Corpus Christi chapel.,One-off,https://www.nocartaz.pt/eventos/0dc4b9ad71f8abe2/,2026-09-17,
2026-12-28,2026-12-28,Concerto de Fim de Ano — Orquestra Clássica da Madeira (Year-End Concert),Concert,Local concert,Funchal,Teatro Municipal Baltazar Dias,Island,Paid,30,"The traditional year-end festive concert by Orquestra Clássica da Madeira, Monday, December 28 at Teatro Municipal Baltazar Dias.",Annual,https://www.nocartaz.pt/concelhos/funchal/,2026-09-13,
2026-12-30,2026-12-30,Com Música para o Ano Novo (New Year's Concert),Concert,Local concert,Funchal,Teatro Municipal Baltazar Dias,Island,Paid,20,"A New Year's festive concert featuring classical repertoire, Wednesday, December 30 at Teatro Municipal Baltazar Dias.",Annual,https://www.nocartaz.pt/concelhos/funchal/,2026-09-13,
2027-01-09,2027-01-10,Concerto de Ano Novo 2027 (New Year's Concert),Event,Local concert,Almada,Teatro Municipal Joaquim Benite,40,Unknown,,"Two performances feature the traditional waltzes and marches to celebrate the new year, January 9-10 at 16:00.",,https://www.nocartaz.pt/concelhos/almada/,2026-09-13,
2027-01-09,2027-01-09,Pedro Abrunhosa,Concert,Major concert,Braga,Fórum Braga,330,Paid,,"Pedro Abrunhosa performs his ""Tour Inverbo 2026/2027"" on January 9 at 21:30 in the Grande Auditório at Forum Braga, promoted by SET - Sons em Trânsito.",One-off,https://www.forumbraga.com/Detail/Index/e2a9f851-3809-11f1-a033-000d3ad7a4dc,2026-09-09,
2027-01-15,2027-01-16,Os Quatro e Meia @ Coliseu Micaelense,Concert,Major concert,Ponta Delgada,Coliseu Micaelense,Island,Paid,,The Coimbra folk-pop band plays two nights in the Azores.,One-off,https://www.nocartaz.pt/concelhos/ponta-delgada/,2026-09-20,
2027-01-23,2027-01-23,Pedro Abrunhosa,Event,Local concert,Santa Maria da Feira,Europarque - Centro de Congressos,290,Unknown,,"Described as ""o histórico músico portuense,"" Abrunhosa performs a major concert of his rock and pop repertoire at Europarque on January 23 at 21:00.",,https://www.nocartaz.pt/concelhos/santa-maria-da-feira/,2026-09-13,
2027-01-30,2027-01-30,Pedro Abrunhosa & Comité Caviar,Event,Local concert,Santarém,CNEMA - Centro Nacional de Exposições,110,Unknown,,"The veteran Porto-based singer performs his greatest anthems, Saturday, January 30 at CNEMA.",,https://www.nocartaz.pt/concelhos/santarem/,2026-09-13,
2027-02-05,2027-02-06,Os Quatro e Meia — Tour Interior,Concert,Major concert,Faro,Teatro das Figuras,260,Paid,,"Portuguese folk-pop band, two nights",Two performances,https://teatrodasfiguras.pt/agenda/quatro-e-meia,2026-09-09,
2027-02-10,2027-02-10,Nouvelle Vague,Concert,Major concert,Faro,Teatro das Figuras,260,Paid,,French bossa-nova covers band,One-off,https://teatrodasfiguras.pt/agenda/nouvelle-vague,2026-09-09,
2027-02-12,2027-02-12,The Lion's Roar — Raphael Ghanem (O Rugido do Leão),Comedy,Theatre & performance,Braga,Altice Forum Braga,330,Paid,,"Brazilian comedian Raphael Ghanem presents ""O Rugido do Leão,"" a comedy show featuring improvisation and audience participation, on February 12 2027 at 22:00 in the Grande Auditório. Tickets range from €30 to €35, with the show rated for ages 16 and up.",One-off,https://www.forumbraga.com/Detail/Index/5a535cff-76ea-11f1-8f2c-000d3ad7a4dc,2026-09-09,
2027-02-20,2027-02-20,Optimistic Sceptic — Diogo Batáguas (Optimista Céptico),Comedy,Theatre & performance,Braga,Fórum Braga,330,Paid,,"""Optimista Céptico"" is Diogo Batáguas's fourth solo stand-up comedy show, featuring his signature intelligent and irreverent humour about contemporary life. The performance takes place February 20 2027 at 21:30 in the Grande Auditório, with tickets ranging from €18 to €22.",One-off,https://www.forumbraga.com/Detail/Index/1c4c08b8-8a7a-11f1-a069-000d3ad7a4dc,2026-09-09,
2027-03-06,2027-03-06,Quim Roscas & Zeca Estacionâncio,Event,Theatre & performance,Ponta Delgada,Coliseu Micaelense,Island,Paid,,The comedy duo brings its improv show to São Miguel.,One-off,https://www.nocartaz.pt/concelhos/ponta-delgada/,2026-09-20,
2027-03-13,2027-03-13,Bárbara Tinoco — Tem lá uma tristeza,Concert,Major concert,Faro,Teatro das Figuras,260,Paid,,Portuguese pop singer,One-off,https://teatrodasfiguras.pt/agenda/barbara-tinoco,2026-09-09,
2027-04-03,2027-04-03,"Nena — Debaixo de água, contigo",Concert,Major concert,Faro,Teatro das Figuras,260,Paid,,Portuguese singer-songwriter,One-off,https://teatrodasfiguras.pt/agenda/nena,2026-09-09,
2027-04-08,2027-04-11,"59th AGRO — International Agriculture, Livestock & Food Fair",Fair,Food festival,Braga,Fórum Braga,330,Paid,,"The 59ª AGRO is the International Agriculture, Livestock and Food Fair, featuring over 25,000 square metres of exhibition space across April 8-11 2027 at Forum Braga. Admission costs €3.50 for visitors 11 and older, with children under 10 entering free, and the event includes livestock competitions, conferences and tastings.",Annual,https://www.forumbraga.com/Detail/Index/04900de3-3ffc-11f1-b655-000d3ad7a4dc,2026-09-09,
2027-04-30,2027-04-30,Coimbra BD 2027,Festival,Festival,Coimbra,Igreja do Mosteiro de Santa Cruz,200,Unknown,,The comics and illustration festival takes over the historic monastery church.,Annual,https://www.nocartaz.pt/concelhos/coimbra/,2026-09-20,
2027-06-04,2027-06-06,Braga International Tattoo Convention 2027,Convention,Other,Braga,Fórum Braga,330,Paid,,"The Braga International Tattoo Convention is an international tattoo convention that gathers hundreds of national and international tattoo artists, featuring competitions, entertainment and music over three days. The event runs June 4-6 2027, with Friday hours from 11:00 to midnight, and Saturday-Sunday from 10:00, Sunday closing at 20:00.",Annual,https://www.forumbraga.com/Detail/Index/aabb3e4e-7b6f-11f1-8f2c-000d3ad7a4dc,2026-09-09,
2027-07-08,2027-07-10,NOS Alive 2027,Music festival,Festival,Oeiras,Passeio Marítimo de Algés,50,Paid,,Three-day riverside rock festival; Tame Impala announced as a headliner.,Annual,https://www.nocartaz.pt/concelhos/oeiras/,2026-09-13,
2026-09-25,2026-09-28,Festa em Honra de Nossa Senhora do Cabo Espichel,Festival,Festival,Sesimbra,Santuário de Nossa Senhora do Cabo Espichel,35,Free,,"The oldest traditional festa in the Sesimbra municipality, drawing pilgrims to the clifftop sanctuary for a procession on Sunday and a Mass for deceased pilgrims the following day.",Annual,https://www.sesimbra.pt/agenda-online/evento/festa-em-honra-de-nossa-senhora-do-cabo-espichel-26,2026-09-21,
2026-09-22,2026-09-22,Visita à Docapesca de Sesimbra,Tour,Unique experience,Sesimbra,Lota de Sesimbra,26,Free,,"World Tourism Day guided visit to the fish auction house, watching the catch landed and sold and learning the methods used by the local fishing fleet.",One-off,https://www.sesimbra.pt/agenda-online/evento/visita-a-docapesca-de-sesimbra,2026-09-21,
2026-04-30,2026-12-20,Clube dos Poetas Mortos,Theatre,Theatre & performance,Lisbon,Teatro da Trindade INATEL,50,Unknown,,Acclaimed stage adaptation of the film classic Dead Poets Society.,Run,https://teatrotrindade.inatel.pt/programacao/,2026-09-21,
2026-09-24,2026-09-25,Woyzeck,Theatre,Theatre & performance,Lisbon,CCB - Grande Auditório,50,Unknown,,The auéééu collective stages a visually striking reinterpretation of Georg Büchner's classic.,Two performances,https://www.nocartaz.pt/distrito/lisboa/teatro/,2026-09-21,
2026-09-21,2026-09-21,Vozes da Floresta — Chico Mendes Vive,Theatre,Theatre & performance,Lisbon,Teatro Villaret,50,Unknown,,A tribute performance to the memory and environmental activism of Chico Mendes.,One-off,https://www.nocartaz.pt/distrito/lisboa/teatro/,2026-09-21,
2026-09-24,2026-09-24,Ministério do Sensível,Theatre,Theatre & performance,Lisbon,CCB - Grande Auditório,50,Unknown,,A staged reflection on what makes us human and the forms community can take.,One-off,https://www.nocartaz.pt/distrito/lisboa/teatro/,2026-09-21,
2026-09-26,2026-09-26,Balleteatrinho,Workshop,Family,Porto,balleteatro - Centro Coreográfico,290,Unknown,,Movement and artistic-expression workshop for children.,One-off,https://www.nocartaz.pt/distrito/porto/infantil/,2026-09-21,
2026-09-27,2026-11-15,World Rock Bebé — Rock Me Baby,Concert,Family,Vila Nova de Gaia,Solar Condes de Resende,280,Paid,,"Rock classics from the Beatles, Queen and AC/DC adapted into a sensory concert series for babies and families.",Weekly (Sundays),https://www.nocartaz.pt/distrito/porto/infantil/,2026-09-21,
2026-09-25,2026-09-25,Caminhos de Cabras,Theatre,Theatre & performance,Ourém,Teatro Municipal de Ourém (TMO),150,Unknown,,Theatrical creation staged at the Teatro Municipal de Ourém.,One-off,https://www.nocartaz.pt/distrito/santarem/,2026-09-21,
2026-09-26,2026-09-26,Banda Sinfónica da PSP + Orquestra Típica de Ourém (AMBO),Concert,Local concert,Ourém,Teatro Municipal de Ourém (TMO),150,Unknown,,Joint concert by the PSP Symphonic Band and the Orquestra Típica de Ourém.,One-off,https://www.nocartaz.pt/distrito/santarem/,2026-09-21,
2026-10-10,2026-10-10,Grant-Lee Phillips,Concert,Local concert,Ourém,Teatro Municipal de Ourém (TMO),150,Paid,,The acclaimed American singer-songwriter brings his melancholic folk and indie rock to Ourém.,One-off,https://www.nocartaz.pt/distrito/santarem/,2026-09-21,
2026-11-21,2026-11-21,Diogo Batáguas — Novo Espetáculo de Stand-Up,Comedy,Theatre & performance,Ourém,Teatro Municipal de Ourém (TMO),150,Paid,,Comedian Diogo Batáguas brings his new stand-up show to Ourém.,One-off,https://www.nocartaz.pt/distrito/santarem/,2026-09-21,
2026-10-03,2026-10-03,Festival Vapor,Festival,Festival,Entroncamento,Museu Nacional Ferroviário,130,Unknown,,The country's biggest steampunk and industrial-culture festival returns to the National Railway Museum.,Annual,https://www.nocartaz.pt/distrito/santarem/,2026-09-21,
2026-10-17,2026-10-17,Gala — Uma Noite na Ópera,Concert,Local concert,Entroncamento,Cineteatro São João,130,Unknown,,Opera gala with famous arias celebrating World Opera Day.,One-off,https://www.nocartaz.pt/distrito/santarem/,2026-09-21,
2026-10-24,2026-10-24,Luís Trigacheiro — Tour ELA,Concert,Local concert,Entroncamento,Cineteatro São João,130,Paid,,The Voice Portugal winner presents his acclaimed debut album.,One-off,https://www.nocartaz.pt/distrito/santarem/,2026-09-21,
2026-10-25,2026-10-25,Projeto Comunitário de Dança Contemporânea — Estação,Dance,Theatre & performance,Entroncamento,Cineteatro São João,130,Unknown,,Public showing of a community contemporary-dance project.,One-off,https://www.nocartaz.pt/distrito/santarem/,2026-09-21,
2026-09-25,2026-09-25,Kilt Test com Diogo Batáguas,Comedy,Theatre & performance,Sardoal,Centro Cultural Gil Vicente (CCGV),140,Unknown,,Diogo Batáguas tries out unreleased material ahead of his new solo show.,One-off,https://www.nocartaz.pt/distrito/santarem/,2026-09-21,
2026-11-06,2026-11-15,50.ª Feira Nacional do Cavalo,Fair,Heritage & talks,Golegã,Largo do Arneiro,120,Unknown,,"The 50th edition of Portugal's biggest equestrian fair, held alongside the 27th International Lusitano Horse Fair and the traditional São Martinho festivities, with contests, equestrian galas, carriage marathons and horse displays filling the town.",Annual,https://www.cm-golega.pt/informacoes/noticias/item/1767-concurso-cartaz-oficial-da-feira-nacional-do-cavalo-2026,2026-09-21,
2026-09-22,2026-09-22,A Natureza Precisa de Nós (Nature Needs Us),Event,Family,Seixal,Ponta dos Corvos,30,Free,,"Outdoor nature activity on the Ponta dos Corvos salt marsh, a protected spit on the Seixal side of the Tagus estuary.",One-off,https://www.viralagenda.com/pt/setubal,2026-09-22,
2026-09-22,2026-09-22,"Clube de Leitura de Teatro — Ájax, de Sófocles",Event,Heritage & talks,Almada,Biblioteca Municipal de Almada,40,Free,,Reading group working through Sophocles’ tragedy about the warrior Ajax.,Recurring,https://www.viralagenda.com/pt/setubal,2026-09-22,
2026-09-23,2026-09-23,4.º Aniversário do Núcleo Museológico da Olaria de Melides,Event,Heritage & talks,Grândola,Núcleo Museológico da Olaria de Melides,60,Free,,Fourth-birthday celebration at the small museum devoted to Melides pottery.,Annual,https://www.viralagenda.com/pt/setubal,2026-09-22,
2026-09-24,2026-09-24,Laboratório de Memórias (Memory Lab),Workshop,Community,Almada,Junta de Freguesia da Caparica e Trafaria,40,Free,,Community session gathering residents’ recollections of Caparica and Trafaria.,Recurring,https://www.viralagenda.com/pt/setubal,2026-09-22,
2026-09-24,2026-09-24,"Almada à Conversa: Uma Ponte, Duas Margens — 60.º Aniversário da Ponte 25 de Abril",Event,Heritage & talks,Almada,Fórum Municipal Romeu Correia,40,Free,,Talk marking sixty years of the 25 de Abril bridge and what it changed on both banks of the Tagus.,Series,https://www.viralagenda.com/pt/setubal,2026-09-22,
2026-09-24,2026-09-24,Workshop de Primeiros Socorros (First Aid Workshop),Workshop,Workshop,Almada,Incrível Almadense,40,Unknown,,Hands-on first-aid training open to the public.,One-off,https://www.viralagenda.com/pt/setubal,2026-09-22,
2026-09-24,2026-09-24,"CineCarochas: A Savana e a Montanha, de Paulo Carneiro",Film,Cinema,Almada,Salão das Carochas,40,Unknown,,Paulo Carneiro’s documentary on the village of Covas do Barroso and its fight against a lithium mine.,Series,https://www.viralagenda.com/pt/setubal,2026-09-22,
2026-09-24,2026-09-24,Serão de Contos com Joaninha Duarte,Event,Family,Sesimbra,Biblioteca Municipal de Sesimbra,26,Free,,Evening of storytelling for children with storyteller Joaninha Duarte.,Recurring,https://www.viralagenda.com/pt/setubal,2026-09-22,
2026-09-24,2026-09-24,Star Wars: The Mandalorian and Grogu,Film,Cinema,Montijo,Cinema Teatro Joaquim d’Almeida,30,Paid,,Star Wars feature following the Mandalorian bounty hunter and the young alien Grogu.,One-off,https://www.viralagenda.com/pt/setubal/montijo,2026-09-22,
2026-09-24,2026-09-24,O Espírito da Minha Mulher — 178.º aniversário do Incrível Almadense,Theatre,Theatre & performance,Almada,Incrível Almadense,40,Unknown,,Comedy staged by the house company for the association’s 178th birthday.,One-off,https://www.viralagenda.com/pt/setubal,2026-09-22,
2026-09-25,2026-09-25,emmy Curl,Concert,Local concert,Montijo,Casa da Música Jorge Peixinho,30,Paid,,Portuguese singer-songwriter whose folk songs are wrapped in electronics and loops.,One-off,https://www.viralagenda.com/pt/setubal/montijo,2026-09-22,
2026-09-25,2026-09-25,One Vision — Tributo a Queen,Concert,Local concert,Montijo,Cinema Teatro Joaquim d’Almeida,30,Paid,,Tribute band running through Queen’s best-known songs.,One-off,https://www.viralagenda.com/pt/setubal/montijo,2026-09-22,
2026-09-26,2026-09-26,Colecionadores,Event,Heritage & talks,Montijo,Casa da Música Jorge Peixinho,30,Unknown,,"Cultural-mediation session on collecting, at the Montijo music house.",One-off,https://www.viralagenda.com/pt/setubal/montijo,2026-09-22,
2026-09-26,2026-09-26,Pequenos Arqueólogos — À Descoberta,Workshop,Family,Montijo,Museu Municipal do Montijo,30,Unknown,,Archaeology workshop for children using the town museum’s own collection.,Recurring,https://www.viralagenda.com/pt/setubal/montijo,2026-09-22,
2026-09-26,2026-09-26,David e o Rádio Dada,Concert,Family,Montijo,Cinema Teatro Joaquim d’Almeida,30,Paid,,Music show for young children.,One-off,https://www.viralagenda.com/pt/setubal/montijo,2026-09-22,
2026-09-26,2026-09-26,XI Concurso de Poesia e Ficção Narrativa Montijo Jovem — entrega de prémios,Event,Heritage & talks,Montijo,Galeria Municipal do Montijo,30,Free,,Prize-giving and book launch for the winners of the town’s young writers’ competition.,Annual,https://www.viralagenda.com/pt/setubal/montijo,2026-09-22,
2026-10-01,2026-10-03,XXVII Feira Nacional do Porco,Festival,Food festival,Montijo,Parque de Exposições do Montijo,30,Unknown,,"Montijo’s national pork fair: three days of regional pork cooking, producers’ stands and live music.",Annual,https://www.viralagenda.com/pt/setubal/montijo,2026-09-22,
2026-10-01,2026-10-01,Michael,Film,Cinema,Montijo,Cinema Teatro Joaquim d’Almeida,30,Paid,,Biopic of Michael Jackson.,One-off,https://www.viralagenda.com/pt/setubal/montijo,2026-09-22,
2026-10-03,2026-10-03,Sons da Cidade,Event,Family,Montijo,Cinema Teatro Joaquim d’Almeida,30,Unknown,,Animated show for young children at the Montijo cinema-theatre.,One-off,https://www.viralagenda.com/pt/setubal/montijo,2026-09-22,
2026-10-03,2026-10-03,O Grufalão (The Gruffalo),Event,Family,Montijo,Biblioteca Municipal do Montijo,30,Free,,Dramatised telling of Julia Donaldson’s picture book about a mouse who invents a monster.,One-off,https://www.viralagenda.com/pt/setubal/montijo,2026-09-22,
2026-10-04,2026-10-04,Capicua,Concert,Local concert,Montijo,Cinema Teatro Joaquim d’Almeida,30,Paid,,Porto rapper and one of the best-known women in Portuguese hip-hop.,One-off,https://www.viralagenda.com/pt/setubal/montijo,2026-09-22,
2026-10-08,2026-10-08,O Diabo Veste Prada 2 (The Devil Wears Prada 2),Film,Cinema,Montijo,Cinema Teatro Joaquim d’Almeida,30,Paid,,"Sequel to the fashion-magazine comedy, with Meryl Streep back as the editor.",One-off,https://www.viralagenda.com/pt/setubal/montijo,2026-09-22,
2026-10-10,2026-10-10,Milhanas,Concert,Local concert,Montijo,Cinema Teatro Joaquim d’Almeida,30,Paid,,Young Portuguese singer who came up through fado and now writes her own pop songs.,One-off,https://www.viralagenda.com/pt/setubal/montijo,2026-09-22,
2026-10-11,2026-10-11,Clube de Leitura (Montijo),Event,Heritage & talks,Montijo,Casa da Música Jorge Peixinho,30,Free,,Monthly reading group open to anyone who has read the book.,Recurring,https://www.viralagenda.com/pt/setubal/montijo,2026-09-22,
2026-10-11,2026-10-11,XI Cantar com Amigos — Grupo Coral do Montijo,Concert,Local concert,Montijo,Cinema Teatro Joaquim d’Almeida,30,Unknown,,Choral gathering hosted by the Montijo choir with invited groups.,Annual,https://www.viralagenda.com/pt/setubal/montijo,2026-09-22,
2026-10-15,2026-10-15,Variações,Film,Cinema,Montijo,Cinema Teatro Joaquim d’Almeida,30,Paid,,"Biopic of António Variações, the hairdresser turned pop singer who died in 1984.",One-off,https://www.viralagenda.com/pt/setubal/montijo,2026-09-22,
2026-10-16,2026-10-16,Sessão de Promoção da Saúde Mental na Comunidade,Event,Community,Montijo,Quinta do Saldanha,30,Free,,Public session on mental health run by the council in the community.,One-off,https://www.viralagenda.com/pt/setubal/montijo,2026-09-22,
2026-10-16,2026-11-01,O Julgamento de Artemisia Gentileschi,Theatre,Theatre & performance,Montijo,Casa da Música Jorge Peixinho,30,Paid,,Play built on the 1612 trial that followed the rape of the Baroque painter Artemisia Gentileschi.,Run,https://www.viralagenda.com/pt/setubal/montijo,2026-09-22,
2026-09-25,2026-09-25,ONCE UPON A DANCE,Dance,Theatre & performance,Lisbon,Culturgest,50,Paid,,,One-off,https://www.nocartaz.pt/distrito/lisboa/danca/,2026-09-22,
2026-09-25,2026-09-25,Workshop: The presence of words in dance,Workshop,Workshop,Lisbon,O Rumo do Fumo,50,Unknown,,Workshop on how spoken text sits inside choreography.,Recurring,https://www.nocartaz.pt/distrito/lisboa/danca/,2026-09-22,
2026-09-25,2026-09-25,the candidate,Dance,Theatre & performance,Lisbon,O Rumo do Fumo,50,Free,,Informal public showing from the studio’s artist-residency programme.,One-off,https://www.nocartaz.pt/distrito/lisboa/danca/,2026-09-22,
2026-09-25,2026-09-25,OFF — Romain Beltrão Teule,Dance,Theatre & performance,Lisbon,O Rumo do Fumo,50,Paid,,New creation by choreographer Romain Beltrão Teule.,One-off,https://www.nocartaz.pt/distrito/lisboa/danca/,2026-09-22,
2026-09-26,2026-09-26,Rinse,Dance,Theatre & performance,Lisbon,Teatro do Bairro Alto,50,Paid,,Australian choreographer pulls a narrative apart on stage.,One-off,https://www.nocartaz.pt/distrito/lisboa/danca/,2026-09-22,
2026-10-01,2026-10-01,Clap & Slap,Dance,Theatre & performance,Lisbon,Teatro do Bairro Alto,50,Paid,,Lithuanian-Belarusian duo make a dance piece out of the gestures of protest.,One-off,https://www.nocartaz.pt/distrito/lisboa/danca/,2026-09-22,
2026-10-10,2026-10-10,Agora baixou o sol,Dance,Theatre & performance,Lisbon,Teatro do Bairro Alto,50,Paid,,Dance piece built on traditional Portuguese vocal polyphony.,One-off,https://www.nocartaz.pt/distrito/lisboa/danca/,2026-09-22,
2026-10-16,2026-10-16,Dialogues — Henrique Furtado Vieira,Dance,Theatre & performance,Lisbon,O Rumo do Fumo,50,Unknown,,"Choreographic work by Henrique Furtado Vieira, shown at the O Rumo do Fumo studio.",One-off,https://www.nocartaz.pt/distrito/lisboa/danca/,2026-09-22,
2026-10-24,2026-10-24,#1:Godôs e #2:Mouths,Dance,Theatre & performance,Lisbon,O Rumo do Fumo,50,Paid,,Double bill of two short dance pieces at the O Rumo do Fumo studio.,One-off,https://www.nocartaz.pt/distrito/lisboa/danca/,2026-09-22,
2026-11-07,2026-11-07,"one mysterious Thing, said e.e. cummings",Dance,Theatre & performance,Lisbon,O Rumo do Fumo,50,Paid,,Vera Mantero brings back her solo drawn from the poems of e.e. cummings.,One-off,https://www.nocartaz.pt/distrito/lisboa/danca/,2026-09-22,
2026-12-06,2026-12-06,A Bela Adormecida (The Sleeping Beauty),Dance,Theatre & performance,Estoril,Casino Estoril,68,Paid,,Tchaikovsky’s Sleeping Beauty danced by a touring classical company.,One-off,https://www.nocartaz.pt/distrito/lisboa/danca/,2026-09-22,
2026-12-18,2026-12-18,PREMIERE: Autonomia 72,Dance,Theatre & performance,Lisbon,O Rumo do Fumo,50,Paid,,Premiere of Vera Mantero’s new full-length creation.,One-off,https://www.nocartaz.pt/distrito/lisboa/danca/,2026-09-22,
2026-12-18,2026-12-18,Bright Horses,Dance,Theatre & performance,Lisbon,Teatro do Bairro Alto,50,Paid,,Two sisters make a piece about closeness and collapse.,One-off,https://www.nocartaz.pt/distrito/lisboa/danca/,2026-09-22,
2026-09-22,2026-09-22,Best Of Curtas Vila do Conde,Film,Cinema,Coimbra,Teatro Académico Gil Vicente (TAGV),200,Unknown,,"The prize-winning shorts from the latest Curtas Vila do Conde festival, screened in one session.",One-off,https://www.nocartaz.pt/concelhos/coimbra/,2026-09-22,
2026-09-22,2026-09-22,Produtividade Consciente e Trabalho Remoto,Workshop,Workshop,Coimbra,Fundação Bissaya Barreto — Casa das Artes,200,Paid,,"Short course on focus, workload and working from home.",One-off,https://www.nocartaz.pt/concelhos/coimbra/,2026-09-22,
2026-10-01,2026-10-01,Carlos Manaca @ Coimbra,Concert,Local concert,Coimbra,FNAC Coimbra (Fórum Coimbra),200,Free,,Free in-store showcase by one of the pioneers of Portuguese electronic music.,One-off,https://www.nocartaz.pt/concelhos/coimbra/,2026-09-22,
2026-10-01,2026-10-01,Miguel Calhaz,Concert,Local concert,Coimbra,Salão Brazil,200,Paid,,"Part of Jazz ao Centro, the Coimbra jazz festival held at the Salão Brazil each October.",One-off,https://www.nocartaz.pt/concelhos/coimbra/,2026-09-22,
2026-10-02,2026-10-02,Luísa Gonçalves NuDE Orquestra,Concert,Local concert,Coimbra,Salão Brazil,200,Paid,,"Part of Jazz ao Centro, the Coimbra jazz festival held at the Salão Brazil each October.",One-off,https://www.nocartaz.pt/concelhos/coimbra/,2026-09-22,
2026-10-02,2026-10-02,HyPoMaNiaC Trio,Concert,Local concert,Coimbra,Salão Brazil,200,Paid,,"Part of Jazz ao Centro, the Coimbra jazz festival held at the Salão Brazil each October.",One-off,https://www.nocartaz.pt/concelhos/coimbra/,2026-09-22,
2026-10-03,2026-10-03,Ensemble of Other Living Beings,Concert,Local concert,Coimbra,Salão Brazil,200,Paid,,"Part of Jazz ao Centro, the Coimbra jazz festival held at the Salão Brazil each October.",One-off,https://www.nocartaz.pt/concelhos/coimbra/,2026-09-22,
2026-10-03,2026-10-03,BOI AKIH,Concert,Local concert,Coimbra,Salão Brazil,200,Paid,,"Part of Jazz ao Centro, the Coimbra jazz festival held at the Salão Brazil each October.",One-off,https://www.nocartaz.pt/concelhos/coimbra/,2026-09-22,
2026-10-06,2026-10-06,Embryo,Concert,Local concert,Coimbra,Salão Brazil,200,Paid,,"Part of Jazz ao Centro, the Coimbra jazz festival held at the Salão Brazil each October.",One-off,https://www.nocartaz.pt/concelhos/coimbra/,2026-09-22,
2026-10-09,2026-10-09,OMNIAE Small Formats #1–#4,Concert,Local concert,Coimbra,Salão Brazil,200,Paid,,"Four short sets in one evening, part of Jazz ao Centro at the Salão Brazil.",One-off,https://www.nocartaz.pt/concelhos/coimbra/,2026-09-22,
2026-10-10,2026-10-10,Carlos Bica Azul (Coimbra),Concert,Local concert,Coimbra,Salão Brazil,200,Paid,,"Part of Jazz ao Centro, the Coimbra jazz festival held at the Salão Brazil each October.",One-off,https://www.nocartaz.pt/concelhos/coimbra/,2026-09-22,
2026-09-23,2026-09-23,A Natureza no Papel — Oficinas com Vida,Workshop,Family,Aveiro,Centro Municipal de Interpretação Ambiental (CMIA),300,Free,,Nature-drawing workshop for children at the council’s environmental centre.,Recurring,https://www.nocartaz.pt/distrito/aveiro/,2026-09-22,
2026-09-24,2026-09-24,Quintas com tricot e outras coisas,Workshop,Community,Aveiro,ATLAS Aveiro,300,Free,,Thursday knitting-and-crafts drop-in at the municipal library.,Recurring,https://www.nocartaz.pt/distrito/aveiro/,2026-09-22,
2026-09-24,2026-09-24,Fora dos Eixos,Concert,Local concert,Santa Maria da Feira,Castelo de Santa Maria da Feira,290,Unknown,,Concert staged inside the grounds of the Santa Maria da Feira castle.,One-off,https://www.nocartaz.pt/distrito/aveiro/,2026-09-22,
2026-09-24,2026-09-24,Agora É Que São Elas! (Fábio Porchat),Theatre,Theatre & performance,Águeda,Centro de Artes de Águeda (CAA),285,Paid,,The Brazilian comedian’s latest ensemble comedy on tour.,One-off,https://www.nocartaz.pt/distrito/aveiro/,2026-09-22,
2026-09-25,2026-09-25,Fértil em Terras Áridas,Theatre,Theatre & performance,Aveiro,Teatro Aveirense — Sala Estúdio,300,Paid,,Contemporary theatre in the Aveirense’s studio space.,One-off,https://www.nocartaz.pt/distrito/aveiro/,2026-09-22,
2026-09-25,2026-09-25,"Ponto Final, Ponto Seguido",Theatre,Theatre & performance,Aveiro,Praça da República,300,Free,,Open-air theatre staged in the main square.,One-off,https://www.nocartaz.pt/distrito/aveiro/,2026-09-22,
2026-09-26,2026-09-26,Expensive Soul — Cara a Cara,Concert,Local concert,Oliveira de Azeméis,TeMA — Teatro Municipal de Oliveira de Azeméis,295,Paid,,"The Porto soul-and-hip-hop duo in a stripped-back, close-up format.",One-off,https://www.nocartaz.pt/distrito/aveiro/,2026-09-22,
2026-09-26,2026-09-26,Agora É Que São Elas! (Fábio Porchat),Theatre,Theatre & performance,Vale de Cambra,Centro de Artes e Espetáculos de Vale de Cambra (CAE),305,Paid,,The Brazilian comedian’s latest ensemble comedy on tour.,One-off,https://www.nocartaz.pt/distrito/aveiro/,2026-09-22,
2026-09-26,2026-09-26,Canoagem ao Lusco-Fusco (Twilight Canoeing),Event,Unique experience,Aveiro,Cais da Fonte Nova,300,Paid,,Guided canoe trip through the Aveiro canals at dusk.,One-off,https://www.nocartaz.pt/distrito/aveiro/,2026-09-22,
2026-09-26,2026-09-26,Workshop Feltrando,Workshop,Workshop,São João da Madeira,Museu da Chapelaria,295,Paid,,Feltmaking workshop at the hat museum.,One-off,https://www.nocartaz.pt/distrito/aveiro/,2026-09-22,
2026-09-26,2026-09-26,Para Instrução de Curiosos,Theatre,Theatre & performance,Aveiro,Teatro Aveirense,300,Paid,,Stage piece arguing over how history has pictured race.,One-off,https://www.nocartaz.pt/distrito/aveiro/,2026-09-22,
2026-09-26,2026-09-26,Festa dos Bacalhoeiros 2026,Festival,Heritage & talks,Ílhavo,Museu Marítimo de Ílhavo,295,Free,,Ílhavo’s yearly celebration of its cod-fishing fleet and the men who sailed it.,Annual,https://www.nocartaz.pt/distrito/aveiro/,2026-09-22,
2026-09-26,2026-09-26,"Arte, com Rui Melo e Cristóvão Campos",Theatre,Theatre & performance,Albergaria-a-Velha,Cineteatro Alba,285,Paid,,Yasmina Reza’s comedy about three friends and one very white painting.,One-off,https://www.nocartaz.pt/distrito/aveiro/,2026-09-22,
2026-09-27,2026-09-27,Mínimos e Monstros,Film,Family,Oliveira de Azeméis,TeMA — Teatro Municipal de Oliveira de Azeméis,295,Paid,,Animation session for families.,One-off,https://www.nocartaz.pt/distrito/aveiro/,2026-09-22,
2026-09-27,2026-11-15,José Saramago no Cartoon Internacional,Exhibition,Art exhibit,Aveiro,Galeria da Antiga Capitania,300,Free,,Cartoonists from around the world mark the Saramago centenary.,Run,https://www.nocartaz.pt/distrito/aveiro/,2026-09-22,
2026-09-27,2026-12-31,Saar Snoek — Feltro Vivo: um Manifesto,Exhibition,Art exhibit,São João da Madeira,Museu da Chapelaria,295,Free,,Dutch artist Saar Snoek shows her felt work at the hat museum.,Run,https://www.nocartaz.pt/distrito/aveiro/,2026-09-22,
2026-09-27,2026-12-31,Sérgio Lima: Territórios do Inconsciente,Exhibition,Art exhibit,Aveiro,Museu da Cidade,300,Free,,Retrospective of the artist’s surrealist work.,Run,https://www.nocartaz.pt/distrito/aveiro/,2026-09-22,
2026-09-27,2026-12-31,NEXT STEP — Sustentabilidade e Inovação,Exhibition,Art exhibit,São João da Madeira,Museu do Calçado,295,Free,,Shoe-museum show on where footwear design is heading.,Run,https://www.nocartaz.pt/distrito/aveiro/,2026-09-22,
2026-09-27,2026-09-28,Festival da Interculturalidade ’26,Festival,Festival,Aveiro,Mercado do Peixe / Mercado Celta-Romano de Cacia,300,Free,,"Two days of music, cooking and traditions from the communities living in Aveiro.",Annual,https://www.nocartaz.pt/distrito/aveiro/,2026-09-22,
2026-09-27,2026-09-27,Jornadas Europeias do Património,Event,Heritage & talks,São João da Madeira,Museu da Chapelaria,295,Free,,European Heritage Days programme at the hat museum.,Annual,https://www.nocartaz.pt/distrito/aveiro/,2026-09-22,
2026-09-27,2026-09-27,A Flor do Buriti,Film,Cinema,Albergaria-a-Velha,Cineteatro Alba,285,Paid,,Cannes-awarded film following the Krahô people’s fight for their land.,One-off,https://www.nocartaz.pt/distrito/aveiro/,2026-09-22,
2026-09-30,2026-09-30,Des-conocido,Theatre,Theatre & performance,Aveiro,Teatro Aveirense — Sala Estúdio,300,Paid,,Peruvian company Yuyachkani’s piece on the disappeared.,One-off,https://www.nocartaz.pt/distrito/aveiro/,2026-09-22,
2026-09-30,2026-09-30,Sons da Ria: Melodias de Setembro,Workshop,Family,Aveiro,Centro Municipal de Interpretação Ambiental (CMIA),300,Free,,Listening walk through the sounds of the Ria de Aveiro.,Recurring,https://www.nocartaz.pt/distrito/aveiro/,2026-09-22,
2026-09-30,2026-09-30,I'A'V,Concert,Local concert,Santa Maria da Feira,Castelo de Santa Maria da Feira,290,Paid,,Portuguese indie-pop project presenting its new record.,One-off,https://www.nocartaz.pt/distrito/aveiro/,2026-09-22,
2026-10-01,2026-10-01,Budda Power Blues & Maria João — The Blues Experience,Concert,Local concert,Oliveira de Azeméis,TeMA — Teatro Municipal de Oliveira de Azeméis,295,Paid,,Singer Maria João joins the Budda Power Blues band.,One-off,https://www.nocartaz.pt/distrito/aveiro/,2026-09-22,
2026-10-01,2026-12-31,Museu do Brincar — Exposição,Exhibition,Family,Vagos,Museu do Brincar,285,Paid,,Museum show on the history of play and the toys that went with it.,Run,https://www.nocartaz.pt/distrito/aveiro/,2026-09-22,
2026-10-01,2026-10-01,"Dois, Pois — OuTonalidades",Concert,Local concert,Albergaria-a-Velha,Cineteatro Alba,285,Paid,,Roots-and-fusion duo on the OuTonalidades touring circuit.,One-off,https://www.nocartaz.pt/distrito/aveiro/,2026-09-22,
2026-10-02,2026-10-02,Assombrações,Theatre,Theatre & performance,Aveiro,O Convento,300,Paid,,,One-off,https://www.nocartaz.pt/distrito/aveiro/,2026-09-22,
2026-10-03,2026-12-31,Conexão Real x Coleção Virtual,Exhibition,Art exhibit,São João da Madeira,Museu do Calçado,295,Free,,Shoe-museum show setting the physical collection beside its digital twin.,Run,https://www.nocartaz.pt/distrito/aveiro/,2026-09-22,
2026-10-03,2026-10-03,A Celebrar a Música — Orquestra Sinfónica de Jovens de Santa Maria da Feira (Castelo),Concert,Local concert,Santa Maria da Feira,Castelo de Santa Maria da Feira,290,Paid,,The youth symphony orchestra repeats its celebration concert inside the castle.,One-off,https://www.nocartaz.pt/distrito/aveiro/,2026-09-22,
2026-10-03,2026-10-03,Duques do Precariado,Concert,Local concert,Vale de Cambra,Centro de Artes e Espetáculos de Vale de Cambra (CAE),305,Paid,,,One-off,https://www.nocartaz.pt/distrito/aveiro/,2026-09-22,
2026-10-04,2026-10-04,Programa Famílias,Workshop,Family,São João da Madeira,Museu da Chapelaria,295,Paid,,Sunday family session at the hat museum.,Recurring,https://www.nocartaz.pt/distrito/aveiro/,2026-09-22,
2026-10-04,2026-10-04,"Santo António, o Casamenteiro de Lisboa",Film,Family,Albergaria-a-Velha,Cineteatro Alba,285,Paid,,Portuguese-language animated film about Lisbon’s matchmaking saint.,One-off,https://www.nocartaz.pt/distrito/aveiro/,2026-09-22,
2026-10-07,2026-10-07,Observação de Aves: Rua do Sal,Event,Unique experience,Aveiro,Centro Municipal de Interpretação Ambiental (CMIA),300,Free,,Guided birdwatching along the old salt-pan road.,Recurring,https://www.nocartaz.pt/distrito/aveiro/,2026-09-22,
2026-10-08,2026-10-08,Às Quintas: Noite DeCA,Concert,Local concert,Albergaria-a-Velha,Cineteatro Alba,285,Free,,Students from the Aveiro communication and art department take the stage.,Recurring,https://www.nocartaz.pt/distrito/aveiro/,2026-09-22,
2026-10-09,2026-10-09,Homem-Aranha: Um Novo Dia,Film,Cinema,Oliveira de Azeméis,TeMA — Teatro Municipal de Oliveira de Azeméis,295,Paid,,The latest Spider-Man feature.,One-off,https://www.nocartaz.pt/distrito/aveiro/,2026-09-22,
2026-10-10,2026-10-10,Visitas Orientadas em Língua Gestual Portuguesa,Event,Heritage & talks,São João da Madeira,Museu da Chapelaria,295,Free,,Museum tour given in Portuguese Sign Language.,Recurring,https://www.nocartaz.pt/distrito/aveiro/,2026-09-22,
2026-10-10,2026-10-10,ContArtYoga por Carla Moreira,Workshop,Family,Aveiro,ATLAS Aveiro — Biblioteca Municipal,300,Free,,Storytelling and yoga session for children.,Recurring,https://www.nocartaz.pt/distrito/aveiro/,2026-09-22,
2026-10-10,2026-10-10,Conversas ao Sábado,Event,Heritage & talks,Ovar,Museu Júlio Dinis — Uma Casa Ovarense,280,Free,,Saturday talk and discussion on a cultural theme.,Recurring,https://www.nocartaz.pt/distrito/aveiro/,2026-09-22,
2026-10-10,2026-10-10,Jorge Palma,Concert,Local concert,Santa Maria da Feira,Castelo de Santa Maria da Feira,290,Paid,,"One of the great Portuguese songwriters, playing inside the castle.",One-off,https://www.nocartaz.pt/distrito/aveiro/,2026-09-22,
2026-10-11,2027-01-31,ponto ponto linha linha plano cor,Exhibition,Art exhibit,São João da Madeira,Centro de Arte Oliva,295,Paid,,"Show built on the plainest visual elements: dot, line, plane, colour.",Run,https://www.nocartaz.pt/distrito/aveiro/,2026-09-22,
2026-10-11,2026-10-11,A Princesa que Casou com um Nabo,Theatre,Family,Albergaria-a-Velha,Cineteatro Alba,285,Paid,,"Children’s play about a princess, a turnip and a bad bargain.",One-off,https://www.nocartaz.pt/distrito/aveiro/,2026-09-22,
2026-10-14,2026-10-14,Água Viva nas Marinhas,Workshop,Family,Aveiro,Centro Municipal de Interpretação Ambiental (CMIA),300,Free,,Hands-on session about life in the Aveiro salt pans.,Recurring,https://www.nocartaz.pt/distrito/aveiro/,2026-09-22,
2026-10-14,2026-10-14,Nós e o Mundo Que Nos Acolhe (Castelo),Theatre,Theatre & performance,Santa Maria da Feira,Castelo de Santa Maria da Feira,290,Paid,,,One-off,https://www.nocartaz.pt/distrito/aveiro/,2026-09-22,
2026-10-15,2026-10-15,GRÃO,Dance,Theatre & performance,Albergaria-a-Velha,Cineteatro Alba,285,Paid,,Contemporary dance piece.,One-off,https://www.nocartaz.pt/distrito/aveiro/,2026-09-22,
2026-10-15,2026-10-15,Às Quintas: Noite CMJ e Art'J,Concert,Local concert,Albergaria-a-Velha,Cineteatro Alba,285,Free,,Pupils from the local conservatory play a public evening.,Recurring,https://www.nocartaz.pt/distrito/aveiro/,2026-09-22,
2026-10-15,2026-10-15,Coral da JOBRA,Concert,Local concert,Albergaria-a-Velha,Cineteatro Alba,285,Paid,,Concert by the JOBRA choral group.,One-off,https://www.nocartaz.pt/distrito/aveiro/,2026-09-22,
2026-10-16,2026-10-16,Clube de Leitores / Laços de Leitura,Event,Heritage & talks,Ovar,Biblioteca Municipal de Ovar,280,Free,,Reading group led by Eduardo Lopes.,Recurring,https://www.nocartaz.pt/distrito/aveiro/,2026-09-22,
2026-10-17,2026-10-17,Susie Filipe — Banda Amizade / Banda Sinfónica de Aveiro,Concert,Local concert,Aveiro,Teatro Aveirense,300,Paid,,The Amor Electro drummer plays with Aveiro’s symphonic band.,One-off,https://www.nocartaz.pt/distrito/aveiro/,2026-09-22,
2026-09-22,2026-09-22,Dia do Porto de Leixões,Event,Unique experience,Matosinhos,Porto de Leixões,330,Free,,"Open day at the working port, with boat trips and ships you can go aboard.",Annual,https://www.nocartaz.pt/distrito/porto/,2026-09-22,
2026-09-22,2026-09-22,Encontros com Autores,Event,Heritage & talks,Matosinhos,Galeria Municipal de Matosinhos,330,Free,,Meet-the-author session at the municipal gallery.,Recurring,https://www.nocartaz.pt/distrito/porto/,2026-09-22,
2026-09-22,2026-09-27,Semana Europeia da Mobilidade 2026,Event,Community,Valongo,Fórum Cultural de Ermesinde,325,Free,,European Mobility Week programme at the Ermesinde cultural centre.,Annual,https://www.nocartaz.pt/distrito/porto/,2026-09-22,
2026-09-22,2026-09-22,Fantasmas Familiares,Theatre,Theatre & performance,Póvoa de Varzim,Cine-Teatro Garrett,355,Paid,,Contemporary theatre at the Garrett.,One-off,https://www.nocartaz.pt/distrito/porto/,2026-09-22,
2026-09-22,2026-09-22,Concerto Solidário — Cruz Vermelha,Concert,Local concert,Porto,Casa da Música,320,Paid,15,Red Cross fundraising concert.,One-off,https://www.nocartaz.pt/distrito/porto/,2026-09-22,
2026-09-23,2026-09-23,A Instalação do Medo,Theatre,Theatre & performance,Póvoa de Varzim,Varazim Teatro — Espaço D’Mente,355,Paid,,Rui Zink’s dystopian tale staged as black comedy: two men arrive to install fear in your home.,One-off,https://www.nocartaz.pt/distrito/porto/,2026-09-22,
2026-09-23,2026-09-23,Clube de Ilustração Mata de Vilar,Workshop,Workshop,Lousada,Centro Cultural de Lousada,340,Free,,Fanzine workshop drawing on the Mata de Vilar woods.,Recurring,https://www.nocartaz.pt/distrito/porto/,2026-09-22,
2026-09-24,2026-09-24,Hugo Sousa — Aqui Entre Nós (Porto),Comedy,Theatre & performance,Porto,Teatro Sá da Bandeira,320,Paid,,The Porto comedian’s new solo show.,One-off,https://www.nocartaz.pt/distrito/porto/,2026-09-22,
2026-09-24,2026-09-24,Conversas de Galeria,Event,Heritage & talks,Porto,Galeria Municipal do Porto,320,Free,,Guided conversation through the current exhibitions.,Recurring,https://www.nocartaz.pt/distrito/porto/,2026-09-22,
2026-09-24,2026-09-24,English Stand Up Comedy Open Mic,Comedy,Theatre & performance,Porto,Maria Pistolas,320,Free,,Open-mic comedy night in English.,Recurring,https://www.nocartaz.pt/distrito/porto/,2026-09-22,
2026-09-24,2026-09-24,CommedIA a La Carte 2026,Comedy,Theatre & performance,Porto,Teatro Sá da Bandeira,320,Paid,,New show from the improv comedy collective.,One-off,https://www.nocartaz.pt/distrito/porto/,2026-09-22,
2026-09-24,2026-09-24,Clube de Leitura: Filha da Louca,Event,Heritage & talks,Porto,Livraria Bertrand,320,Free,,Reading-group session on the novel Filha da Louca.,Recurring,https://www.nocartaz.pt/distrito/porto/,2026-09-22,
2026-09-24,2026-09-24,Clube de Leitura: Autobiografia de Martha Freud,Event,Heritage & talks,Porto,Livraria Bertrand,320,Free,,Reading group on the fictional autobiography of Freud’s wife.,Recurring,https://www.nocartaz.pt/distrito/porto/,2026-09-22,
2026-09-24,2026-09-24,Conferência «O Bilhete Postal»,Event,Heritage & talks,Póvoa de Varzim,Biblioteca Municipal Rocha Peixoto,355,Free,,Talk on the picture postcard and what it recorded.,One-off,https://www.nocartaz.pt/distrito/porto/,2026-09-22,
2026-09-24,2026-09-24,Filandorra — Escrita em Cena,Theatre,Theatre & performance,Amarante,Centro Cultural de Amarante,355,Paid,,The Filandorra company puts literature on stage.,One-off,https://www.nocartaz.pt/distrito/porto/,2026-09-22,
2026-09-25,2026-09-25,Desliga-te no Outono,Workshop,Workshop,Baião,Auditório Municipal de Baião,365,Free,,Tibetan singing-bowl meditation session.,One-off,https://www.nocartaz.pt/distrito/porto/,2026-09-22,
2026-09-25,2026-09-25,Biblioteca de Ermesinde acolhe Mário Lúcio,Event,Heritage & talks,Valongo,Fórum Cultural de Ermesinde,325,Free,,Literary conversation with the Cape Verdean writer and musician.,One-off,https://www.nocartaz.pt/distrito/porto/,2026-09-22,
2026-09-25,2026-09-25,Non Pasarán,Theatre,Theatre & performance,Póvoa de Varzim,Cine-Teatro Garrett,355,Paid,,Galician company mixing cruel comedy with the memory of the civil war.,One-off,https://www.nocartaz.pt/distrito/porto/,2026-09-22,
2026-09-25,2026-09-25,Agora É Que São Elas! (Porto),Theatre,Theatre & performance,Porto,Teatro Sá da Bandeira,320,Paid,,Ensemble comedy with some big names of Portuguese humour.,One-off,https://www.nocartaz.pt/distrito/porto/,2026-09-22,
2026-09-25,2026-09-25,Fanna-Fi-Allah Sufi Qawwali,Concert,Local concert,Porto,Casa da Música,320,Paid,20,Pakistani and Indian Sufi devotional singing.,One-off,https://www.nocartaz.pt/distrito/porto/,2026-09-22,
2026-09-25,2026-09-25,Carolina Deslandes,Concert,Major concert,Porto,Coliseu Porto Ageas,320,Paid,,One of the biggest names in contemporary Portuguese pop.,One-off,https://www.nocartaz.pt/distrito/porto/,2026-09-22,
2026-09-25,2026-09-25,Cine Vandoma II,Film,Cinema,Porto,Casa Comum — Reitoria da U.Porto,320,Free,,Pioneering works of the cinematic avant-garde.,Series,https://www.nocartaz.pt/distrito/porto/,2026-09-22,
2026-09-25,2026-09-25,Maria Reis,Concert,Local concert,Porto,RCA — Radioclube Agramonte,320,Paid,,The former Pega Monstro songwriter in a small room.,One-off,https://www.nocartaz.pt/distrito/porto/,2026-09-22,
2026-09-25,2026-09-25,Lake Haze,Concert,Local concert,Porto,Gare Porto,320,Paid,,Electro and techno with analogue textures.,One-off,https://www.nocartaz.pt/distrito/porto/,2026-09-22,
2026-09-25,2026-09-25,Curcumbia,Concert,Local concert,Porto,Pérola Negra,320,Paid,,,One-off,https://www.nocartaz.pt/distrito/porto/,2026-09-22,
2026-09-25,2026-09-25,John Talabot,Concert,Local concert,Porto,Plano B,320,Paid,,The Spanish master of melodic electronica.,One-off,https://www.nocartaz.pt/distrito/porto/,2026-09-22,
2026-09-25,2026-09-25,Diaporama — fotografias órfãs de Cesário Alves,Event,Art exhibit,Vila do Conde,Solar — Galeria de Arte Cinemática,340,Free,,Cesário Alves projects abandoned photographs found and rescued.,One-off,https://www.nocartaz.pt/distrito/porto/,2026-09-22,
2026-09-25,2026-09-25,OFF apaga a luz,Dance,Theatre & performance,Vila do Conde,Solar — Galeria de Arte Cinemática,340,Paid,,Romain Beltrão Teule makes a piece out of darkness.,One-off,https://www.nocartaz.pt/distrito/porto/,2026-09-22,
2026-09-26,2026-09-26,Blaya,Concert,Local concert,Felgueiras,Casa das Artes de Felgueiras,345,Paid,,Urban rhythms and a great deal of energy.,One-off,https://www.nocartaz.pt/distrito/porto/,2026-09-22,
2026-09-26,2026-09-26,Palavra Puxa Palavra,Event,Heritage & talks,Baião,Auditório Municipal de Baião,365,Free,,Music and shared conversation.,One-off,https://www.nocartaz.pt/distrito/porto/,2026-09-22,
2026-09-26,2026-09-26,Promised Valley Conference Center,Theatre,Theatre & performance,Matosinhos,Teatro Municipal Constantino Nery,330,Paid,,"Mickaël de Oliveira’s play, despite the name.",One-off,https://www.nocartaz.pt/distrito/porto/,2026-09-22,
2026-09-26,2026-09-26,Nova atividade do VEM,Event,Community,Valongo,Fórum Cultural de Ermesinde,325,Free,,Guided walk through local heritage and countryside.,One-off,https://www.nocartaz.pt/distrito/porto/,2026-09-22,
2026-09-26,2026-11-15,Tão Pesado Que Flutua,Exhibition,Art exhibit,Porto,Kubikgallery,320,Free,,Recent work by Sérgio Fernandes.,Run,https://www.nocartaz.pt/distrito/porto/,2026-09-22,
2026-09-26,2026-09-26,Moullinex,Concert,Major concert,Porto,Coliseu Porto Ageas,320,Paid,,"Luís Clara Gomes’ electronic project, live with a full band.",One-off,https://www.nocartaz.pt/distrito/porto/,2026-09-22,
2026-09-26,2026-09-26,Myles Sanko,Concert,Local concert,Porto,Casa da Música,320,Paid,,A big voice of contemporary British soul.,One-off,https://www.nocartaz.pt/distrito/porto/,2026-09-22,
2026-09-19,2027-07-10,Visitas Guiadas ao São Luiz,Guided visit,Heritage & talks,Lisbon,São Luiz Teatro Municipal,50,Paid,,"Guided tour of the theatre led by the São Luiz team, backstage included.",Recurring,https://www.teatrosaoluiz.pt/temporada/2026-2027/,2026-09-22,
2026-09-25,2026-09-25,Dia Aberto do Coletivo de Jovens MAAT,Event,Community,Lisbon,São Luiz Teatro Municipal,50,Paid,,"Open day with the MAAT youth collective on body, place and access.",One-off,https://www.teatrosaoluiz.pt/temporada/2026-2027/,2026-09-22,
2026-09-27,2026-12-20,FICA — domingos lentos,Event,Community,Lisbon,São Luiz Teatro Municipal,50,Paid,,"Slow Sunday afternoons at the theatre, free-form and unhurried.",Run · Sundays,https://www.teatrosaoluiz.pt/temporada/2026-2027/,2026-09-22,
2026-09-28,2026-09-28,Homenagem a Jorge Salavisa,Dance,Theatre & performance,Lisbon,São Luiz Teatro Municipal,50,Paid,,Tribute evening to the choreographer and ballet director Jorge Salavisa.,One-off,https://www.teatrosaoluiz.pt/temporada/2026-2027/,2026-09-22,
2026-09-30,2026-10-11,Caminho do Céu,Theatre,Theatre & performance,Lisbon,São Luiz Teatro Municipal,50,Paid,,Juan Mayorga play staged by Rita Cabaço.,Run,https://www.teatrosaoluiz.pt/temporada/2026-2027/,2026-09-22,
2026-10-01,2026-10-01,Europeando: Quadros para um Continente,Concert,Local concert,Lisbon,São Luiz Teatro Municipal,50,Paid,,Orquestra Filarmónica Portuguesa under Osvaldo Ferreira.,One-off,https://www.teatrosaoluiz.pt/temporada/2026-2027/,2026-09-22,
2026-10-02,2026-10-03,Na Borda — workshop com Lia Rodrigues,Workshop,Workshop,Lisbon,São Luiz Teatro Municipal,50,Paid,,"Dance and creation workshop with Lia Rodrigues, part of the BoCA Summer School.",Run,https://www.teatrosaoluiz.pt/temporada/2026-2027/,2026-09-22,
2026-10-03,2026-10-03,Bia Ferreira — Améfrica,Concert,Local concert,Lisbon,São Luiz Teatro Municipal,50,Paid,,Brazilian singer-songwriter Bia Ferreira brings her album Améfrica.,One-off,https://www.teatrosaoluiz.pt/temporada/2026-2027/,2026-09-22,
2026-10-05,2026-10-05,Forward is not the only way,Concert,Local concert,Lisbon,São Luiz Teatro Municipal,50,Paid,,Orquestra de Câmara Portuguesa.,One-off,https://www.teatrosaoluiz.pt/temporada/2026-2027/,2026-09-22,
2026-10-07,2026-10-07,Júlio Resende Trio — Ponte Ibérica,Concert,Local concert,Lisbon,São Luiz Teatro Municipal,50,Paid,,Pianist Júlio Resende on his Bridges not Walls Iberian project.,One-off,https://www.teatrosaoluiz.pt/temporada/2026-2027/,2026-09-22,
2026-10-08,2026-10-08,Consultas Poéticas,Event,Community,Lisbon,São Luiz Teatro Municipal,50,Paid,,Poetry consultations — small gestures offered in the public space.,One-off,https://www.teatrosaoluiz.pt/temporada/2026-2027/,2026-09-22,
2026-10-14,2026-10-18,O Mal na Raiz,Theatre,Theatre & performance,Lisbon,São Luiz Teatro Municipal,50,Paid,,"Guilherme Gomes writes and directs, working out from the Antigone myth.",Run,https://www.teatrosaoluiz.pt/temporada/2026-2027/,2026-09-22,
2026-10-16,2026-10-18,Isto que não Saia Daqui,Theatre,Theatre & performance,Lisbon,São Luiz Teatro Municipal,50,Paid,,"Pablo Fidalgo’s La Enciclopedia del Dolor, in the SUBSOLOS strand.",Run,https://www.teatrosaoluiz.pt/temporada/2026-2027/,2026-09-22,
2026-10-23,2026-10-25,Under the Shade of a Tree I Sat and Wept,Theatre,Theatre & performance,Lisbon,São Luiz Teatro Municipal,50,Paid,,"Kosovar playwright Jeton Neziraj, directed by Blerta Neziraj.",Run,https://www.teatrosaoluiz.pt/temporada/2026-2027/,2026-09-22,
2026-10-24,2026-11-01,Em Silêncio,Dance,Theatre & performance,Lisbon,São Luiz Teatro Municipal,50,Paid,,New piece by Teresa Sobral.,Run,https://www.teatrosaoluiz.pt/temporada/2026-2027/,2026-09-22,
2026-10-27,2026-10-27,Sentimento Oceânico da Vida,Concert,Local concert,Lisbon,São Luiz Teatro Municipal,50,Paid,,First concert in the CEM cycle: waves of water and of memory.,One-off,https://www.teatrosaoluiz.pt/temporada/2026-2027/,2026-09-22,
2026-10-31,2026-11-01,M A T A • B O S K,Dance,Theatre & performance,Lisbon,São Luiz Teatro Municipal,50,Paid,,Escola Superior de Dança dancing Catarina Miranda’s choreography.,Run,https://www.teatrosaoluiz.pt/temporada/2026-2027/,2026-09-22,
2026-11-03,2026-11-03,Lançamento do livro ABC da Guerra,Event,Heritage & talks,Lisbon,São Luiz Teatro Municipal,50,Paid,,João de Sousa Cardoso launches his book.,One-off,https://www.teatrosaoluiz.pt/temporada/2026-2027/,2026-09-22,
2026-11-03,2026-11-03,Cristina Clara,Concert,Local concert,Lisbon,São Luiz Teatro Municipal,50,Paid,,First live outing for the fado singer’s new record.,One-off,https://www.teatrosaoluiz.pt/temporada/2026-2027/,2026-09-22,
2026-11-09,2026-11-15,Clássicos em Cena (11.ª edição),Theatre,Theatre & performance,Lisbon,São Luiz Teatro Municipal,50,Paid,,Teatro Maizum’s yearly week of staged classics.,Annual,https://www.teatrosaoluiz.pt/temporada/2026-2027/,2026-09-22,
2026-11-13,2026-11-15,Lo Speziale,Theatre,Theatre & performance,Lisbon,São Luiz Teatro Municipal,50,Paid,,Haydn’s comic opera by the São Carlos opera studio.,Run,https://www.teatrosaoluiz.pt/temporada/2026-2027/,2026-09-22,
2026-11-18,2026-11-18,East Forest,Concert,Local concert,Lisbon,São Luiz Teatro Municipal,50,Paid,,Misty Fest 2026.,One-off,https://www.teatrosaoluiz.pt/temporada/2026-2027/,2026-09-22,
2026-11-19,2026-11-19,Surma,Concert,Local concert,Lisbon,São Luiz Teatro Municipal,50,Paid,,Misty Fest 2026.,One-off,https://www.teatrosaoluiz.pt/temporada/2026-2027/,2026-09-22,
2026-11-19,2026-11-19,Svaneborg Kardyb + Vega Trails,Concert,Local concert,Lisbon,São Luiz Teatro Municipal,50,Paid,,"Misty Fest 2026, contemporary jazz night.",One-off,https://www.teatrosaoluiz.pt/temporada/2026-2027/,2026-09-22,
2026-11-20,2026-11-20,Raül Refree & Maria Mazzotta,Concert,Local concert,Lisbon,São Luiz Teatro Municipal,50,Paid,,Misty Fest 2026.,One-off,https://www.teatrosaoluiz.pt/temporada/2026-2027/,2026-09-22,
2026-11-20,2026-11-29,Esta Noite Grita-se (10.ª edição),Theatre,Theatre & performance,Lisbon,São Luiz Teatro Municipal,50,Paid,,Companhia Cepa Torta’s tenth edition.,Annual,https://www.teatrosaoluiz.pt/temporada/2026-2027/,2026-09-22,
2026-11-21,2026-11-21,Vincent Peirani — Living Being,Concert,Local concert,Lisbon,São Luiz Teatro Municipal,50,Paid,,Misty Fest 2026.,One-off,https://www.teatrosaoluiz.pt/temporada/2026-2027/,2026-09-22,
2026-11-22,2026-11-22,Josh Cohen — Radiohead For Solo Piano II,Concert,Local concert,Lisbon,São Luiz Teatro Municipal,50,Paid,,"Misty Fest 2026, Radiohead rearranged for solo piano.",One-off,https://www.teatrosaoluiz.pt/temporada/2026-2027/,2026-09-22,
2026-11-22,2026-11-22,LEVI.SCT,Concert,Local concert,Lisbon,São Luiz Teatro Municipal,50,Paid,,"Misty Fest 2026, piano pop.",One-off,https://www.teatrosaoluiz.pt/temporada/2026-2027/,2026-09-22,
2026-11-25,2026-11-25,Miguel Araújo — Passemos aos Salões,Concert,Local concert,Lisbon,São Luiz Teatro Municipal,50,Paid,,The Porto songwriter in a ballroom-sized evening.,One-off,https://www.teatrosaoluiz.pt/temporada/2026-2027/,2026-09-22,
2026-11-25,2026-11-26,Gold Mother,Dance,Theatre & performance,Lisbon,São Luiz Teatro Municipal,50,Paid,,,Run,https://www.teatrosaoluiz.pt/temporada/2026-2027/,2026-09-22,
2026-11-27,2026-11-27,Orquestra Sinfónica Juvenil com António Rosado,Concert,Local concert,Lisbon,São Luiz Teatro Municipal,50,Paid,,"Youth symphony orchestra, piano António Rosado, conducted by Christopher Bochmann.",One-off,https://www.teatrosaoluiz.pt/temporada/2026-2027/,2026-09-22,
2026-11-29,2026-11-29,Concerto de Gala do 1.º de Dezembro,Concert,Local concert,Lisbon,São Luiz Teatro Municipal,50,Paid,,Banda da Armada’s gala for Restoration of Independence day.,Annual,https://www.teatrosaoluiz.pt/temporada/2026-2027/,2026-09-22,
2026-12-01,2026-12-01,34.ª Gala Abraço,Event,Community,Lisbon,São Luiz Teatro Municipal,50,Paid,,Annual fundraising gala for the Abraço HIV charity.,Annual,https://www.teatrosaoluiz.pt/temporada/2026-2027/,2026-09-22,
2026-12-09,2026-12-20,Quem matou Edgar Allan Poe?,Theatre,Theatre & performance,Lisbon,São Luiz Teatro Municipal,50,Paid,,Carla Maciel picks over the poet’s strange death.,Run,https://www.teatrosaoluiz.pt/temporada/2026-2027/,2026-09-22,
2026-12-10,2026-12-20,As Ilhas Desconhecidas,Theatre,Theatre & performance,Lisbon,São Luiz Teatro Municipal,50,Paid,,Raúl Brandão’s travel writing staged by Sara Gonçalves.,Run,https://www.teatrosaoluiz.pt/temporada/2026-2027/,2026-09-22,
2026-12-15,2026-12-15,Não chores porque tenho de partir,Concert,Local concert,Lisbon,São Luiz Teatro Municipal,50,Paid,,"Songs of love and parting, Nuno Vieira de Almeida and Susana Gaspar.",One-off,https://www.teatrosaoluiz.pt/temporada/2026-2027/,2026-09-22,
2027-01-07,2027-01-07,HOPE,Concert,Local concert,Lisbon,São Luiz Teatro Municipal,50,Paid,,Ensemble Darcos.,One-off,https://www.teatrosaoluiz.pt/temporada/2026-2027/,2026-09-22,
2027-01-09,2027-01-09,Duo Grenat,Concert,Local concert,Lisbon,São Luiz Teatro Municipal,50,Paid,,"Piano and clarinet in the Clássico, mas nem tanto series.",One-off,https://www.teatrosaoluiz.pt/temporada/2026-2027/,2026-09-22,
2027-01-14,2027-01-14,André Rosinha Trio — Viúva do Mistério,Concert,Local concert,Lisbon,São Luiz Teatro Municipal,50,Paid,,Double-bassist André Rosinha with his trio.,One-off,https://www.teatrosaoluiz.pt/temporada/2026-2027/,2026-09-22,
2027-01-15,2027-01-17,Na Minha Boca,Theatre,Theatre & performance,Lisbon,São Luiz Teatro Municipal,50,Paid,,"Text and direction by João Pires, in the SUBSOLOS strand.",Run,https://www.teatrosaoluiz.pt/temporada/2026-2027/,2026-09-22,
2027-01-20,2027-01-24,Afro Saloyá,Dance,Theatre & performance,Lisbon,São Luiz Teatro Municipal,50,Paid,,Isabél Zuaa.,Run,https://www.teatrosaoluiz.pt/temporada/2026-2027/,2026-09-22,
2027-01-26,2027-01-26,Joep Beving — Liminal,Concert,Local concert,Lisbon,São Luiz Teatro Municipal,50,Paid,,"The Dutch pianist’s quiet, minimal piano music.",One-off,https://www.teatrosaoluiz.pt/temporada/2026-2027/,2026-09-22,
2027-01-28,2027-01-31,Vácuo,Dance,Theatre & performance,Lisbon,São Luiz Teatro Municipal,50,Paid,,New work by Sílvia Real.,Run,https://www.teatrosaoluiz.pt/temporada/2026-2027/,2026-09-22,
2027-02-05,2027-02-07,Thikra: Night of Remembering,Dance,Theatre & performance,Lisbon,São Luiz Teatro Municipal,50,Paid,,Akram Khan Company.,Run,https://www.teatrosaoluiz.pt/temporada/2026-2027/,2026-09-22,
2027-02-24,2027-03-20,Oresteia,Theatre,Theatre & performance,Lisbon,São Luiz Teatro Municipal,50,Paid,,Aeschylus’ trilogy staged by Bruno Bravo.,Run,https://www.teatrosaoluiz.pt/temporada/2026-2027/,2026-09-22,
2027-03-21,2027-03-21,Dia Mundial da Marioneta,Event,Family,Lisbon,São Luiz Teatro Municipal,50,Paid,,"World Puppetry Day, presented by A Tarumba ahead of FIMFA Lx27.",Annual,https://www.teatrosaoluiz.pt/temporada/2026-2027/,2026-09-22,
2027-05-07,2027-05-23,FIMFA Lx27,Festival,Festival,Lisbon,São Luiz Teatro Municipal,50,Paid,,International festival of puppetry and animated forms.,Annual,https://www.teatrosaoluiz.pt/temporada/2026-2027/,2026-09-22,
2026-09-10,2026-10-25,"Uma Casa, com Certeza",Theatre,Theatre & performance,Lisbon,Teatro da Trindade INATEL,50,Paid,,"Constança Bourgard’s play, directed by Miguel Fragata.",Run,https://teatrotrindade.inatel.pt/programacao/,2026-09-22,
2026-10-06,2026-10-06,Viviane — Ela por Elas,Concert,Local concert,Lisbon,Teatro da Trindade INATEL,50,Paid,,Viviane sings songs written by women.,One-off,https://teatrotrindade.inatel.pt/programacao/,2026-09-22,
2026-10-13,2026-10-13,Primogénito — Dário Guerreiro,Comedy,Theatre & performance,Lisbon,Teatro da Trindade INATEL,50,Paid,,Stand-up from Dário Guerreiro.,One-off,https://teatrotrindade.inatel.pt/programacao/,2026-09-22,
2026-10-20,2026-10-20,Amigável — Guilherme Fonseca,Comedy,Theatre & performance,Lisbon,Teatro da Trindade INATEL,50,Paid,,Stand-up from Guilherme Fonseca.,One-off,https://teatrotrindade.inatel.pt/programacao/,2026-09-22,
2026-11-10,2026-11-10,Personagem Secundária — Duarte Pita Negrão,Comedy,Theatre & performance,Lisbon,Teatro da Trindade INATEL,50,Paid,,Stand-up from Duarte Pita Negrão.,One-off,https://teatrotrindade.inatel.pt/programacao/,2026-09-22,
2026-11-19,2027-01-10,Sob Pressão,Theatre,Theatre & performance,Lisbon,Teatro da Trindade INATEL,50,Paid,,Cristina Carvalhal’s creation drawn from Arthur Miller’s Danger: Memory!,Run,https://teatrotrindade.inatel.pt/programacao/,2026-09-22,
2026-11-24,2026-11-24,Miramar — Frankie Chavez e Peixe,Concert,Local concert,Lisbon,Teatro da Trindade INATEL,50,Paid,,Frankie Chavez and Peixe with guests.,One-off,https://teatrotrindade.inatel.pt/programacao/,2026-09-22,
2026-12-15,2026-12-15,Massa Mãe — Diogo Faro,Comedy,Theatre & performance,Lisbon,Teatro da Trindade INATEL,50,Paid,,Stand-up from Diogo Faro.,One-off,https://teatrotrindade.inatel.pt/programacao/,2026-09-22,
2027-02-17,2027-04-04,Bárbara,Theatre,Theatre & performance,Lisbon,Teatro da Trindade INATEL,50,Paid,,"Michelle Ferreira, after Barbara Gancia’s book A Saideira.",Run,https://teatrotrindade.inatel.pt/programacao/,2026-09-22,
2027-02-18,2027-04-25,La Nonna,Theatre,Theatre & performance,Lisbon,Teatro da Trindade INATEL,50,Paid,,"Roberto Cossa’s grotesque comedy, directed by Marco Medeiros.",Run,https://teatrotrindade.inatel.pt/programacao/,2026-09-22,
2027-03-23,2027-03-23,Elisa & Tiago Nogueira,Concert,Local concert,Lisbon,Teatro da Trindade INATEL,50,Paid,,,One-off,https://teatrotrindade.inatel.pt/programacao/,2026-09-22,
2027-05-13,2027-06-27,Vidas Íntimas,Theatre,Theatre & performance,Lisbon,Teatro da Trindade INATEL,50,Paid,,"Noël Coward’s Private Lives, directed by Elmano Sancho.",Run,https://teatrotrindade.inatel.pt/programacao/,2026-09-22,
2027-05-20,2027-07-25,"Florence, a Pior Cantora do Mundo",Theatre,Theatre & performance,Lisbon,Teatro da Trindade INATEL,50,Paid,,"Peter Quilter’s play about Florence Foster Jenkins, directed by Diogo Infante.",Run,https://teatrotrindade.inatel.pt/programacao/,2026-09-22,
2026-09-22,2026-12-20,Dois + Dois,Theatre,Theatre & performance,Lisbon,Teatro Villaret,50,Paid,,Comedy playing Thursday to Sunday at the Villaret.,Run · Thu–Sun,https://teatrovillaret.pt/tipo/programacao/,2026-09-22,
2026-10-07,2026-10-07,Isabel Viana — 30 por uma Linha,Comedy,Theatre & performance,Lisbon,Teatro Villaret,50,Paid,,Solo show from Isabel Viana.,One-off,https://teatrovillaret.pt/tipo/programacao/,2026-09-22,
2026-10-21,2026-10-21,"Como Salvar um Casamento, com Nany People",Comedy,Theatre & performance,Lisbon,Teatro Villaret,50,Paid,,Brazilian performer Nany People on saving a marriage.,One-off,https://teatrovillaret.pt/tipo/programacao/,2026-09-22,
2026-10-28,2026-10-28,Laura — Está Tudo Sob Controle,Comedy,Theatre & performance,Lisbon,Teatro Villaret,50,Paid,,Solo comedy from Laura.,One-off,https://teatrovillaret.pt/tipo/programacao/,2026-09-22,
2026-11-03,2026-11-04,Sincera Mente — (vou-te)³,Theatre,Theatre & performance,Lisbon,Teatro Villaret,50,Paid,,,Run,https://teatrovillaret.pt/tipo/programacao/,2026-09-22,
2026-11-16,2026-11-16,Se os Meus Pais Soubessem,Comedy,Theatre & performance,Lisbon,Teatro Villaret,50,Paid,,,One-off,https://teatrovillaret.pt/tipo/programacao/,2026-09-22,
2026-12-02,2026-12-02,A Toca das Loucas,Comedy,Theatre & performance,Lisbon,Teatro Villaret,50,Paid,,,One-off,https://teatrovillaret.pt/tipo/programacao/,2026-09-22,
2026-12-08,2026-12-08,Eduardo Madeira — Grande Entre os Assassinos,Comedy,Theatre & performance,Lisbon,Teatro Villaret,50,Paid,,Stand-up from Eduardo Madeira.,One-off,https://teatrovillaret.pt/tipo/programacao/,2026-09-22,
2027-05-11,2027-05-11,Carlos Vidal — Tempo de Espera,Comedy,Theatre & performance,Lisbon,Teatro Villaret,50,Paid,,Stand-up from Carlos Vidal.,One-off,https://teatrovillaret.pt/tipo/programacao/,2026-09-22,
2026-09-26,2026-09-26,O Livro Encenado,Workshop,Family,Almada,Teatro Municipal Joaquim Benite — Sala de Ensaios,40,Paid,,"Staging-a-book workshop for children, in the Oficinas para a Infância strand.",Recurring,https://ctalmada.pt/,2026-09-22,
2026-09-26,2026-09-26,Teresa Macedo Ferreira,Concert,Local concert,Almada,Teatro Municipal Joaquim Benite — Sala Experimental,40,Paid,,,One-off,https://ctalmada.pt/,2026-09-22,
2026-10-03,2026-10-04,O Duelo e Outras Histórias,Theatre,Theatre & performance,Almada,Teatro Municipal Joaquim Benite — Sala de Ensaios,40,Paid,,Chekhov short stories brought to the rehearsal room.,Run,https://ctalmada.pt/,2026-09-22,
2026-10-10,2026-10-10,Drama É Comigo!,Workshop,Family,Almada,Teatro Municipal Joaquim Benite — Sala de Ensaios,40,Paid,,"Drama workshop for children, in the Oficinas para a Infância strand.",Recurring,https://ctalmada.pt/,2026-09-22,
2026-10-10,2026-10-11,O Lugar Onde o Céu Nasceu — Trilogia do Ar,Theatre,Theatre & performance,Almada,Teatro Municipal Joaquim Benite — Sala Experimental,40,Paid,,Second part of the company’s Trilogy of Air.,Run,https://ctalmada.pt/,2026-09-22,
2026-10-30,2026-11-29,Medida por Medida,Theatre,Theatre & performance,Almada,Teatro Municipal Joaquim Benite — Sala Principal,40,Paid,,"Shakespeare on moral authority and who gets to use it. Fri & Sat 21h00, Thu & Sun 16h00.",Run · Thu–Sun,https://ctalmada.pt/,2026-09-22,
2026-11-28,2026-12-20,Uma Nova Volta ao Mundo,Theatre,Family,Almada,Teatro Municipal Joaquim Benite — Sala de Ensaios,40,Paid,,"Musical trip around the world for families. Sat & holidays 16h00, Sun 11h00 and 15h00.",Run · Sat–Sun,https://ctalmada.pt/,2026-09-22,
2026-10-10,2026-10-10,"Arte, de Yasmina Reza (Barreiro)",Theatre,Theatre & performance,Barreiro,Auditório Municipal Augusto Cabrita,30,Paid,,Yasmina Reza’s comedy about three friends falling out over an all-white painting.,One-off,https://www.nocartaz.pt/distrito/setubal/teatro/,2026-09-22,
2026-10-16,2026-10-16,Namastê — Inês Aires Pereira,Comedy,Theatre & performance,Sesimbra,Cineteatro Municipal João Mota,26,Paid,,Solo comedy from Inês Aires Pereira.,One-off,https://www.nocartaz.pt/distrito/setubal/teatro/,2026-09-22,
2026-10-16,2026-10-16,Pândiga,Theatre,Theatre & performance,Moita,Fórum Cultural José Manuel Figueiredo,25,Paid,,,One-off,https://www.nocartaz.pt/distrito/setubal/teatro/,2026-09-22,
2026-11-01,2026-11-01,A Coleção do Meu Pai: Amina,Theatre,Theatre & performance,Setúbal,Teatro Estúdio Fontenova,0,Paid,,Teatro Estúdio Fontenova’s creation built from family memory.,One-off,https://www.nocartaz.pt/distrito/setubal/teatro/,2026-09-22,
2026-12-27,2026-12-27,Lullaby — Proyecto Kavauri,Theatre,Family,Sesimbra,Cineteatro Municipal João Mota,26,Paid,,,One-off,https://www.nocartaz.pt/distrito/setubal/teatro/,2026-09-22,
2026-09-24,2026-09-24,Dormindo Entre Cadáveres,Theatre,Theatre & performance,Trofa,Alameda da Estação,340,Free,,Open-air staging of Luís Gonçalves’ text.,One-off,https://www.nocartaz.pt/distrito/porto/teatro/,2026-09-22,
2026-09-25,2026-09-25,Secret Stuff Comedy Club (25 Sep),Comedy,Theatre & performance,Porto,Teatro Sá da Bandeira,320,Paid,,Small-room comedy night at the Sá da Bandeira.,One-off,https://www.nocartaz.pt/distrito/porto/teatro/,2026-09-22,
2026-09-26,2026-09-26,Clayton Nascimento — Macacos (26 Sep),Theatre,Theatre & performance,Porto,Teatro Municipal Rivoli,320,Paid,,Award-winning Brazilian monologue on structural racism.,One-off,https://www.nocartaz.pt/distrito/porto/teatro/,2026-09-22,
2026-09-27,2026-09-27,Fachabor! Que eu num andei contigo na escola,Comedy,Theatre & performance,Porto,Teatro Sá da Bandeira,320,Paid,,Popular regional comedy night.,One-off,https://www.nocartaz.pt/distrito/porto/teatro/,2026-09-22,
2026-09-27,2026-09-27,Os Piratas Também se Apaixonam,Theatre,Family,Porto,Teatro Sá da Bandeira,320,Paid,,Musical pirate adventure for children and families.,One-off,https://www.nocartaz.pt/distrito/porto/teatro/,2026-09-22,
2026-09-27,2026-09-27,Caravana,Theatre,Theatre & performance,Porto,Teatro Nacional São João,320,Paid,,New production on the São João’s main stage.,One-off,https://www.nocartaz.pt/distrito/porto/teatro/,2026-09-22,
2026-09-30,2026-09-30,Quando Menos Se Espera (30 Sep),Theatre,Theatre & performance,Porto,Teatro Sá da Bandeira,320,Paid,,Comedy of mistaken identities.,One-off,https://www.nocartaz.pt/distrito/porto/teatro/,2026-09-22,
2026-09-30,2026-09-30,Pizza Man,Theatre,Theatre & performance,Porto,Coliseu Porto Ageas,320,Paid,,The comedy reaches the Coliseu stage.,One-off,https://www.nocartaz.pt/distrito/porto/teatro/,2026-09-22,
2026-10-01,2026-10-01,Quando Menos Se Espera (1 Oct),Theatre,Theatre & performance,Porto,Teatro Sá da Bandeira,320,Paid,,Comedy of mistaken identities.,One-off,https://www.nocartaz.pt/distrito/porto/teatro/,2026-09-22,
2026-10-01,2026-10-01,Fachabor! Que eu num andei contigo na escola (1 Oct),Comedy,Theatre & performance,Porto,Teatro Sá da Bandeira,320,Paid,,Popular regional comedy night.,One-off,https://www.nocartaz.pt/distrito/porto/teatro/,2026-09-22,
2026-09-16,2026-09-27,O Pai,Theatre,Theatre & performance,Lisbon,São Luiz Teatro Municipal,50,Paid,,"August Strindberg’s The Father, directed by Gonçalo Waddington.",Run,https://www.teatrosaoluiz.pt/temporada/2026-2027/,2026-09-22,
2026-09-23,2026-09-23,O Namorador,Theatre,Theatre & performance,Cabeceiras de Basto,Centro de Teatro de Cabeceiras de Basto,390,Paid,,Comedy staged by the Cabeceiras de Basto theatre centre.,One-off,https://www.nocartaz.pt/distrito/braga/teatro/,2026-09-22,
2026-09-24,2026-09-24,A-preço — um olhar real sobre a violência,Theatre,Theatre & performance,Guimarães,Centro Ciência Viva de Guimarães,370,Paid,,Performance piece confronting everyday violence.,One-off,https://www.nocartaz.pt/distrito/braga/teatro/,2026-09-22,
2026-09-24,2026-09-24,Ruralidades,Theatre,Theatre & performance,Cabeceiras de Basto,Centro de Teatro de Cabeceiras de Basto,390,Paid,,Show drawn from the identity and memory of the countryside.,One-off,https://www.nocartaz.pt/distrito/braga/teatro/,2026-09-22,
2026-09-26,2026-09-26,Vaiana,Film,Cinema,Vila Nova de Famalicão,Teatro Narciso Ferreira,365,Paid,,Disney animated feature screened for families.,One-off,https://www.nocartaz.pt/distrito/braga/teatro/,2026-09-22,
2026-09-26,2026-09-26,O Dia da Revelação,Theatre,Theatre & performance,Vila Nova de Famalicão,Teatro Narciso Ferreira,365,Paid,,,One-off,https://www.nocartaz.pt/distrito/braga/teatro/,2026-09-22,
2026-10-03,2026-10-03,A Luminosa Violência da Perfeição,Theatre,Theatre & performance,Guimarães,Espaço Oficina / Teatro Oficina,370,Paid,,,One-off,https://www.nocartaz.pt/distrito/braga/teatro/,2026-09-22,
2026-10-10,2026-10-10,Visita Guiada ao Theatro Circo,Guided visit,Unique experience,Braga,Theatro Circo de Braga,380,Paid,,Guided walk through the backstage and hidden corners of Braga’s grand century-old theatre.,Recurring,https://www.nocartaz.pt/distrito/braga/teatro/,2026-09-22,
2026-10-14,2026-10-14,Namastê (Barcelos),Comedy,Theatre & performance,Barcelos,Theatro Gil Vicente,400,Paid,,,One-off,https://www.nocartaz.pt/distrito/braga/teatro/,2026-09-22,
2026-10-17,2026-10-17,Os Capitães (estreia),Theatre,Theatre & performance,Barcelos,Theatro Gil Vicente,400,Paid,,Opening night of a brand-new production.,One-off,https://www.nocartaz.pt/distrito/braga/teatro/,2026-09-22,
2026-10-24,2026-10-24,Neva,Theatre,Theatre & performance,Guimarães,Espaço Oficina / Teatro Oficina,370,Paid,,,One-off,https://www.nocartaz.pt/distrito/braga/teatro/,2026-09-22,
2026-11-01,2026-11-01,Comer a Terra — uma peça de teatro-comestível,Theatre,Theatre & performance,Vila Nova de Famalicão,Teatro da Didascália,365,Paid,,Edible theatre: a sensory piece by Didascália where the audience eats the set.,One-off,https://www.nocartaz.pt/distrito/braga/teatro/,2026-09-22,
2026-11-05,2026-11-05,Protocolo de Segurança — Hugo Peçanha,Comedy,Theatre & performance,Braga,Espaço Vita,380,Paid,,New solo comedy from Hugo Peçanha.,One-off,https://www.nocartaz.pt/distrito/braga/teatro/,2026-09-22,
2026-11-14,2026-11-14,Theatro Circo Guided Tour (in English),Guided visit,Unique experience,Braga,Theatro Circo de Braga,380,Paid,,"Backstage tour of the historic Braga theatre, given in English.",Recurring,https://www.nocartaz.pt/distrito/braga/teatro/,2026-09-22,
2026-11-27,2026-11-27,Maior Fã — Tiago Almeida,Comedy,Theatre & performance,Braga,Espaço Vita,380,Paid,,New stand-up show from Tiago Almeida.,One-off,https://www.nocartaz.pt/distrito/braga/teatro/,2026-09-22,
2026-12-04,2026-12-04,Verificando Se Você É Humano,Comedy,Theatre & performance,Guimarães,Multiusos de Guimarães,370,Paid,,Comic take on technology and our digital obsession.,One-off,https://www.nocartaz.pt/distrito/braga/teatro/,2026-09-22,
2026-12-19,2026-12-19,Visita Guiada ao Theatro Circo (dezembro),Guided visit,Unique experience,Braga,Theatro Circo de Braga,380,Paid,,Backstage tour of the century-old Braga theatre.,Recurring,https://www.nocartaz.pt/distrito/braga/teatro/,2026-09-22,
2027-01-15,2027-01-15,O Amor É Assim (Braga),Theatre,Theatre & performance,Braga,Altice Forum Braga,380,Paid,,Romantic comedy on national tour.,One-off,https://www.nocartaz.pt/distrito/braga/teatro/,2026-09-22,
2027-01-16,2027-01-16,"O Amor É Assim (Braga, 16 Jan)",Theatre,Theatre & performance,Braga,Altice Forum Braga,380,Paid,,Romantic comedy on national tour.,One-off,https://www.nocartaz.pt/distrito/braga/teatro/,2026-09-22,
2027-04-24,2027-04-24,A Vulgar Mulher Extraordinária — A Garota Não,Theatre,Theatre & performance,Braga,Theatro Circo de Braga,380,Paid,,,One-off,https://www.nocartaz.pt/distrito/braga/teatro/,2026-09-22,
2026-09-24,2026-11-01,Contos em Viagem — Goa,Theatre,Theatre & performance,Lisbon,Teatro Meridional,50,Paid,,"Travelling storytelling piece rooted in Goa. Wed–Sat 21h00, Sun 16h00.",Run · Wed–Sun,https://teatromeridional.net/index.php/programacao/espectaculos,2026-09-22,
2027-01-29,2027-03-01,Happy Days,Theatre,Theatre & performance,Lisbon,Teatro Meridional,50,Paid,,"Beckett’s Happy Days. Wed–Sat 21h00, Sun 16h00.",Run · Wed–Sun,https://teatromeridional.net/index.php/programacao/espectaculos,2026-09-22,
2026-10-10,2026-11-29,Mil Vezes Revista,Theatre,Theatre & performance,Lisbon,Teatro Politeama,50,Paid,,"Filipe La Féria’s revue, playing at 17h00 and 21h00 depending on the date.",Run,https://teatro.app/sala/lisboa-teatro-politeama-dRUw,2026-09-22,
2026-10-31,2026-11-22,Pocahontas — A Princesa Índia,Theatre,Family,Lisbon,Teatro Politeama,50,Paid,,"Musical for families, at 11h00 and 15h00 on selected weekend dates.",Run · Sat–Sun,https://teatro.app/sala/lisboa-teatro-politeama-dRUw,2026-09-22,
2026-09-24,2026-10-31,Macbeth,Theatre,Theatre & performance,Lisbon,Teatro Nacional D. Maria II,50,Paid,,"Shakespeare’s Macbeth at the national theatre, playing at 19h00, 21h00 and 16h00 across the run.",Run,https://teatro.app/sala/QziG,2026-09-22,
2026-09-23,2026-09-23,O Último Telefone Público de Lisboa,Theatre,Theatre & performance,Lisbon,Teatro Nacional D. Maria II,50,Paid,,Contemporary piece staged by the D. Maria II company.,One-off,https://www.nocartaz.pt/distrito/lisboa/teatro/,2026-09-22,
2026-09-26,2026-09-26,A Última Sexta-Feira,Theatre,Theatre & performance,Lisbon,Teatro Nacional D. Maria II,50,Paid,,,One-off,https://www.nocartaz.pt/distrito/lisboa/teatro/,2026-09-22,
2026-09-24,2026-10-25,Pura Loucura,Theatre,Theatre & performance,Lisbon,Teatro Maria Matos,50,Paid,,"Comedy at Teatro Maria Matos. Runs 25 Sep–11 Oct and 15–25 Oct, at 21h00 with 18h00 matinees.",Run,https://teatro.app/sala/S01q,2026-09-22,
2026-09-24,2026-09-24,Superstar,Theatre,Theatre & performance,Lisbon,Teatro Armando Cortez (Casa do Artista),50,Paid,,,One-off,https://www.nocartaz.pt/distrito/lisboa/teatro/,2026-09-22,
2026-09-24,2026-09-24,Morte ao Algoritmo — Daniel Duncan,Comedy,Theatre & performance,Lisbon,Teatro da Comuna,50,Paid,,The Brazilian comedian’s satirical stand-up about life online.,One-off,https://www.nocartaz.pt/distrito/lisboa/teatro/,2026-09-22,
2026-09-26,2026-09-26,Chiado Comedy Club — Humor Negro,Comedy,Theatre & performance,Lisbon,Teatro Bocage,50,Paid,,Black-comedy night with the Chiado Comedy Club regulars.,Recurring,https://www.nocartaz.pt/distrito/lisboa/teatro/,2026-09-22,
2026-09-26,2026-09-26,Le Cabaret Rock by Custom Circus,Theatre,Theatre & performance,Lisbon,AveNew Comedy Club,50,Paid,20,Rock cabaret in a post-apocalyptic key from Custom Circus.,One-off,https://www.nocartaz.pt/distrito/lisboa/teatro/,2026-09-22,
2026-09-23,2026-09-23,"Rosaline, a Ex do Romeu",Theatre,Theatre & performance,Lisbon,Casino Lisboa — Auditório dos Oceanos,50,Paid,,,One-off,https://www.nocartaz.pt/distrito/lisboa/teatro/,2026-09-22,
2026-10-12,2026-11-24,Cock,Theatre,Theatre & performance,Lisbon,Teatro Maria Matos,50,Paid,,Mike Bartlett’s play about a man caught between a boyfriend and a girlfriend. Mondays and Tuesdays at 21h00.,Run · Mon–Tue,https://teatro.app/sala/S01q,2026-09-22,
2026-09-24,2026-09-27,As Preciosas Ridículas,Theatre,Theatre & performance,Lisbon,Teatro do Bairro,50,Paid,,"Molière’s satire on affectation and social climbing. Thu–Fri 21h30, Sat–Sun 18h00.",Run · Thu–Sun,https://teatro.app/sala/ZUNq,2026-09-22,
2026-12-05,2026-12-12,Liza Minnelli,Theatre,Theatre & performance,Lisbon,Cineteatro Capitólio,50,Paid,,,Run,https://teatro.app/sala/gO0O,2026-09-22,
2026-10-02,2026-10-10,Imitação dos Pássaros,Theatre,Theatre & performance,Lisbon,Teatro Variedades,50,Paid,,"Plays 2–3 and 7–10 Oct at 21h00, with a 16h00 matinee on the 4th.",Run,https://teatro.app/sala/RaO7,2026-09-22,
2026-12-16,2026-12-20,White Christmas,Theatre,Theatre & performance,Lisbon,Teatro Variedades,50,Paid,,"Christmas musical. 16–19 Dec at 21h00, 20 Dec at 16h00.",Run,https://teatro.app/sala/RaO7,2026-09-22,
2026-10-02,2026-10-02,Black Cat Cinema: Cinema Paradiso,,Cinema,Almada,Quinta Mira Rio (Caparica),40,Paid,,Open-air screening of Giuseppe Tornatore's film in a garden setting at Caparica; doors 18:00.,One-off,https://tickets.theblackcatcinema.com/events/blackcatcinema/,2026-09-23,
2026-09-24,2026-09-30,Semana de Aulas Abertas — Formação Artística (Open Classes Week),,Workshop,Almada,Associação Cultural O Mundo do Espectáculo (ACOME),35,Unknown,,A week in which the drama school's regular classes are opened to visitors who want to try them before enrolling.,One-off,https://www.viralagenda.com/pt/setubal,2026-09-23,
2026-09-24,2026-09-24,Duo Marina Martín e Guillermo Rodríguez,,Local concert,Almada,Convento dos Capuchos,38,Unknown,,A Spanish voice-and-guitar duo playing in the cloister of the Capuchin convent.,One-off,https://www.viralagenda.com/pt/setubal,2026-09-23,
2026-09-24,2026-09-24,Música e Movimento — Aula aberta com Rui Aires e Bárbara Salvador (Open Class),,Workshop,Almada,Universidade Popular Cultural de Almada,35,Unknown,,An open taster class in rhythm and body movement led by two of the school's teachers.,One-off,https://www.viralagenda.com/pt/setubal,2026-09-23,
2026-09-24,2026-09-24,Orquestra de Percussão — Aula aberta com Rui Aires (Open Class),,Workshop,Almada,Universidade Popular Cultural de Almada,35,Unknown,,An open rehearsal of the percussion ensemble that anyone can sit in on or join.,One-off,https://www.viralagenda.com/pt/setubal,2026-09-23,
2026-10-03,2026-10-03,Cloudbusting,,Family,Lisbon,Centro Cultural de Belém,50,Unknown,,"Kate Bush's songs and imagery reworked into a stage show for all ages, by a Belgian company.",One-off,https://www.nocartaz.pt/distrito/lisboa/infantil/,2026-09-23,
2026-10-02,2026-10-02,CRASSH Style,,Family,Lisbon,CCB — Pequeno Auditório,50,Unknown,,"A hands-on percussion workshop built from everyday objects, run by the CRASSH collective.",One-off,https://www.nocartaz.pt/distrito/lisboa/infantil/,2026-09-23,
2026-10-17,2026-10-17,Valter Lobo,,Local concert,Guimarães,Espaço Oficina / Teatro Oficina,390,Unknown,,The independent singer-songwriter performs his intimate songbook; 21:30.,One-off,https://www.nocartaz.pt/concelhos/guimaraes/,2026-09-23,
2026-10-24,2026-10-24,NENA,,Major concert,Guimarães,Multiusos de Guimarães,390,Unknown,,The Portuguese pop singer plays her best-known songs in the arena.,One-off,https://www.nocartaz.pt/concelhos/guimaraes/,2026-09-23,
2026-11-06,2026-11-06,Guimarães Jazz — abertura no Espaço Oficina (Opening night),,Festival,Guimarães,Espaço Oficina / Teatro Oficina,390,Unknown,,"Opening night of the city's long-running jazz festival, held in the Espaço Oficina hall; 21:00.",Annual,https://www.nocartaz.pt/concelhos/guimaraes/,2026-09-23,
2026-11-12,2026-11-12,Jam Sessions com Lex Korten Quintet,,Local concert,Guimarães,Espaço Oficina / Teatro Oficina,390,Unknown,,The New York pianist leads late-night improvisation sessions during Guimarães Jazz; 21:00.,One-off,https://www.nocartaz.pt/concelhos/guimaraes/,2026-09-23,
2026-11-12,2026-11-12,Toninho Horta Quarteto c/ Orquestra de Guimarães,,Local concert,Guimarães,Espaço Oficina / Teatro Oficina,390,Unknown,,The Brazilian jazz and MPB guitarist plays with the city orchestra; 21:30.,One-off,https://www.nocartaz.pt/concelhos/guimaraes/,2026-09-23,
2026-11-14,2026-11-14,Os Quatro e Meia,,Major concert,Guimarães,Multiusos de Guimarães,390,Unknown,,The Coimbra pop-folk band brings its singalong set to the arena; 21:30.,One-off,https://www.nocartaz.pt/concelhos/guimaraes/,2026-09-23,
2026-12-17,2026-12-17,Oficinas gratuitas — 10 anos do Curtir Ciência (Free Workshops),,Workshop,Guimarães,Centro Ciência Viva de Guimarães,390,Free,,Free hands-on science activities marking the science centre's tenth anniversary; from 10:00.,One-off,https://www.nocartaz.pt/concelhos/guimaraes/,2026-09-23,
2027-04-10,2027-04-10,Bárbara Tinoco,,Major concert,Guimarães,Multiusos de Guimarães,390,Unknown,,The young Portuguese pop star plays her hits in the arena; 21:30.,One-off,https://www.nocartaz.pt/concelhos/guimaraes/,2026-09-23,
2027-05-08,2027-05-08,Badoxa — 15 Anos de Carreira (15 Years),,Major concert,Guimarães,Multiusos de Guimarães,390,Unknown,,The Angolan-Portuguese kizomba singer marks fifteen years on stage; 21:30.,One-off,https://www.nocartaz.pt/concelhos/guimaraes/,2026-09-23,
2026-10-14,2026-10-14,vistacurta,,Cinema,Viseu,Teatro Viriato,270,Unknown,,"The theatre's short-film night, screening a selection of recent shorts; 21:00.",Monthly,https://www.nocartaz.pt/concelhos/viseu/,2026-09-23,
2026-10-24,2026-10-24,Tarta Relena,,Local concert,Viseu,Teatro Viriato,270,Unknown,,The Catalan duo sets ancient Mediterranean polyphony against electronics; 21:00.,One-off,https://www.nocartaz.pt/concelhos/viseu/,2026-09-23,
2026-11-08,2026-11-08,Tatabitato,,Family,Viseu,Teatro Viriato,270,Unknown,,"A theatre show for small children, played on Sunday mornings; 10:30.",One-off,https://www.nocartaz.pt/concelhos/viseu/,2026-09-23,
2026-12-06,2026-12-06,Tatabitato,,Family,Viseu,Teatro Viriato,270,Unknown,,"A theatre show for small children, played on Sunday mornings; 10:30.",One-off,https://www.nocartaz.pt/concelhos/viseu/,2026-09-23,
2026-12-12,2026-12-12,Camané,,Local concert,Viseu,Teatro Viriato,270,Unknown,,One of the leading male voices of contemporary fado in recital; 21:00.,One-off,https://www.nocartaz.pt/concelhos/viseu/,2026-09-23,
2026-09-24,2026-09-26,Conferência Internacional “Fazer a Paz com a Terra” (Making Peace with the Earth),,Heritage & talks,Arcos de Valdevez,Centro de Ciência Viva dos Arcos,440,Unknown,,"A three-day international conference on land, ecology and sustainable use of the mountains.",Annual,https://www.viralagenda.com/pt/viana-do-castelo,2026-09-23,
2026-09-24,2026-09-24,Concerto da Filarmónica Juvenil AMFV,,Local concert,Valença,Academia de Música Fortaleza de Valença,470,Unknown,,The music academy's youth wind band in concert inside the fortress town.,One-off,https://www.viralagenda.com/pt/viana-do-castelo,2026-09-23,
2026-09-25,2026-09-25,"“Bate Fado”, de Jonas & Lander",,Theatre & performance,Ponte de Lima,Teatro Diogo Bernardes,420,Unknown,,A dance piece that puts fado's rhythms and postures through contemporary choreography.,One-off,https://www.viralagenda.com/pt/viana-do-castelo,2026-09-23,
2026-09-26,2026-09-26,Camané,,Local concert,Ponte de Lima,Teatro Diogo Bernardes,420,Unknown,,A recital by one of the leading male voices of contemporary fado.,One-off,https://www.viralagenda.com/pt/viana-do-castelo,2026-09-23,
2026-09-25,2026-09-25,Ser Português de Norte a Sul,,Theatre & performance,Monção,Cine-Teatro João Verde,470,Unknown,,A touring stage revue on Portuguese customs and regional character.,One-off,https://www.viralagenda.com/pt/viana-do-castelo,2026-09-23,
2026-09-26,2026-09-26,"Santo António, o Casamenteiro de Lisboa",,Cinema,Monção,Cine-Teatro João Verde,470,Unknown,,A screening of the Portuguese comedy about Lisbon's matchmaking saint.,One-off,https://www.viralagenda.com/pt/viana-do-castelo,2026-09-23,
2026-09-25,2026-09-26,"Cinema: Santo António, o Casamenteiro de Lisboa",,Cinema,Caminha,Cineteatro dos Bombeiros de Vila Praia de Âncora,450,Unknown,,Two evening screenings of the Portuguese comedy about Lisbon's matchmaking saint.,One-off,https://www.viralagenda.com/pt/viana-do-castelo,2026-09-23,
2026-09-25,2026-09-27,Magia e Sedução 2: Segredos de Família,,Cinema,Arcos de Valdevez,Casa das Artes de Arcos de Valdevez,440,Unknown,,Three days of screenings of the Portuguese comedy sequel.,One-off,https://www.viralagenda.com/pt/viana-do-castelo,2026-09-23,
2026-09-26,2026-09-26,Félix & Smith — À Descoberta de Valdevez,,Family,Arcos de Valdevez,Espaço Valdevez,440,Unknown,,A children's discovery trail through the town led by two costumed characters.,One-off,https://www.viralagenda.com/pt/viana-do-castelo,2026-09-23,
2026-09-25,2026-09-25,Encontro de Jogos de Tabuleiro (Board Games Meet-up),,Community,Paredes de Coura,Caixa de Brinquedos,450,Unknown,,An open evening of board games for players of any level.,Monthly,https://www.viralagenda.com/pt/viana-do-castelo,2026-09-23,
2026-09-26,2026-09-26,My Name Is Nobody,,Local concert,Caminha,GRC Amigos de Seixas,450,Unknown,,The Portuguese folk-pop band plays the village association's hall in Seixas.,One-off,https://www.viralagenda.com/pt/viana-do-castelo,2026-09-23,
2026-09-26,2026-09-27,Dia Mundial do Turismo na Peneda (World Tourism Day),,Heritage & talks,Arcos de Valdevez,Santuário de Nossa Senhora da Peneda,445,Free,,Guided walks and open days at the mountain sanctuary to mark World Tourism Day.,Annual,https://www.viralagenda.com/pt/viana-do-castelo,2026-09-23,
2026-09-25,2026-09-27,Festa de São Carlo Acutis,,Community,Valença,Igreja Paroquial de Cerdal,470,Free,,A parish festa in Cerdal honouring the recently canonised Carlo Acutis.,Annual,https://www.viralagenda.com/pt/viana-do-castelo,2026-09-23,
2026-09-27,2026-09-27,Exílio em Manaus,Event,Theatre & performance,Odivelas,Centro Cultural da Malaposta,40,Unknown,,"A contemporary drama about loss and survival, touring to Malaposta after its Almada run.",One-off,https://www.nocartaz.pt/distrito/lisboa/teatro/,2026-09-24,
2026-09-27,2026-09-27,"Boa Noite, Mãe",Event,Theatre & performance,Odivelas,Centro Cultural da Malaposta,40,Unknown,,Portuguese staging of Marsha Norman's Pulitzer-winning drama about a mother and daughter's final night together.,One-off,https://www.nocartaz.pt/distrito/lisboa/teatro/,2026-09-24,
2026-09-28,2026-09-28,Estupenda,Event,Theatre & performance,Lisbon,Cossoul,45,Unknown,,Stand-up comedy night with a line-up of emerging Portuguese comedians.,One-off,https://www.nocartaz.pt/distrito/lisboa/teatro/,2026-09-24,
2026-09-25,2026-09-26,Oleanna,Event,Theatre & performance,Vila Franca de Xira,Teatro Estúdio Ildefonso Valério (Alverca),70,Unknown,,David Mamet's two-hander about power and accusation between a university professor and his student.,One-off,https://agenda.cm-vfxira.pt/calendario,2026-09-24,
2026-09-26,2026-09-27,Mostra de Cinema Português — 7.ª Edição,Event,Cinema,Vila Franca de Xira,Centro Cultural do Bom Sucesso (Alverca),70,Unknown,,Two-day showcase of recent Portuguese feature and short films.,Annual,https://agenda.cm-vfxira.pt/calendario,2026-09-24,
2026-10-24,2026-10-24,"Chá das 5 — ""Vamos Ver os Robertos""",Event,Family,Mafra,Complexo Cultural Quinta da Raposa,85,Unknown,,"Afternoon session introducing children to Portugal's centuries-old glove-puppet tradition, Teatro de Dom Roberto.",One-off,https://www.nocartaz.pt/concelhos/mafra/,2026-09-24,
2026-09-29,2026-09-29,Sessão Territórios de Cultura — Mapeamento Participativo,Event,Community,Funchal,Teatro Municipal Baltazar Dias (Salão Nobre),Island,Free,,Participatory mapping session bringing together artists and cultural professionals; registration required.,One-off,https://teatrobaltazardias.funchal.pt/,2026-09-24,
2026-10-01,2026-10-01,Treze Raios,Event,Local concert,Funchal,Teatro Municipal Baltazar Dias,Island,Paid,11,Guitar and vocal ensemble weaving Madeira's popular culture through door-to-door community testimonies.,One-off,https://teatrobaltazardias.funchal.pt/,2026-09-24,
2026-10-06,2026-10-06,Machina Mundi_in,Event,Local concert,Funchal,Teatro Municipal Baltazar Dias,Island,Paid,10,Contemporary music blending traditional Madeiran instruments with modern composition.,One-off,https://teatrobaltazardias.funchal.pt/,2026-09-24,
2026-10-14,2026-10-14,"Cazoada — ""Mulheres com História""",Event,Local concert,Funchal,Teatro Municipal Baltazar Dias,Island,Paid,10,Concert celebrating women's contributions to Madeira's traditional music through narrative and song.,One-off,https://teatrobaltazardias.funchal.pt/,2026-09-24,
2026-11-27,2026-12-05,Alice no País do... Teatro,Event,Family,Funchal,Teatro Municipal Baltazar Dias,Island,Paid,10,"Family theatre following Alice's discovery of an oppressive theatrical world, exploring the necessity of imagination.",One-off,https://teatrobaltazardias.funchal.pt/,2026-09-24,
2027-01-08,2027-01-09,Mãos Minhas,Event,Theatre & performance,Funchal,Teatro Municipal Baltazar Dias,Island,Paid,11,"Portuguese Sign Language performance through pop iconography, promoting Deaf culture.",One-off,https://teatrobaltazardias.funchal.pt/,2026-09-24,
